id,name,rarity,type,source,refresh,intro,relatedFurnish,relatedFood,label
0,北风之尾,5星,天赋培养素材,70级以上北风狼挑战奖励,每周,N/A,N/A,N/A,material
1,东风的吐息,5星,天赋培养素材,70级以上风魔龙挑战奖励,每周,"从蒙德的东风之主唤起的狂风中，采来的些许力量。它的身躯是优美而通透的，信风与龙卷都愿为它效力。只要乘风而行，风就是它的同伴、它的歌声与它的自由。而它的敌人，就是—千种名字各异的风的敌人。",N/A,N/A,每周,material
2,璀璨原钻,5星,角色培养素材,冒险等阶奖励,不定,角色突破素材。欢迎来到世界。,N/A,N/A,material
3,龙王之冕,5星,天赋培养素材,70级以上若陀龙王挑战奖励,每周,千年刚玉凝成的结晶之角，乃是龙王的天生冠冕。注之以精魄，塑之以顽岩。它自山涧而生，在群岩的国土彰示天地的威权，而黄金般的长角则是它在过去与某位君王分庭抗礼的标志。曾一度裂折失色，如今却在你的手中闪烁着冰冷的黄金光泽。,N/A,N/A,material
4,智识之冕,5星,天赋培养素材,版本活动奖励/供奉忍冬之树至11级获取/供奉神樱大树至一定等级获取,不定,提升天赋所需要的珍贵素材。远古时期，承载与传授智识所用的仪式器具。尽管如此，智慧居于言语及典籍中，但智识之冕中残存的力量与智慧仍能给如今的人们带来伟大的突破吧。,N/A,N/A,material
5,自在松石,5星,角色培养素材,N/A,每天,"但风向是会转变的。终有一天，会吹向更有光亮的方向。从今往后，带着我的祝福，活得更加从容一些吧。",N/A,N/A,material
6,哀叙冰玉,5星,角色培养素材,N/A,每天,"抱歉让你们一起和我背负了整个世界的哀思。你们既然能忍受我的苦寒，那心中一定都有炽烈的欲望吧？那么，替我燃烧旧世界吧。",N/A,N/A,material
7,雷光棱镜,4星,角色培养素材,N/A,每天,N/A,N/A,N/A,material
8,晶凝之华,4星,角色培养素材,N/A,每天,N/A,N/A,N/A,material
9,雷霆数珠,4星,角色培养素材,30级以上雷音权现掉落,每天,N/A,N/A,N/A,material
10,极寒之核,4星,角色培养素材,30级以上急冻树掉落,每天,"急冻树被击败后,裸露出的原核。其中蕴含着纯净的冰元素。在大地深处中奔涌的能量与思念终归会喷发。就连哀思般沉寂的寒霜，也会附着在地面上的生命形态当中;即使原本不该狩猎的生灵的藤蔓植物，也会变得庞大而凶悍吧。",N/A,N/A,material
11,未熟之玉,4星,角色培养素材,30级以上古岩龙蜥掉落,每天,"从古岩龙蜥处取来的结晶物质，蕴含着成为龙的可能性。沉眠在山岳中的龙蜥体内，会析出这种黯淡的晶石。璃月有坊间传说认为，力量随着年月积聚，而这种晶石最终会取代原本的心脏，而龙蜥也会成为真正的龙，撼动山岳、撕裂大地。",N/A,N/A,material
12,坚牢黄玉,5星,角色培养素材,N/A,每天,"大陆所流通的一切银钱皆是我的血肉。我在以这样的方式，为人类—切的汗水、智慧和未来做担保。这是我对众生的信任，辜负了它就是玷污了我的血。",N/A,N/A,material
13,璀璨原钻块,4星,角色培养素材,冒险等阶奖励,不定,角色突破素材。欢迎来到世界。,N/A,N/A,material
14,恒常机关之心,4星,角色培养素材,30级以上恒常机关阵列掉落,每天,驱使恒常机关阵列自律行动的核心。有人推测这种核心上的纹样当中以肉眼不可见的语言写上了智能与逻辑，也有人进一步认为这种特殊的遗迹机关因为格外庞大的核心与复杂的纹样，自发选择抛弃了生物的姿态，转而追求性能的强大。,N/A,N/A,material
15,常燃火种,4星,角色培养素材,30级以上炎爆树掉落,每天,N/A,N/A,N/A,material
16,涤净青金,5星,角色培养素材,合成获得/75级以上纯水精灵掉落,每天,"我的理想之内并没有一丝污浊。我要纠正你，在这里，人并不对神背负罪孽，能下达判决的只有法律与裁判庭。他们甚至连我也可以裁判。赞美我的崇高与纯洁吧。",N/A,N/A,material
17,魔偶机心,4星,角色培养素材,30级以上魔偶剑鬼掉落,每天,N/A,N/A,N/A,material
18,玄岩之塔,4星,角色培养素材,N/A,每天,N/A,N/A,N/A,material
19,最胜紫晶,5星,角色培养素材,N/A,每天,"此身即是尘世最为殊胜尊贵之身。应持天下之大权。此身曾许诺予臣民—梦，既是千世万代不变不移的[永恒]。",N/A,N/A,material
20,燃愿玛瑙,5星,角色培养素材,N/A,每天,角色突破素材。为了愿望而步上巡礼，为了最强之名而云聚争斗最后为了梦在劫火中燃尽。灰烬中如果留下了最初的心，那他就达成了最初的真实。,N/A,N/A,material
21,净水之心,4星,角色培养素材,30级以上纯水精灵掉落,每天,"纯水精灵留下的永远透彻的一掬水。即使溶在了湖泊中,它的纯净也不会被稀释吧。但高洁如此的纯水精灵，又是为何渴望着地上生灵的模样，以净水模拟成生物的姿态呢，即使不需要呼吸、也不需要进食",N/A,N/A,material
22,飓风之种,4星,角色培养素材,N/A,每天,N/A,N/A,N/A,material
23,阴燃之珠,4星,角色培养素材,N/A,每天,N/A,N/A,N/A,material
24,最胜紫晶块,4星,角色培养素材,N/A,每天,"此身即是尘世最为殊胜尊贵之身。应持天下之大权。",N/A,N/A,material
25,燃愿玛瑙块,4星,角色培养素材,合成获得/60级以上爆炎树掉落/60级以上北风狼挑战奖励,每天,角色突破素材。为了愿望而步上巡礼，为了最强之名而云聚争斗最后为了梦在劫火中燃尽。,N/A,N/A,material
26,风雅的哲学,4星,天赋培养素材,合成获得/活动获得/堇色之庭精通秘境,周二/周五/周日,N/A,N/A,N/A,material
27,石化的骨片,4星,角色培养素材,普通怪物掉落/合成获得/60级以上幼岩龙蜥掉落,每天,击败幼龙蜥后有时能找到的石化骨片。幼龙蜥都梦想着成长为真正的龙。会把古老的化石认作是龙之骨而加以珍惜，或许是因为希冀着龙的永恒与强大吧。,N/A,N/A,material
28,勤劳的哲学,4星,天赋培养素材,合成获得/活动获得/太山府精通秘境:深炎之底,周二/周五/周日,"岩之国土的根基是勤劳。勤劳即为相信自己，即为相信通过汗水、智慧与力量，在诸神的土地上，人人都可以拥有自己的一席之地。",N/A,N/A,material
29,自在松石块,4星,角色培养素材,N/A,每天,"但风向是会转变的。终有一天，会吹向更有光亮的方向。",N/A,N/A,material
30,雾虚灯芯,4星,角色培养素材,普通怪物掉落/合成获得/60级以上萤术士掉落,每天,将本就罕见的雾虚草集结成的束，会散发出幽晦的冥光;提着这种灯的人，则会召来飞萤与不幸。,N/A,N/A,material
31,哀叙冰玉块,4星,角色培养素材,N/A,每天,"抱歉让你们一起和我背负了整个世界的衰思。",N/A,N/A,material
32,诗文的哲学,4星,天赋培养素材,合成获得/活动获得/忘却之峡精通秘境:沉睡之国,周三/周六/周日,"风之国土的灵魂是诗文。诗文是传颂的心意。即使一切都将逝去，即使一切都将不再，随风而行的诗歌，仍会将此世间一切美好传遍天空、大地与海洋的一切角落。",N/A,N/A,material
33,混沌真眼,4星,角色培养素材,精英怪物掉落/遗迹机兵掉落,每天,来自不再活动的古代遗迹机关。这类机关的遗迹之名源自它们热衷的活动区域。但遗迹机关本身与它们所寄居的残垣断壁之间却没有多少共同之处。在遥远的过去，遗迹曾经属于伟大的、几乎可以触碰天空穹顶的文明，而遗迹则在大地的深处蓄势待发，等待着踏平一切国度的指令下达。,N/A,N/A,material
34,地脉的新芽,4星,角色培养素材,普通怪物掉落/合成获得/60级以上深渊法师掉落,每天,据说有一株巨木曾经贯彻了世界的各处;据说这枝是它的一部分。仿佛从未被人折下带到遥远的地表，仍然充满了勃发的生机，长出了新叶。,N/A,N/A,material
35,自由的哲学,4星,天赋培养素材,合成获得/活动获得/忘却之峡精通秘境:霜凝祭坛,周一/周四/周日,"风之国土的精神是自由。自由其三，是歌唱的自由，即是能在风之神塑造的美好土地上歌唱，让自己的心与歌一同随风而去的自由。",N/A,N/A,material
36,坚牢黄玉块,4星,角色培养素材,N/A,每天,"大陆所流通的一切银钱皆是我的血肉。我在以这样的方式，为人类—切的汗水、智慧和未来做担保。",N/A,N/A,material
37,璀璨原钻断片,3星,角色培养素材,冒险等阶奖励,不定,角色突破素材。欢迎来到世界。,N/A,N/A,material
38,涤净青金块,4星,角色培养素材,合成获得/60级以上纯水精灵掉落,每天,"我的理想之内并没有一丝污浊。我要纠正你，在这里，人并不对神背负罪孽.....",N/A,N/A,material
39,繁荣的哲学,4星,天赋培养素材,合成获得/活动获得/太山府精通秘境:炽炎祭场,周一/周四/周日,N/A,N/A,N/A,material
40,督察长祭刀,4星,角色培养素材,普通怪物掉落/合成获得/60级以上债务处理人掉落,每天,N/A,N/A,N/A,material
41,黄金的哲学,4星,天赋培养素材,合成获得/活动获得/太山府精通秘境:焚尽之环,周三/周六/周日,"岩之国土的象征是黄金。黄金是璃月的财富。但璃月真正的财富，是璃月的人们那如黄金般闪耀的心灵。",N/A,N/A,material
42,混沌炉心,4星,角色培养素材,普通怪物掉落/合成获得/60级以上遗迹守卫掉落/60级以上遗迹猎者掉落/60级以上遗迹重机掉落,每天,来自不再活动的古代遗迹构装体。曾经是驱动它活动的能源之心。若能理解、重构这样的神秘技术，或许能改变这个世界也说不定。,N/A,N/A,material
43,抗争的哲学,4星,天赋培养素材,合成获得/活动获得/忘却之峡精通秘境:冰封废渊,周二/周五/周日,"风之国士的脊梁是抗争。蒙德的历史即是抗争的历史。抗争是为了蒙德未来的诗文，也能自由地随着眷顾的风，传到远方。",N/A,N/A,material
44,黑晶号角,4星,角色培养素材,普通怪物掉落/合成获得/60级以上大体格丘丘人掉落,每天,隐隐反射着不祥光芒的金属号角，饰有材质不明的黑晶。几乎没有使用过，推测是丘丘人重要的仪式器具。,N/A,N/A,material
45,繁荣的指引,3星,天赋培养素材,合成获得/活动获得/太山府精通秘境:炽炎祭场,周一/周四/周日,"岩之国土的追求是繁荣。繁荣是璃月对它的子女的许诺:以繁荣回报勤劳者，以黄金照亮这片土地。",N/A,N/A,material
46,繁荣的教导,2星,天赋培养素材,活动获得/太山府精通秘境:炽炎祭场,周一/周四/周日,"岩之国土的追求是繁荣。繁荣是璃月的恩惠，是璃月的神与人共同建立的伟大城市，是璃月的大地安全和平的源泉。",N/A,N/A,material
47,隐兽利爪,3星,角色培养素材,40级以上兽境幼兽掉落/40级以上兽境猎犬掉落,每天,兽境群狼的身体组织。虽然奇妙，但是和大杰作腐殖层杜林相比，淋溶层猎犬不值一提。,N/A,N/A,material
48,隐兽指爪,2星,角色培养素材,兽境幼兽掉落/兽境猎犬掉落,每天,兽境群狼的残留身体组织。按照常理来说，这种与此世不容的事物不应在这种异常造物被驱逐后，残留于世才对。,N/A,N/A,material
49,水晶棱镜,3星,角色培养素材,精英怪物掉落/愚人众·冬国仕女掉落,每天,能够偏转光线的棱镜。利用这种棱镜，可以制造虚幻的影像。从某种意义而言，也因此有着操纵人心的力量。,N/A,N/A,material
50,黯淡棱镜,2星,角色培养素材,精英怪物掉落/愚人众·冬国仕女掉落,每天,原本是能偏转光线的棱镜，在流水般的年岁中渐渐变得黯淡。,N/A,N/A,material
51,混沌回路,3星,角色培养素材,普通怪物掉落/合成获得/40级以上遗迹守卫掉落/40级以上遗迹猎者掉落/40级以上遗迹重机掉落,每天,N/A,N/A,N/A,material
52,混沌装置,2星,角色培养素材,普通怪物掉落/遗迹守卫掉落/遗迹猎者掉落/遗迹重机掉落,每天,来自不再活动的古代遗迹构装体。曾经是维系它身躯的某个部位，有着精妙的工学美感。,N/A,N/A,material
53,黄金的指引,3星,天赋培养素材,合成获得/活动获得/太山府精通秘境:焚尽之环,周三/周六/周日,"岩之国土的象征是黄金。黄金意味着转换，这是璃月的岩山、大地、港城与人们的默契。在璃月，勤劳被转换为黄金，而黄金被转换为繁荣。",N/A,N/A,material
54,黄金的教导,2星,天赋培养素材,活动获得/太山府精通秘境:焚尽之环,周三/周六/周日,"岩之国土的象征是黄金。黄金是流淌在璃月土地深处的血液，是鼓动璃月的心脏有力搏动的肌肉，是让璃月傲然挺立的筋骨。",N/A,N/A,material
55,不祥的面具,3星,角色培养素材,普通怪物掉落/合成获得/60级以上丘丘人掉落/60级以上射手类丘丘人掉落/60级以上丘丘萨满人掉落/60级以上大体格丘丘人掉落,每天,N/A,N/A,N/A,material
56,抗争的指引,3星,天赋培养素材,合成获得/活动获得/忘却之峡精通秘境:冰封废渊,周二/周五/周日,"风之国土的脊梁是抗争。蒙德的历史即是抗争的历史。抗争是为了蒙德现在的人们能够拥有自由，正如风之神吹散冰雪，正如温妮莎奋起抗争。",N/A,N/A,material
57,塞西莉亚花,2星,蒙德区域特产,摘星崖采集,两天,名字与外形同等美丽的花朵，只生长在清冷而风急的高处，如同浪子一样真心难以触碰。,N/A,N/A,material
58,抗争的教导,2星,天赋培养素材,活动获得/忘却之峡精通秘境:冰封废渊,周二/周五/周日,"风之国土的脊梁是抗争。蒙德的历史即是抗争的历史。抗争是为了蒙德过去的一切抗争不被遗忘，如同草木突破土壤，如同恒风洞穿石墙。",N/A,N/A,material
59,天光的指引,3星,天赋培养素材,合成获得/活动获得/堇色之庭精通秘境:真葛废都,周三/周六/周日,"雷之国土的愿望是天光。即使晖光被重重雷云所掩盖，鸣神的国土之上，依旧有志士如云雀般突破雷光与天之怒海，追寻天光之迹，哪怕迎来冷酷的殛灭。",N/A,N/A,material
60,天光的教导,2星,天赋培养素材,活动获得/堇色之庭精通秘境:真葛废都,周三/周六/周日,N/A,N/A,N/A,material
61,黑铜号角,3星,角色培养素材,普通怪物掉落/合成获得/40级以上大体格丘丘人掉落,每天,金属制的魔物号角。通常只能从格外强壮的丘丘人身上获得/，因为鸣响号角是需要气力的事情。,N/A,N/A,material
62,沉重号角,2星,角色培养素材,普通怪物掉落/大体格丘丘人掉落,每天,粗砺的号角，是丘丘人用来警告同伴的道具。现在散布在号角上的战损使其失去了发声的功能。,N/A,N/A,material
63,最胜紫晶断片,3星,角色培养素材,N/A,每天,此身即是尘世最为殊胜尊贵之身。,N/A,N/A,material
64,最胜紫晶碎屑,2星,角色培养素材,N/A,每天,角色突破素材,N/A,N/A,material
65,燃愿玛瑙断片,3星,角色培养素材,合成获得/40级以上炎爆树掉落/40级以上北风狼挑战奖励,每天,角色突破素材。为了愿望而步上巡礼为了最强之名而云聚争斗,N/A,N/A,material
66,燃愿玛瑙碎屑,2星,角色培养素材,纪念品商店兑换炎爆树掉落/北风狼挑战奖励,每天,角色突破素材,N/A,N/A,material
67,攫金鸦印,3星,角色培养素材,普通怪物掉落/合成获得/60级以上盗宝团成员掉落,每天,"象征着盗宝团唯—-的原则与傲骨的微印。只要广袤的大地上、幽邃的深渊里、未知的海洋中仍有待发掘的秘宝，那么手段不论地征服宝藏的盗宝之魂，就永远不会熄灭。",N/A,N/A,material
68,风雅的指引,3星,天赋培养素材,合成获得/活动获得/堇色之庭精通秘境:初雷幽谷,周二/周五/周日,"雷之国土的姿容是风雅。风雅是不倨傲。风雅之人永远是谦虚的。只有消除虚荣与怠慢，才能明亮双眼，从哪怕最不堪入目的表象之下寻求美与雅致的真境。",N/A,N/A,material
69,风雅的教导,2星,天赋培养素材,活动获得/堇色之庭精通秘境:初雷幽谷,周二/周五/周日,"雷之国土的姿容是风雅。风雅是不谄媚。风雅之人永远是高贵的。正似只愿高飞与雷暴争鸣的海鹰;迎合鄙俗则恰如将花冠倒插泥淖，仅让尊严染上了污渍。",N/A,N/A,material
70,原素花蜜,3星,角色培养素材,普通怪物掉落/合成获得/60级以上骗骗花掉落,每天,"饱含能量的黏稠蜜汁。骗骗花欺瞒猎物是为了狩猎,而狩猎进食或许是为了进化成某种更强大、更纯粹的姿态吧",N/A,N/A,material
71,尉官的徽记,3星,角色培养素材,普通怪物掉落/合成获得/60级以上先遣队掉落/60级以上债务处理人掉落/60级以上雷莹术士掉落,每天,标识着尉官身份的徽记。愚人众拥有庞大的军(姆）队，能在其中担任尉官者，想必是有过人之处吧。,N/A,N/A,material
72,勤劳的教导,2星,天赋培养素材,活动获得/太山府精通秘境:深炎之底,周二/周五/周日,"岩之国士的根基是勤劳。勤劳即为通过人的努力，克服高山与大海，追求繁荣与黄金的勇气与力量。",N/A,N/A,material
73,自在松石断片,3星,角色培养素材,N/A,每天,但风向是会转变的。,N/A,N/A,material
74,自在松石碎屑,2星,角色培养素材,N/A,每天,角色突破素材,N/A,N/A,material
75,历战的箭簇,3星,角色培养素材,普通怪物掉落/合成获得/60级以上射手类丘丘人掉落,每天,"老旧的、沾染了干涸血迹的箭簇。箭头在反复的使用中已经失去了应有的锐利，根本不能作为武器使用。但它也代表着猎手的骄傲，是它们的护身符与奖章。",N/A,N/A,material
76,勤劳的指引,3星,天赋培养素材,合成获得/活动获得/太山府精通秘境:深炎之底,周二/周五/周日,"岩之国土的根基是勤劳。勤劳是是流传在璃月人血脉中的催化剂，能将岩石化为黄金，是伟大商港之所以为伟大商港的原因。",N/A,N/A,material
77,雾虚草囊,3星,角色培养素材,普通怪物掉落/合成获得/40级以上萤术士掉落,每天,保存完好的雾虚草，有的人会利用飞萤对雾虚草的喜好，来控制它们。,N/A,N/A,material
78,雾虚花粉,2星,角色培养素材,普通怪物掉落/萤术士掉落,每天,雾虚草在密闭空间中会产生的奇妙孢子，是飞萤喜好的食物。,N/A,N/A,material
79,哀叙冰玉断片,3星,角色培养素材,N/A,每天,『•••抱歉•••』,N/A,N/A,material
80,哀叙冰玉碎屑,2星,角色培养素材,N/A,每天,角色突破素材,N/A,N/A,material
81,史莱姆原浆,3星,角色培养素材,普通怪物掉落/合成获得/60级以上史莱姆掉落,每天,浓缩的史莱姆原浆，静置时会自主进行不规则运动。,N/A,N/A,material
82,诗文的指引,3星,天赋培养素材,合成获得/活动获得/忘却之峡精通秘境:沉睡之国,周三/周六/周日,"风之国土的灵魂是诗文。诗文是激励的心意。在黯淡的日子里，穿过巷道的风中低语着愤怒的诗文，如同战鼓，如同风暴前的低鸣。",N/A,N/A,material
83,诗文的教导,2星,天赋培养素材,活动获得/忘却之峡精通秘境:沉睡之国,周三/周六/周日,"风之国土的灵魂是诗文。诗文是美好的心意。在美好的日子里，吹拂原野的风中飘扬着田园诗、情诗，如和风拨动草叶般拨动人们的心。",N/A,N/A,material
84,混沌枢纽,3星,角色培养素材,精英怪物掉落/遗迹机兵掉落,每天,N/A,N/A,N/A,material
85,混沌机关,2星,角色培养素材,精英怪物掉落/遗迹机兵掉落,每天,来自不再活动的古代遗迹机关。似乎是拟生机关的动力来源。,N/A,N/A,material
86,地脉的枯叶,3星,角色培养素材,普通怪物掉落/合成获得/40级以上深渊法师掉落,每天,来自深邃地底的植物枝条。即使远离它的原主，其中也残留着低沉脉动的力量。,N/A,N/A,material
87,地脉的旧枝,2星,角色培养素材,普通怪物掉落/深渊法师掉落,每天,来自深邃地底的脆弱枯枝。即使饱经岁月，也能从斑驳的树皮下，看出尚未散尽的力量。,N/A,N/A,material
88,自由的指引,3星,天赋培养素材,合成获得/活动获得/忘却之峡精通秘境:霜凝祭坛,周一/周四/周日,"风之国土的精神是自由。自由其二，是漫游的自由，即是能在苍翠的土地上自由地通行，而不受阻挠的自由。",N/A,N/A,material
89,自由的教导,2星,天赋培养素材,活动获得/忘却之峡精通秘境:霜凝祭坛,周一/周四/周日,"风之国土的精神是自由。自由其一，是生存的自由，即是能健全、健康地生活，而不必担心朝不保夕的自由。",N/A,N/A,material
90,浮世的指引,3星,天赋培养素材,合成获得/活动获得/堇色之庭精通秘境:堇染之国,周一/周四/周日,"雷之国土的梦想是浮世。。浮世之难求乃是人之美的价值所在。人之在世岂不与雷影相似?意欲追逐掇取则遥踞云端，灯火阑珊的静谧之时却不期而来。",N/A,N/A,material
91,浮世的教导,2星,天赋培养素材,活动获得/堇色之庭精通秘境:堇染之国,周一/周四/周日,"雷之国土的梦想是浮世。。浮世之荣华乃是人之美的最高体现。人之在世岂不与疾电相类?如美梦或花火般浮华-瞬，在永恒的夜幕中留下绚烂的印记。",N/A,N/A,material
92,坚牢黄玉断片,3星,角色培养素材,N/A,每天,大陆所流通的一切银钱皆是我的血肉。,N/A,N/A,material
93,坚牢黄玉碎屑,2星,角色培养素材,N/A,每天,角色突破素材,N/A,N/A,material
94,名刀镡,3星,角色培养素材,普通怪物掉落/野伏众掉落,每天,装配在名刀上的华美护具。有人坚信刀剑有灵魂、有生命，这也是为什么人们会为刀起名。爱护刀的人，也会得到刀的赏识。但与刀剑成为挚友、甚至爱人的人，须知这份情义是由杀伐浇灌的。常常浴血、与刀共舞之人，他们的热血最终总会被薄情的钢铁冷却。,N/A,N/A,material
95,璀璨原钻碎屑,2星,角色培养素材,冒险等阶奖励,不定,角色突破素材。欢迎来到世界。,N/A,N/A,material
96,结实的骨片,3星,角色培养素材,普通怪物掉落/合成获得/40级以上幼岩龙蜥掉落,每天,出于某种理由，幼龙蜥十分珍惜的某种生物骨片。,N/A,N/A,material
97,脆弱的骨片,2星,角色培养素材,普通怪物掉落/幼岩龙蜥掉落,每天,"从幼岩龙蜥身上找到的某种骨片。尽管十分脆弱，其中似乎蕴含着某种难以言喻的力量。",N/A,N/A,material
98,禁咒绘卷,3星,角色培养素材,普通怪物掉落/合成获得/60级以上丘丘萨满掉落,每天,绘制着古代形象的古书抄本。鲜有人能解读它的含义;据说最终理解了其中真意的学者最终都陷入了癫狂。,N/A,N/A,material
99,特工祭刀,3星,角色培养素材,普通怪物掉落/合成获得/40级以上债务处理人掉落,每天,N/A,N/A,N/A,material
100,猎兵祭刀,2星,角色培养素材,普通怪物掉落/债务处理人掉落,每天,某种锋利的合金武具。即便失去了原本的主人仍反射着令人不安的寒光。,N/A,N/A,material
101,涤净青金断片,3星,角色培养素材,合成获得/40级以上纯水精灵掉落,每天,我的理想之内并没有一丝污浊。,N/A,N/A,material
102,涤净青金碎屑,2星,角色培养素材,纪念品商店兑换纯水精灵掉落,每天,角色突破素材,N/A,N/A,material
103,藏银鸦印,2星,角色培养素材,普通怪物掉落/合成获得/40级以上盗宝团成员掉落,每天,N/A,N/A,N/A,material
104,琉璃袋,1星,璃月区域特产,璃月山壁采集不卜庐阿桂处购买望舒客栈菲尔戈黛特处购买,两天,拥有旺盛生命力的小花，传说朝下盛开的花姿是为了守住它的香气。,N/A,水煮黑背鲈万民堂水煮鱼岩港三鲜,material
105,绝云椒椒,1星,璃月区域特产,推荐：轻策庄采摘,两天,璃月地方特产的辛辣植物。只要闻到它的味道，身体就会变得炽热，渴求水分。,N/A,翡玉什锦袋辣肉窝窝头水煮黑背鲈轻策农家菜万民堂水煮鱼绝云锅巴兽肉薄荷卷香嫩椒椒鸡摇·滚·鸡！凉拌薄荷爆炒肉片炝炒肉片,material
106,寻宝鸦印,1星,角色培养素材,普通怪物掉落/盗宝团成员掉落,每天,N/A,N/A,N/A,material
107,微光花蜜,2星,角色培养素材,普通怪物掉落/合成获得/40级以上骗骗花掉落,每天,N/A,N/A,N/A,material
108,骗骗花蜜,1星,角色培养素材,普通怪物掉落/骗骗花掉落,每天,从花蕊中提取出的花蜜，其中含有元·素。尝起来和甜甜花的味道有些微妙地相似。,N/A,N/A,material
109,晶化骨髓,1星,稻妻区域特产,稻妻采集,两天,蕴含着祟神力量的晶体。冶炼时加入这种物质的话，能极大地提高钢铁制品的强度与韧性。,N/A,N/A,material
110,风车菊,1星,蒙德区域特产,风起地七天神像附近采集野外树下采集推荐：风龙废墟采集,两天,喜好风的植物。对于崇信风、本身也如风一般爽朗自在的蒙德人而言，风车菊便是看得见的风,N/A,N/A,material
111,浮游幽核,2星,角色培养素材,普通怪物掉落/合成获得/40级以上飘浮灵掉落,每天,"能让飘浮灵浮游的能量核。这种元素生物似乎有奇异的习性，会周期性大量涌现、消失。",N/A,N/A,material
112,浮游干核,1星,角色培养素材,普通怪物掉落/飘浮灵掉落,每天,"能让飘浮灵浮游的能量核，其中含有些微的元素。大部分的能量似乎已经逸散了。",N/A,N/A,material
113,落落莓,1星,蒙德区域特产,望风山地采集,两天,饱满透亮的莓果，在口中绽放出清甜的花香。在过去，守望风暴的人仅有的慰藉便是落落莓的甜蜜与城市安宁的希望。,N/A,N/A,material
114,牢固的箭簇,1星,角色培养素材,普通怪物掉落/射手类丘丘人掉落,每天,做工粗糙的箭簇。即使如此，也不容小觑:弩是危险的武器，即使贵为骑士，也可能被从后方来的弩矢击倒。,N/A,N/A,material
115,锐利的箭簇,2星,角色培养素材,普通怪物掉落/合成获得/40级以上射手类丘丘人掉落,每天,做工精良的箭簇。锐利的尖端或许能像投石入水一样轻易穿透敌人的甲胄，没入猎物的体内。,N/A,N/A,material
116,钩钩果,1星,蒙德区域特产,奔狼领采集,两天,带着钩刺的莓果，会挂在狼的毛皮上来迁徙。看见它时，仿佛能听见狼的凄嚎在林间回荡,N/A,N/A,material
117,珊瑚真珠,1星,稻妻区域特产,稻妻采集,两天,与海衹的珊瑚相伴而生的宝珠，散发着月光般的丝丝凉意。,N/A,N/A,material
118,天云草实,1星,稻妻区域特产,稻妻采集/清籁岛采集,两天,生长在清籁岛的天云草结成的果实，贴在耳畔能听见微弱的电流声。,N/A,N/A,material
119,鸣草,1星,稻妻区域特产,稻妻采集/稻妻城商店购买,两天,N/A,N/A,N/A,material
120,夜泊石,1星,璃月区域特产,璃月山洞内采集/璃月港解翠行老板石头处购买/明蕴镇采集璃月港解翠行老板石头处购买,两天,稀有的特质矿石，在静谧的暗夜里会幽幽地发光。据称是天地间奔流的元素在异变中凝聚成的珍奇宝石。,N/A,N/A,material
121,星螺,1星,璃月区域特产,璃月海滩采集,两天,随着海潮来到沙滩上的螺。将耳朵凑近空壳，能听见海充满思念的呼唤。,N/A,N/A,material
122,鬼兜虫,1星,稻妻区域特产,稻妻采集,两天,栖息在雷元素富集区的奇异甲虫。与甲壳上宛如怒目而视的恶鬼之恰恰相反，鬼兜虫其实非常温顺迟钝。,N/A,N/A,material
123,蒲公英籽,1星,蒙德区域特产,蒙德城门采集）,两天,随风而行的细小种子。即使拔去了旅行的羽絮，其中也寄宿着远方的希望吧。,N/A,N/A,material
124,士官的徽记,2星,角色培养素材,普通怪物掉落/合成获得/40级以上先遣队掉落/40级以上债务处理人掉落/40级以上雷莹术士掉落,每天,标识着士官身份的徽记，有着区分一般士兵的奇异造型。其中或许蕴含复杂的情绪吧。,N/A,N/A,material
125,破旧的刀镡,1星,角色培养素材,普通怪物掉落/野伏众掉落,每天,装配在稻妻刀剑上的护具，见证过许多战斗对剑术纯熟者而言，镡可以在实战中阻挡对手的刀刃;而对于新手剑士，镡是保护自己右手的关键。,N/A,N/A,material
126,新兵的徽记,1星,角色培养素材,普通怪物掉落/先遣队掉落/债务处理人掉落/雷萤术士掉落,每天,标识着新兵身份的徽记。不知曾经带着它的人，是怀着何种心情加入愚人众的战争机器呢？,N/A,N/A,material
127,影打刀镡,2星,角色培养素材,普通怪物掉/落野伏众掉落,每天,装配在优秀刀剑上的护具。稻妻有悠久的刀剑锻冶传统。匠人锻造一把刀时，常常会制造数柄样品，从中甄选。其中最为优秀的作品是为真打，而其余的则被称为影打。,N/A,N/A,material
128,绯樱绣球,1星,稻妻区域特产,稻妻采集,两天,从鸣神大社的神樱上飘落的花瓣，怀着稻妻大地的眷顾。,N/A,绯樱饼三彩团子红炉一点雪绯樱天妇罗夏祭游鱼,material
129,清心,1星,璃月区域特产,石林顶端采集/绝云间采集/孤云阁采集/不卜庐购买,两天,只生长在孤高石峰的通透白花。不愿接受平原的温暖与湿润，宁可在清冷的尖峰眺望远方。,N/A,天枢肉,material
130,封魔绘卷,2星,角色培养素材,普通怪物掉落/合成获得/40级以上丘丘人萨满掉落,每天,模糊地绘制了难解形象的古书断章。通过模仿其中的人物形象，一些魔物能小小地再现魔法的奇迹。,N/A,N/A,material
131,导能绘卷,1星,角色培养素材,普通怪物掉落/丘丘萨满掉落,每天,大抵是某种关于魔法的绘卷残篇。隐隐地散发着某种异样的、不详的温暖。,N/A,N/A,material
132,慕风蘑菇,1星,蒙德区域特产,蒙德城采集/清泉镇采集/晨曦酒庄采集/风起地小女孩处购买,两天,沐浴着和煦的风而生长的菌类，与风一样生生不息，滋养生命。,N/A,N/A,material
133,血斛,1星,稻妻区域特产,稻妻采集,两天,在诗文中也被称为赤蕊的鲜艳植物，一度在稻妻列岛绝迹，如今在战场上再度重现。传说在血腥的战场上，它们开得格外妖艳。,N/A,N/A,material
134,琉璃百合,1星,璃月区域特产,/轻策庄磨坊主小白处购买/璃月港玉京台采集推荐/轻策庄采集,两天,极为古老的花卉。据说曾经遍布璃月大地，能将大地的记忆积攒成花期时的芬芳。,N/A,N/A,material
135,石珀,1星,璃月区域特产,璃月山壁下采集/璃月港商人长顺处购买/琥牢山采集,两天,极纯的岩元素凝成的珍稀晶石，常与其他矿物伴生。也被称为岩之心。,N/A,N/A,material
136,嘟嘟莲,1星,蒙德区域特产,清泉镇采集,两天,生长在水边的花。花瓣经过烹制口感爽脆，清甜微苦。,N/A,嘟嘟莲海鲜羹极致一钓,material
137,小灯草,1星,蒙德区域特产,奔狼领采集/低语森林采集,两天,在夜间会隐隐散发辉光的野花。与其他食材一同烹饪能提升鲜味。,N/A,蒙德往事堆高高黄油煎鱼林之梦,material
138,海灵芝,1星,稻妻区域特产,海岛采集,两天,在某些特殊的海域中、岛屿上才会生长的特殊物种。虽然外形看起来像菌类，但其实是由软体生物分泌增生而成的。,N/A,N/A,material
139,污秽的面具,2星,角色培养素材,普通怪物掉落/合成获得/40级以上丘丘人掉落/40级以上射手类丘丘人掉落/40级以上丘丘萨满掉落/40级以上大体格丘丘人掉落,每天,"沾满了难以辨认的污渍，散发着微妙气味的骨质面具。即使这样也要戴在脸上，这就是丘丘人的执着。",N/A,N/A,material
140,破损的面具,1星,角色培养素材,普通怪物掉落/丘丘人掉落/射手类丘丘人掉落/丘丘萨满掉落/大体格丘丘人掉落,每天,"破碎的骨质面具，曾经属于某个丘丘人。破损的部分比完整的部分更多，已经失去了假面应有的功能。",N/A,N/A,material
141,史莱姆清,2星,角色培养素材,普通怪物掉落/合成获得/40级以上史莱姆掉落,每天,"略加提纯的史莱姆分泌物，对皮肤有害,请务必避免不加防护措施的接触。",N/A,N/A,material
142,史莱姆凝液,1星,角色培养素材,普通怪物掉落/史莱姆掉落,每天,覆于史莱姆体表的浓稠流体，各地元素工坊中最常见的原料。,N/A,N/A,material
143,霓裳花,1星,璃月区域特产,璃月港附近采集/玉京台附近采集/望舒客栈附近采集/望舒客栈菲尔戈黛特处购买/轻策庄磨坊主小白处购买,两天,在璃月如霓云般盛放的妖红之花，能制成如水般顺滑的织物。,N/A,N/A,material
