id,name,rarity,baseProperty1,baseProperty2,intro,skillname,skillDesc,obtain,tag,label
0,N/A,1,N/A,基础攻击力23,少年人的梦想，踏上旅途的兴奋——如果这两种珍贵的品质还不够锋利，那就用勇气补足吧。,N/A,N/A,初始武器赠送、宝箱、商店购买,N/A,weapon
1,薙草之稻光,5,元素充能效率12.0%,基础攻击力46,用于「斩草」的薙(tì)刀。对向此物之军势，也会如苇草般倒下吧…,非时之梦·常世灶食,攻击力获得提升(基础攻击力x百分比+人物面板攻击)，提升程度相当于元素充能效率超出100%部分的28%/35%/42%/49%/56%，至多通过这种方式提升80%/90%/100%/110%/120%。施放元素爆发后的12秒内，元素充能效率提升30%/35%/40%/45%/50%。,限定祈愿,元素充能效率、攻击力,weapon
2,贯虹之槊,5,攻击力10.8%,基础攻击力46,或许能贯穿一切的锋利长枪。挥舞当中，仿佛能见到空气被枪划破的裂痕。,金璋皇极,护盾强效提升20%/25%/30%/35%/40%。攻击命中后的8秒内，攻击力提升4%/5%/6%/7%/8%。该效果至多可叠加5层，每0.3秒只能触发一次。此外，处于护盾庇护下时，该效果的攻击力提升效果提高100%。,限定祈愿,护盾强效、攻击力、层数叠加、护盾庇护,weapon
3,天空之脊,5,元素充能效率8%,基础攻击力48,象征风龙坚定决心的长枪。直挺的枪杆直指天穹，蕴含苍空与长风的力量,斫断黑翼的利齿,"暴击率提升8%/10%/12%/14%/16%， 普通攻击速度提升12%, 此外，普通攻击与重击命中敌人时，有50%概率触发真空刃，在小范围内造成额外40%/55%/70%/85%/100%攻击力的伤害。该效果每2秒至多触发一次。",祈愿,暴击率、攻击速度、额外伤害,weapon
4,和璞鸢,5,暴击率4.8%,基础攻击力48,魔神翡玉化作的长枪，拥有刺杀远古海兽的沉重与锋利。,昭理的鸢之枪,命中敌人时自身攻击力提高3.2%/3.9%/4.6%/5.3%/6%，持续6秒，最高可以叠加7层。该效果每0.3秒最多触发一次。满层状态时伤害提升12%/15%/18%/21%/24%。,祈愿,层数叠加、攻击力、伤害加成,weapon
5,护摩之杖,5,暴击伤害14.4%,基础攻击力46,在早已失落的古老祭仪中，使用的朱赤「柴火杖」。,N/A,生命值提升20%/25%/30%/35%/40%。此外，提供基于装备该武器的角色生命值上限的0.8%/1%/1.2%/1.4%/1.6%，获得攻击力加成。当装备该武器的角色生命值低于50%时，进一步获得1%/1.2%/1.4%/1.6%/1.8%最大生命值上限的攻击力提升。,限定祈愿,生命值、攻击力、自身限制,weapon
6,西风长枪,4,元素充能效率6.7%,基础攻击力44,西风骑士团的制式长枪。枪杆直挺，枪尖轻风流溢。,顺风而行,攻击造成暴击时，有60%/70%/80%/90%/100%的几率产生少量元素微粒，能为角色恢复6点元素能量。该效果每12/10.5/9/7.5/6秒只能触发一次。,祈愿,能量回复、自身限制,weapon
7,宗室猎枪,4,攻击力6.0%,基础攻击力44,N/A,专注,"攻击造成伤害时，暴击率提升8%/10%/12%/14%/16%,最多堆叠5次。攻击造成暴击后，移除已有的专注效果。",商城兑换,N/A,weapon
8,龙脊长枪,4,物理伤害加成15.0%,基础攻击力41,利用龙之牙制成的长枪，有着奇异的温暖触感。,霜葬,普通攻击与重击命中敌人时，有60%/70%/80%/90%/100%概率在敌人上方生成恒冰晶核并坠落，造成80%/95%/110%/125%/140%攻击力的范围伤害。若敌人处于冰元素影响下，则造成200%/240%/280%/320%/360%攻击力的伤害。该效果每10秒至多触发一次。,锻造、任务,额外伤害、冰,weapon
9,决斗之枪,4,暴击率8.0%,基础攻击力41,N/A,角斗士,身边至少有2个敌人时，获得16%/20%/24%/28%/32%攻击力提升与16%/20%/24%/28%/32%防御力提升；身边的敌人少于2个时，获得24%/30%/36%/42%/48%攻击力提升。,纪行,对象限制、攻击力、防御力,weapon
10,流月针,4,物理伤害加成7.5%,基础攻击力44,枪尖狭长，尾部分出半月刀刃的异国兵器，经由商路流落到璃月。稍事练习掌握，便有极其出众的杀伤力。,注能之针,获得元素微粒或元素晶球后的5秒内，普通攻击和重击额外造成20%/25%/30%/35%/40%攻击力伤害。,锻造,额外伤害,weapon
11,喜多院十文字,4,元素精通24,基础攻击力44,曾经在八酝岛守望「祟神」的枪法名士所用的特殊长枪。,名士振舞,元素战技造成的伤害提升6%/7.5%/9%/10.5%/12%。元素战技命中后，角色流失3点元素能量，并在此后的6秒内，每2秒恢复3/3.5/4/4.5/5点元素能量。该效果每10秒至多触发一次，角色处于队伍后台也能触发。,锻造、完成远吕羽氏遗事可获得锻造图纸,元素充能、元素精通,weapon
12,黑岩刺枪,4,暴击伤害12.0%,基础攻击力42,以黑岩与陨铁铸成的兵器，玄锋清凛的光泽中仿佛隐隐可见血色。,乘胜追击,击败敌人后，攻击力提升12%/15%/18%/21%/24%，持续30秒。该效果至多叠加3层，每层持续时间独立。,商城兑换,对象限制、层数叠加,weapon
13,试作星镰,4,元素充能效率10.0%,基础攻击力42,黑岩厂中秘藏的古老钩枪。锋芒上的点点闪光有如夜空稀星。,嗜魔,施放元素战技后，普通攻击和重击造成的伤害提高8%/10%/12%/14%/16%。该效果持续12秒，最多叠加2层。,锻造,层数叠加、普通攻击、重击,weapon
14,千岩长枪,4,攻击力6.0%,基础攻击力44,N/A,千岩诀·同心,队伍中每有一位璃月角色，装备该武器的角色便获得7%/8%/9%/10%/11%攻击力提升与3%/4%/5%/6%/7%暴击率提升。至多获得4层提升效果。,限定祈愿,攻击力、暴击率,weapon
15,「渔获」,4,元素充能效率10.0%,基础攻击力42,在久远的过去，曾经闻名稻妻的大盗爱用的枪。,船歌,元素爆发造成的伤害提升16%/20%/24%/28%/32%，元素爆发的暴击率提升6%/7.5%/9%/10.5%/12%。,npc商店、稻妻钓鱼协会兑换,元素爆发、暴击率,weapon
16,匣里灭辰,4,元素精通48,基础攻击力41,N/A,踏火止水,对于处于水元素或火元素影响下的敌人，造成的伤害提高20%/24%/28%/32%/36%。,祈愿,伤害加成、水、火,weapon
17,黑缨枪,3,生命值10.2%,基础攻击力38,解决了白缨容易弄脏问题的绝世好枪。,克柔,对史莱姆类敌人造成的伤害增加40%/50%/60%/70%/80%。,祈愿,对象限制、伤害加成,weapon
18,白缨枪,3,暴击率5.1%,基础攻击力39,N/A,锐利,普通攻击造成的伤害提升24%/30%/36%/42%/48%。,宝箱、宝箱（璃月）,普通攻击,weapon
19,钺矛,3,攻击力5.1%,基础攻击力40,在矛上增加斧刃的兵器，有不俗的破坏力。是千岩军军官青睐的武器。,沉重,对普通攻击命中的敌人造成160%/200%/240%/280%/320%攻击力的额外伤害。该效果每10秒只能触发一次。,宝箱,额外伤害,weapon
20,铁尖枪,2,N/A,基础攻击力33,一头有尖，可攻可守的护身武器。在旅者中非常流行。,N/A,N/A,宝箱、商店购买,N/A,weapon
21,新手长枪,1,N/A,基础攻击力23,笔直得像旗杆一般的长枪，挥舞起来颇具气势。足以应付大多数情况。,N/A,N/A,初始武器赠送、宝箱、商店购买,N/A,weapon
22,四风原典,5,暴击率7.2%,基础攻击力46,N/A,N/A,移动速度提高10%；在场上每4秒获得8%/10%/12%/14%/16%元素伤害加成。该效果最多叠加4层，角色倒下或离场后清空。,祈愿,移动速度、元素伤害、层数叠加,weapon
23,不灭月华,5,生命值10.8%,基础攻击力46,出自深海的美玉之环，闪烁着清澈如月的光泽，一如遥远往昔。,白夜皓月,治疗加成提升10%/12.5%/15%/17.5%/20%；普通攻击造成的伤害增加，增加值为装备该武器的角色生命值上限的1%/1.5%/2%/2.5%/3%。在施放元素爆发后的12秒内，普通攻击命中敌人时恢复0.6点元素能量，每0.1秒至多通过这种方式恢复一次元素能量。,限定祈愿,普通攻击、能量回复、生命值、治疗加成,weapon
24,尘世之锁,5,攻击力10.8%,基础攻击力46,N/A,金璋皇极,护盾强效提升20%/25%/30%/35%/40%。攻击命中后的8秒内，攻击力提升4%/5%/6%/7%/8%。该效果至多可叠加5层，每0.3秒只能触发一次。此外，处于护盾庇护下时，该效果的攻击力提升效果提高100%。,限定祈愿,攻击力、护盾强效、层数叠加、护盾庇护,weapon
25,天空之卷,5,攻击力7.2%,基础攻击力48,象征风龙与其主风之神的云图集。细致记载了北地天空的风与云，蕴含苍空与长风的力量。,浮游四方的灵云,元素伤害加成提升12%/15%/18%/21%/24%；普通攻击命中时，有50%的概率获得高天流云的青睐，在15秒内主动攻击附近的敌人，造成等同于160%/200%/240%/280%/320%攻击力的伤害。该效果每30秒只能触发一次。（备注：快照锁面板，攻击6次，多本书可叠加）,祈愿,攻击力、元素伤害、额外伤害,weapon
26,暗巷的酒与诗,4,元素充能效率6.7%,基础攻击力44,N/A,变化万端,普通攻击命中敌人后，冲刺或替代冲刺的能力消耗的体力降低14%/16%/18%/20%/22%，持续5秒。此外，使用冲刺或替代冲刺的能力后，攻击力提升20%/25%/30%/35%/40%，持续5秒。,限定祈愿,体力减免、攻击力,weapon
27,嘟嘟可故事集,4,攻击力12%,基础攻击力41,N/A,嘟嘟！大冒险,"普通攻击命中敌人后的6秒内，重击造成的伤害提升16/20/24/28/32%;
重击命中敌人后的6秒内，攻击力提升8/10/12/14/16%。",活动,重击、攻击力,weapon
28,万国诸海图谱,4,元素精通24,基础攻击力44,详尽记载了大陆周边海流气候的海图，是从异国经由商路流落到璃月的奇异典籍。,注能之卷,触发元素反应后的10秒内，获得8%/10%/12%/14%/16%元素伤害加成，该效果最多可叠加2层,锻造,元素伤害、层数叠加,weapon
29,昭心,4,攻击力12.0%,基础攻击力41,幽暗的琉璃宝珠，传说中拥有洞察人心清白的力量。,回响,普通攻击与重击命中时，有50%几率发射一枚昭心法球，造成240%/270%/300%/330%/360%攻击力伤害，至多在敌人之间弹射4次。该效果每12/11/10/9/8秒至多触发一次。,祈愿,额外伤害,weapon
30,白辰之环,4,元素充能效率6.7%,基础攻击力44,N/A,樱之斋宫,N/A,锻造、完成[影向祓fú行]可获得锻造图纸,雷、元素反应、伤害加成,weapon
31,黑岩绯玉,4,暴击伤害12.0%,基础攻击力42,N/A,乘胜追击,击败敌人后，攻击力提升12%/15%/18%/21%/24%，持续30秒。该效果至多叠加3层，每层持续时间独立。,商城兑换,对象限制、层数叠加,weapon
32,祭礼残章,4,元素精通48,基础攻击力41,N/A,气定神闲,元素战技造成伤害时，有40%/50%/60%/70%/80%的概率重置该技能的冷却时间，该效果每30/26/22/19/16秒只能触发1次。,祈愿,元素战技,weapon
33,试作金珀,4,生命值9.0%,基础攻击力42,黑岩厂中秘藏的金珀法器。其中黯黯绽放着日月星光。,炊金,施放元素爆发后6秒内，每2秒恢复4/4.5/5/5.5/6点元素能量，队伍中的所有角色每2秒恢复4%/4.5%/5%/5.5%/6%生命值。,锻造,能量回复、生命回复,weapon
34,忍冬之果,4,攻击力9.0%,基础攻击力42,具有某种冰冷意志的奇特果实，散发着微弱的苦涩气息。,霜葬,普通攻击与重击命中敌人时，有60%/70%/80%/90/100%概率在敌人上方生成恒冰晶核并坠落，造成80%/95%/110%/125%/140%攻击力的范围伤害。若敌人处于冰元素影响下，则造成200%/240%/280%/320%/360%攻击力的伤害。该效果每10秒至多触发一次。,锻造,额外伤害、冰,weapon
35,西风秘典,4,元素充能效率10.0％,基础攻击力42,西风骑士团的学者间流传的秘典，记载着元素与物质的道理和力量。,顺风而行,攻击造成暴击时，有60％/70％/80％/90％/100％的几率产生少量元素微粒，能为角色恢复6点元素能量。该效果每12/10.5/9/7.5/6秒只能触发一次,祈愿,能量回复、自身限制,weapon
36,匣里日月,4,暴击率6.0%,基础攻击力42,材质难解的暗金宝珠，饱含日月天地的光辉，脉动着温暖的力量。,日月辉,普通攻击命中后的6秒内，元素战技与元素爆发的伤害提高20%/25%/30%/35%/40%；元素战技与元素爆发命中后的6秒内，普通攻击的伤害提高20%/25%/30%/35%/40%。,纪行,元素战技、元素爆发、普通攻击,weapon
37,流浪乐章,4,暴击伤害12.0％,基础攻击力42,记载着歌谱的厚重记事簿。尽管遭受了虫蛀和风化，残留的手迹仍透露出力量,登场乐,角色登场时，随机获得一个主题曲，持续10秒。每30秒只能触发一次。宣叙调：攻击力提升60%/75%/90%/105%/120%；咏叹调：全元素伤害提升48%/60％/72%/84%/96%；间奏曲：元素精通提升240/300/360/420/480。,祈愿,攻击力、元素伤害、元素精通,weapon
38,宗室秘法录,4,攻击力6.0%,基础攻击力44,属于曾支配蒙德的贵族麾下的宫廷魔导师，其中记载的史话与法术同样翔实。,专注,攻击造成伤害时，暴击率提升8%/10%/12%/14%/16%，最多堆叠5次。攻击造成暴击后，移除已有的专注效果。,商城兑换,暴击率、层数叠加,weapon
39,异世界行记,3,元素充能效率8.5%,基础攻击力39,廉价的幻想小说，不具备参考价值。作为法器的力量当然也来自幻想。,能量沐浴,获得元素微粒或元素晶球时，恢复1%/1.25%/1.5%/1.75%/2%生命值。,宝箱、（蒙德区域宝箱）,生命回复,weapon
40,讨龙英杰谭,3,生命值7.7%,基础攻击力39,五名英雄踏上屠龙征途的虚构故事。文笔很差，结构散乱。失败的教训是这本书所拥有的伟大力量。,传承,主动切换角色时，新登场的角色攻击力提升24%/30%/36%/42%/48%，持续10秒。该效果每20秒只能触发一次。,祈愿,攻击力,weapon
41,魔导绪论,3,元素精通41,基础攻击力38,第十二版。结合时代发展加注了新内容，并修订了第十一版的错别字。,止水息雷,对处于水元素或雷元素影响下的敌人，造成的伤害提高12%/15%/18%/21%/24%.,祈愿,水、雷、伤害加成,weapon
42,甲级宝珏,3,暴击率3.4%,基础攻击力40,两块玉石拼成的精致玉佩。,奔袭战术,击败敌人后的15秒内，移动速度和攻击力提升12%/14%/16%/18%/20%。,宝箱、（璃月区域宝箱）,攻击力、移动速度,weapon
43,翡玉法球,3,元素精通20,基础攻击力40,由璃月北郊绝云间出产的硬玉雕琢而成的法器。小巧轻盈，经久耐用，江湖人称「翡玉丸」。,激流,触发蒸发、感电、冰冻、或水元素扩散反应后的12秒内，攻击力提高20%/25%/30%/35%/40%。,祈愿,元素反应、攻击力、水,weapon
44,口袋魔导书,2,N/A,基础攻击力33,精心编纂，只留下考试重点的魔导参考小册。,N/A,N/A,宝箱、商店购买,N/A,weapon
45,学徒笔记,1,N/A,基础攻击力23,某个优等生留下的学习笔记，娟秀的字迹非常好看。记录了不少实用的咒语。,N/A,N/A,初始武器赠送、宝箱、商店购买,N/A,weapon
46,终末嗟叹之诗,5,元素充能效率12.0%,基础攻击力46,如同诗人的乐器一般优美的弓，放出的箭矢如同叹息声一般穿透人心。,离别的思念之歌,N/A,限定祈愿,元素精通、攻击力、层数叠加,weapon
47,阿莫斯之弓,5,攻击力10.8%,基础攻击力46,N/A,矢志不忘,·普通攻击和重击造成的伤害提升12%/15%/18%/21%/24%;箭矢发射后每经过0.1秒，伤害还会提升8%/10%/12%/14%/16%。至多提升5次。,祈愿,普通攻击、重击、伤害加成、层数叠加,weapon
48,天空之翼,5,暴击率4.8%,基础攻击力48,象征风龙身为风之神眷属的大弓。释弦时的鸣声是风之神的偏爱，蕴含苍空与长风的力量。,回响长天的诗歌,暴击伤害提高20%/25%/30%/35%/40%；攻击命中时有60%/70%/80%/90%/100%概率造成125%攻击力的小范围物理伤害，该效果每4秒/3.5秒/3秒/2.5秒/2秒只能触发一次。,祈愿,暴击伤害、额外伤害,weapon
49,冬极白星,5,暴击率7.2%,基础攻击力46,N/A,极昼的先兆者,元素战技和元素爆发造成的伤害提高12%/15%/18%/21%/24%；普通攻击、重击、元素战技或元素爆发命中敌人后，将产生1层持续12秒的「白夜极星」效果。处于1/2/3/4层「白夜极星」效果下时，攻击力将提高(10/20/30/48%)/‌(12.5/25/37.5/60%)/‌(15/30/45/72%)/‌(17.5/35/52.5/84%)/‌(20/40/60/96%)。由普通攻击、重击、元素战技或元素爆发产生的「白夜极星」将分别独立存在。,限定祈愿,伤害加成、攻击力,weapon
50,飞雷之弦振,5,暴击伤害14.4%,基础攻击力46,曾由将军御赐的长弓，闪烁着永不熄灭的雷光。,飞雷御执,攻击力提高20%/25%/30%/35%/40%，并能获得「飞雷之巴印」的威势。飞雷之巴印：持有1/2/3层飞雷之巴印时，普通攻击造成的伤害提高(12/24/40%)/‌(15/30/50%)/‌(18/36/60%)/‌(21/42/70%)/‌(24/48/80%)。在下列情况下，角色将各获得1层飞雷之巴印：普通攻击造成伤害时，持续5秒；施放元素战技时，持续10秒；此外，角色元素能量低于100%时，将获得1层飞雷之巴印，此飞雷之巴印会在角色的元素能量充满时消失。每层飞雷之巴印的持续时间独立计算。,限定祈愿,普通攻击、伤害加成、层数叠加,weapon
51,宗室长弓,4,攻击力9.0%,基础攻击力42,曾支配蒙德的旧日贵族的长弓。经过世代，弓弦仍十分有力，击发迅猛。,专注,攻击造成伤害时，暴击率提升8%/10%/12%/14%/16%，最多堆叠5次。攻击造成暴击后，移除已有的专注效果。,商城兑换,暴击率、层数叠加,weapon
52,试作澹月,4,攻击力9.0%,基础攻击力42,黑岩厂中秘藏的原型长弓。放矢之姿有如透过薄暮的月光。,离簇不归,瞄准射击时，若命中要害，则提升10%移动速度与36%/45%/54%/63%/72%攻击力，持续10秒。,锻造,攻击力、移动速度、对象限制,weapon
53,黑岩战弓,4,暴击伤害8.0%,基础攻击力44,N/A,乘胜追击,"击败敌人后,攻击力提升12%/15%/18%/21%/24%,持续30秒。该效果至多叠加3层,每层持续时间独立。",商城兑换,对象限制、层数叠加,weapon
54,弓藏,4,攻击力9.0%,基础攻击力42,布满锈迹的铁造大弓，一般人根本拿不动，遑论引弓放矢。,速射弓斗,普通攻击伤害提升40%/50%/60%/70%/80%，重击伤害下降10%。,祈愿,普通攻击、伤害加成、负面效果、重击、（将瞄准射击视为重击进行分类）,weapon
55,西风猎弓,4,元素充能效率13.3％,基础攻击力41,西风骑士团的制式反曲弓，只有杰出的弓手能与它的杰出性能相衬。,顺风而行,攻击造成暴击时，有60%/70%/80%/90%/100%的几率产生少量元素微粒，能为角色恢复6点元素能量。该效果每12/10.5/9/7.5/6秒只能触发一次。,祈愿、任务、（巨龙与自由之歌）,能量回复、自身限制,weapon
56,钢轮弓,4,物理伤害加成15.0%,基础攻击力41,以金属制成，用滑轮引弦的复合弓，来自异国。护养极其困难，但引弓轻松，威力惊人。,注能之矢,普通攻击和瞄准攻击命中时，提升4%/5%/6%/7%/8%攻击力与1.2%/1.5%/1.8%/2.1%/2.4%普通攻击速度。该效果持续6秒，最多可以叠加4层，每0.3秒只能触发一次。,锻造,物理伤害、攻击力、攻击速度、层数叠加,weapon
57,幽夜华尔兹,4,物理伤害加成11.3%,基础攻击力42,有着如同罪与幻想之夜一般颜色的弓。,极夜二重奏,普通攻击命中敌人后的5秒内，元素战技造成的伤害提升20%/25%/30%/35%/40%；元素战技命中敌人后的5秒内，普通攻击造成的伤害提升20%/25%/30%/35%/40%。,限定祈愿,物理伤害加成、普通攻击、元素战技,weapon
58,风花之颂,4,元素精通36,基础攻击力42,N/A,风花之愿,施放元素战技时，获得风之花的悠古愿望加持，攻击力提升16%/20%/24%/28%/32%，持续6秒,活动,攻击力、元素战技,weapon
59,绝弦,4,元素精通36,基础攻击力42,曾经作为乐器大放异彩的弓。如今已经不再能令人起舞,N/A,元素战技与元素爆发的伤害提高24％/30%/36%/42%/48%。,祈愿,元素战技，元素爆发、伤害加成,weapon
60,苍翠猎弓,4,暴击率6.0%,基础攻击力42,高洁的青绿猎弓，曾属于在林间狩猎的某人。,苍翠之风,普通攻击与重击命中时，有50%几率生成一个风之眼，持续吸引周围敌人，并对其中的敌人每0.5秒造成40%/50%/60%/70%/80%攻击力的伤害。该效果持续4秒，每14/13/12/11/10秒至多触发一次。,纪行,额外伤害、控制,weapon
61,掠食者,4,攻击力9.0%,基础攻击力42,设计风格相当独特的弓。应该不属于这个世界。,强力攻击,"·仅在“PlayStation NetWork”游玩时生效。
·对敌人造成冰元素伤害后，普通攻击与重击造成的伤害提高10%，效果持续6秒，至多叠加2次；此外，埃洛伊装备掠食者时，攻击力提升66点。",2.1版本更新完后，旅行者通过PlayStation平台登录游戏，可在冒险等阶达到20级后，通过游戏内邮件免费获得该武器。,自身限制、攻击力、层数叠加、普通攻击、重击,weapon
62,祭礼弓,4,元素充能效率6.7％,基础攻击力44,在漫长岁月中石化的道具猎弓，上面的仪式性装饰依然清晰可见。拥有受时间之风冲刷的祝福力量,气定神闲,元素战技造成伤害时，有40％/50%/60%/70%/80%的概率重置该技能的冷却时间，该效果每30/26/22/19/16秒只能触发一次。,祈愿,元素战技,weapon
63,暗巷猎手,4,攻击力6%,基础攻击力44,外形精巧奢华的长弓，曾属于某位从未被抓获的义贼。,街巷伏击,"装备该武器的角色处于队伍后台时，每1秒角色造成的伤害提升2%/2.5%/3%/3.5%/4%,最多通过这种方式获得20%/25%/30%/35%/40%的伤害提升；在场上超过4秒后，上述伤害提升效果每1秒会流失4%/5%/6%/7%/8%，直到降低至0%。",限定祈愿,伤害加成、层数叠加、对象限制,weapon
64,破魔之弓,4,攻击力12%,基础攻击力41,曾经属于某个巫女【浅濑响】的战弓。以优越的技法打造，精巧而耐用。,浅濑之弭,普通攻击造成的伤害提升16%/20%/24%/28%/32%，重击造成的伤害提升12%/15%/18%/21%/24%。当装备该武器的角色元素能量等于100%时，这个效果提升100%。,锻造、奇怪的海螺兑换阿敬的宝箱大奖可获得锻造图纸,普通攻击、重击、自身限制,weapon
65,弹弓,3,暴击率6.8%,基础攻击力38,N/A,弹弓,普通攻击和瞄准射击时，箭矢若在发射后的0.3秒内击中敌人，则造成的伤害增加36%/42%/48%/54%/60%；否则，造成的伤害下降10%。,祈愿、宝箱,伤害加成、负面效果,weapon
66,信使,3,暴击伤害6.8%,基础攻击力40,造型简单的木制弓。传说它曾被人用作远程通讯的道具。,飞矢传书,瞄准射击时，若命中要害，则额外造成100%/125%/150%/175%/200%攻击力的伤害，该伤害必定暴击。此效果每10秒只能触发一次。,蒙德宝箱,对象限制、额外伤害,weapon
67,鸦羽弓,3,元素精通20,基础攻击力40,相传渡鸦是死的使者。将鸦羽装饰在弓臂上，射出的每一箭都宣告着猎物的终末。,踏火止水,对处于火元素或水元素影响下的敌人，造成的伤害提高12%/15%/18%/21%/24%。,祈愿,火、水、伤害加成,weapon
68,神射手之誓,3,暴击伤害10.2%,基础攻击力39,据说曾属于技艺高强的射手，是一把上好的弓。因为散发出强烈的气息，难以用于狩猎。,精准,针对要害造成的伤害提升24%/30%/36%/42%/48%。,祈愿,对象限制、伤害加成,weapon
69,历练的猎弓,2,N/A,基础攻击力33,饱经磨练又精心护养的弓，经历了漫长的岁月。仿佛会主动配合射手的动作一般好使。,N/A,N/A,宝箱、商店购买,N/A,weapon
70,狼的末路,5,攻击力10.8%,基础攻击力46,狼的骑士所使的大剑。原本只是城中铁匠赠予的厚重的铁片，却在他与狼的情谊中，获得神话般的力量。,如狼般狩猎者,攻击力提高20%/25%/30%/35%/40%；攻击命中生命值低于30%的敌人时，队伍中所有成员的攻击力提高40%/50%/60%/70%/80%，持续12秒。该效果30秒只能触发一次。,祈愿,攻击力、对象限制,weapon
71,松籁响起之时,5,物理伤害加成4.5%,基础攻击力49,"如同翻弄草木的息吹一般轻盈的大剑,如同吹倒树木的飓风一般摧枯拉朽的武器。",揭旗的叛逆之歌,N/A,限定祈愿,物理伤害加成、攻击力、攻击速度,weapon
72,天空之傲,5,元素充能效率8%,基础攻击力48,象征风龙的骄傲广布长空的双手剑。挥舞时的低吟是风龙的气势，蕴含苍空与长风的力量。,斩裂晴空的龙脊,造成的伤害提高8%/10%/12%/14%/16%;施放元素爆发后，普通攻击和重击命中时会发出真空刃，对路径上的敌人造成80%/100%/120%/140%/160%攻击力的伤害，持续20秒或直至发出8次真空刃。,祈愿,伤害加成、额外伤害,weapon
73,黑岩斩刀,4,暴击伤害12.0%,基础攻击力42,N/A,乘胜追击,"击败敌人后,攻击力提升12%/15%/18%/21%/24%,持续30秒。该效果至多叠加3层，每层持续时间独立。",商城兑换,对象限制、层数叠加,weapon
74,反曲弓,3,生命值10.2%,基础攻击力38,据说能射下苍鹰的猎弓，但能不能做到主要还得看弓手的技术。,收割,击败敌人时，恢复8%/10%/12%/14%/16%生命值。,宝箱,生命回复、对象限制,weapon
75,猎弓,1,N/A,基础攻击力23,猎手演奏的音乐由两种音色组成。弓弦颤动的声音，和羽箭破空的低啸。,N/A,N/A,初始武器赠送、宝箱、商店购买,N/A,weapon
76,N/A,5,攻击力10.8%,基础攻击力46,N/A,金璋皇极,护盾强效提升20%/25%/30%/35%/40%。攻击命中后的8秒内，攻击力提升4%/5%/6%/7%/8%。该效果至多可叠加5层，每0.3秒只能触发一次。此外，处于护盾庇护下时，该效果的攻击力提升效果提高100%。,限定祈愿,攻击力、护盾强效、层数叠加、护盾庇护,weapon
77,祭礼大剑,4,元素充能效率6.7%,基础攻击力44,在漫长岁月中石化的道具大剑，上面的仪式性装饰依然清晰可见。拥有受时间之风冲刷的祝福力量。,气定神闲,元素战技造成伤害时，有40%/50%/60%/70%/80%概率重置该技能的冷却时间，该效果每30/26/22/19/16秒只能触发一次。,祈愿,元素战技,weapon
78,宗室大剑,4,攻击力6.0%,基础攻击力44,曾支配蒙德的旧日贵族的大剑，用料极佳，历久犹弥新。是贵族的战斗兵器。,专注,攻击造成伤害时，暴击率提升8%/10%/12%/14%/16%，最多堆叠5次。攻击造成暴击后，移除已有的专注效果。,商城兑换,暴击率、层数叠加,weapon
79,雨裁,4,元素精通36,基础攻击力42,N/A,止水息雷,对处于水元素或雷元素影响下的敌人，造成的伤害提高20％/24%/28%/32%/36%。,祈愿,伤害加成、水、雷,weapon
80,白影剑,4,防御力11.3%,基础攻击力42,剑身上有一面未开刃的异国大剑，经商路流落到璃月。在了解它的人手里，破坏力极可观。,注能之锋,普通攻击和重击命中后，攻击力和防御力提高6%/7.5%/9%/10.5%/12%。该效果持续6秒，最多叠加4层，每0.5秒只能触发一次。,锻造,防御力、攻击力、层数叠加,weapon
81,衔珠海皇,4,攻击力12%,基础攻击力41,海中的大王。经过风干，是趁手的兵器以及应急食品。,海洋的胜利,元素爆发造成的伤害提升12%/15%/18%/21%/24%。元素爆发命中敌人时，有100%概率召唤大鲔冲击，造成100%/125%/150%/175%/200%攻击力的范围伤害。该效果每15秒至多触发一次。,活动,元素爆发、额外伤害,weapon
82,恶王丸,4,攻击力9.0%,基础攻击力42,传说中「恶王」的爱刀，刀身庞大雄伟，但挥舞起来却出乎意料地轻便。,驭浪的海祇民,队伍中所有角色的元素能量上限的总和，每1点能使装备此武器的角色的元素爆发造成的伤害提高0.12%/0.15%/0.18%/0.21%/0.24%，通过这种方式，元素爆发造成的伤害至多提高40%/50%/60%/70%/80%。,限定祈愿,元素爆发,weapon
83,千岩古剑,4,攻击力9.0%,基础攻击力42,以璃月的基岩为原料削凿成的厚重大剑。,千岩诀·同心,队伍中每有一位璃月角色，装备该武器的角色便获得7%/8%/9%/10%/11%攻击力提升与3%/4%/5%/6%/7%暴击率提升。至多获得4层提升效果。,限定祈愿,攻击力、暴击率,weapon
84,钟剑,4,生命值9.0%,基础攻击力42,装有时钟的厚重大剑，其中的计时机关早已被破坏。,叛逆的守护者,受到伤害时，生成一个伤害吸收等同于生命上限20%/23%/26%/29%/32%的护盾，持续10秒或者直到护盾失效，每45秒只能触发一次。角色处于护盾庇护下时，造成的伤害提升12%/15%/18%/21%/24%。,祈愿,护盾、护盾庇护、伤害加成,weapon
85,桂木斩长正,4,元素充能效率10.0%,基础攻击力42,过去在踏鞴砂打造的刀，沉重而坚韧。,名士振舞,元素战技造成的伤害提升6%/7.5%/9%/10.5%/12%。元素战技命中后，角色流失3点元素能量，并在此后的6秒内，每2秒恢复3/3.5/4/4.5/5点元素能量。该效果每10秒至多触发一次，角色处于队伍后台也能触发。,锻造、完成踏鞴物语任务後蒐集三把钥匙,能量回复,weapon
86,西风大剑,4,元素充能效率13.3%,基础攻击力41,西风骑士团的重型仪式剑。能轻易导出元素力量，具有卓越的破坏力。,顺风而行,攻击造成暴击时，有60%/70%/80%/90%/100%的几率产生少量元素微粒，能为角色恢复6点元素能量。该效果每12/10.5/9/7.5/6秒只能触发一次。,祈愿,能量回复、自身限制,weapon
87,试作古华,4,攻击力6.0%,基础攻击力44,黑岩厂中秘藏的古老大刀。挥舞时，仿佛连空间本身也要被一刀两断。,粉碎,普通攻击和重击命中时，有50%的概率对小范围内的敌人造成240%/300%/360%/420%/480%攻击力的额外伤害。该效果每15秒只能触发一次。,锻造,额外伤害,weapon
88,雪葬的星银,4,物理伤害加成7.5%,基础攻击力44,储存在壁画之间的古老大剑。由星银铸成，似乎拥有斩开冰雪的力量。,霜葬,普通攻击与重击命中敌人时，有60%/70%/80%/90%/100%概率在敌人上方生成恒冰晶核并坠落，造成80%/95%/110%/125%/140%攻击力的范围伤害。若敌人处于冰元素影响下，则造成200%/240%/280%/320%/360%攻击力的伤害。该效果每10秒至多触发一次。,锻造、任务,额外伤害、冰,weapon
89,螭骨剑,4,暴击率6.0%,基础攻击力42,来自古代大海的稀有兵器，舞剑猎猎宛如太古的涛声。,破浪,角色在场上时，每4秒提升6%/7%/8%/9%/10%造成的伤害，3%/2.7%/2.4%/2.2%/2%受到的伤害。该效果最多叠加5层，不随角色退场重置，受到伤害后会减少1层效果,纪行,层数叠加、伤害加成、负面效果,weapon
90,以理服人,3,攻击力7.7%,基础攻击力39,精钢打造的趁手大铁棒子，最好的理论依据。,有话直说,施放元素战技后，普通攻击和重击命中时会在小范围内额外造成60%/75%/90%/105%/120%攻击力的伤害。该效果持续15秒，伤害每3秒只能触发一次。,祈愿、宝箱,额外伤害,weapon
91,飞天大御剑,3,物理伤害加成9.6%,基础攻击力39,可靠的大剑。传说著名的「御剑公子」曾试图借助它二度飞天。,勇气,普通攻击和重击命中时，攻击力提高6%/7%/8%/9%/10%，持续6秒，最多叠加4层，该效果每0.5秒只能触发一次。,孤云阁附近拔出、宝箱,攻击力、层数叠加,weapon
92,沐浴龙血的剑,3,元素精通41,基础攻击力38,据说是北方英雄浸过龙血的钢铁大剑，有刀枪不入的神力...这种护佑并不会延伸到挥舞它的人身上。,踏火息雷,对处于火元素或雷元素影响下的敌人，造成的伤害提高12%/15%/18%/21%/24%。,祈愿,火、雷、伤害加成,weapon
93,铁影阔剑,3,生命值7.7%,基础攻击力39,这把剑是著名的光之狮艾伦德林的佩剑的仿品。握紧它，感受传说中大英雄的力量吧!注意:幻想请适度。,不屈,生命值低于70%/75%/80%/85%/90%时，重击不会轻易被打断，并提高30%/35%/40%/45%/50%重击伤害。,祈愿,自身限制、重击,weapon
94,白铁大剑,3,防御力9.6%,基础攻击力39,N/A,收割,击败敌人时，恢复8%/10%/12%/14%/16%生命值。,蒙德宝箱,生命回复、对象限制,weapon
95,佣兵重剑,2,N/A,基础攻击力33,沉重坚实的古旧大剑，饱经战火与岁月的洗练。,N/A,N/A,宝箱、商店购买,N/A,weapon
96,训练大剑,1,N/A,基础攻击力23,仅仅是削出剑形的厚重铁片。在意志强韧的人手里，也有劈开磐石的力量。,N/A,N/A,初始武器赠送、宝箱、商店购买,N/A,weapon
97,磐岩结绿,5,暴击率9.6%,基础攻击力44,由纯净的翠玉精琢细雕而成的仪礼宝剑，挥舞时剑风中似有叹息之声。,N/A,"生命值提升20%/25%/30%/35%/40%。此外，基于装备该武器的角色生命值上限的1.2%/1.5%/1.8%/2.1%/2.4%,获得攻击力加成。",限定祈愿,攻击力、生命值,weapon
98,斫峰之刃,5,攻击力10.8%,基础攻击力46,传说中象征着某一则特定契约的利刃，曾经斩落过山岳的尖端,金璋皇极,护盾强效提升20%/25%/30%/35%/40%。攻击命中后的8秒内，攻击力提升4%/5%/6%/7%/8%。该效果至多可叠加5层，每0.3秒只能触发一次。此外，处于护盾庇护下时，该效果的攻击力提升效果提高100%。,限定祈愿,攻击力、护盾强效、层数叠加、护盾庇护,weapon
99,雾切之回光,5,暴击伤害9.6%,基础攻击力48,闪烁着凄烈紫光的太刀。名之为「回光」是因为一度破碎的过去。,雾切御腰物,获得12%/15%/18%/21%/24%所有元素伤害加成，并能获得「雾切之巴印」的威势。雾切之巴印：持有1/2/3层雾切之巴印时，获得(8%/16/28%)/‌(10%/20%/35%)/‌(12%/24%/42%)/‌(14%/28%/49%)/‌(16%/32%/56%)自己的元素类型的元素伤害加成。在下列情况下，角色将各获得1层雾切之巴印：普通攻击造成元素伤害时，持续5秒；施放元素爆发时，持续10秒；此外，角色元素能量低于100%时，将获得1层雾切之巴印，此雾切之巴印会在角色的元素能量充满时消失。每层雾切之巴印的持续时间独立计算。,限定祈愿,N/A,weapon
100,天空之刃,5,元素充能效率12.0%,基础攻击力46,象征风龙的荣誉的骑士剑，如今失而复得。剑脊上吹息着风之神的赐福，蕴含着苍空与长风的力量,穿刺高天的利齿,暴击率提升4%/5%/6%/7%/8%；施放元素爆发时，获得破空之势：移动速度提升10%，攻击速度提升10%，普通攻击与重击命中时，额外造成20%/25%/30%/35%/40%攻击力的伤害，持续12秒。,祈愿,暴击率、移动速度、攻击速度、额外伤害,weapon
101,风鹰剑,5,物理伤害加成9.0%,基础攻击力48,西风骑士团的灵魂。历经千年仍在呼唤你卷起正义之风，祓除奸邪，一如上一位挥舞此剑的女杰。,西风之鹰的抗争,攻击力提高20%/25%/30%/35%/40%；受到伤害时触发：高扬抗争旗号的西风鹰之魂苏醒，恢复同等与攻击力的100%/115%/130%/145%/160%生命值，并对周围的敌人造成200%/230%/260%/290%/320%攻击力的伤害。该效果每15秒只能触发一次。,祈愿,攻击力、生命回复、额外伤害,weapon
102,苍古自由之誓,5,元素精通43,基础攻击力46,如同悠古的歌声一般苍蓝的直剑，如同风之国土自由的誓言一般锐利的武器。,抗争的践行之歌,N/A,限定祈愿,N/A,weapon
103,暗巷闪光,4,元素精通12,基础攻击力45,有着黑夜颜色的笔直长剑，曾属于穿行于暗巷的盗贼。,街巷游侠,造成的伤害提升12%/15%/18%/21%/24%，受到伤害后的5秒内失效。,限定祈愿,伤害加成,weapon
104,腐殖之剑,4,元素充能效率10.0%,基础攻击力42,希冀着生命的诡谲直剑，附有连龙也能侵蚀的腐殖之毒。,N/A,元素战技造成的伤害增加16/20/24/28/32%，元素战技的暴击率提升6/7.5/9/10.5/12%。,活动(已结束),元素战技、伤害加成、暴击率,weapon
105,试作斩岩,4,物理伤害加成7.5%,基础攻击力44,黑岩厂中秘藏的古老长剑。可挥砍断岩而刃不卷。,碎石,普通攻击或重击命中时，攻击力（原为基础攻击力）和防御力提高4%/5%/6%/7%/8%，持续6秒，最多叠加4层。该效果每0.3秒只能触发一次。,锻造、冒险等阶10级奖励获取、完成星之归还活动获取,物理伤害、攻击力、防御力、层数叠加,weapon
106,黑剑,4,暴击率6.0%,基础攻击力42,渴求着纷争与砍杀的漆黑长剑，据说会让人沉醉在浴血厮杀的亢奋中。,「正义」,普通攻击与重击造成的伤害提升20%/25%/30%/35%/40%；此外普通攻击和重击暴击时，恢复等同于攻击力60/70/80/90/100%的生命值。该效果每5秒至多发动一次。,纪行,普通攻击、重击、生命回复、暴击率,weapon
107,黑岩长剑,4,暴击伤害8.0%,基础攻击力44,黑岩锻造而成的长剑。玄色的剑身隐隐流露血光。,乘胜追击,击败敌人后，攻击力提升12%/15%/18%/21%/24%，持续30秒。该效果至多叠加三层，每层持续时间独立。,商城兑换,对象限制、层数叠加,weapon
108,西风剑,4,元素充能效率13.3%,基础攻击力41,西风骑士团的制式长剑。轻快锐利之余，也能轻易导出元素力量。,顺风而行,攻击造成暴击时，有60%/70%/80%/90%/100%的几率产生少量元素微粒，能为角色恢复6点元素能量。该效果每12/10.5/9/7.5/6秒只能触发一次。,祈愿,能量回复、自身限制,weapon
109,降临之剑,4,攻击力7.7%,基础攻击力39,造型独特的剑。看起来并不属于这个世界。,降世,N/A,"""PlayStation Network""的玩家特典奖励",额外伤害、自身限制、攻击力,weapon
110,匣里龙吟,4,攻击力9.0%,基础攻击力42,雕饰浮华的利刃，却丝毫不损它的柔韧与锋锐。破空之声有如龙吟。,踏火息雷,对处于火元素或雷元素影响下的敌人，造成的伤害提高20%/24%/28%/32%/36%。,祈愿,火、雷、伤害加成,weapon
111,祭礼剑,4,元素充能效率13.3%,基础攻击力41,在漫长岁月中石化的道具剑，上面的仪式性装饰依然清晰可见。拥有受时间之风冲刷的祝福力量。,气定神闲,元素战技造成伤害时，有40%/50%/60%/70%/80%概率重置该技能的冷却时间，该效果每30/26/22/19/16秒只能触发一次。,祈愿,元素战技,weapon
112,天目影打刀,4,攻击力12%,基础攻击力41,传说中连以神速见长的天狗都能斩落的名士订制的刀。,岩藏之胤,施放元素战技后，获得1个胤种，该效果每5秒至多触发一次。胤种持续30秒，至多同时存在3个。施放元素爆发后，会清除持有的所有胤种，并在2秒之后，基于消耗的胤种数量，每个为该角色恢复6/7.5/9/10.5/12点元素能量。,锻造、完成农民的宝藏的任务可获得锻造图纸,能量回复,weapon
113,飞天御剑,3,元素充能效率11.3%,基础攻击力38,可靠的钢剑，传说著名的「御剑公子」曾试图借助它飞天。,决心,施放元素爆发后，提高12%/15%/18%/21%/24%攻击力和移动速度，持续15秒。,祈愿,攻击力、移动速度,weapon
114,冷刃,3,攻击力7.7%,基础攻击力39,多层锻打的精钢铸就的可靠兵器，曾见证旧主诸多冒险奇谭。,止水融冰,对处于水元素或冰元素影响下的敌人，造成的伤害提高12%/15%/18%/21%/24%。,祈愿,水、冰、伤害加成,weapon
115,笛剑,4,攻击力9.0%,基础攻击力42,N/A,和弦,普通攻击或重击命中时，会获得一个和音。积攒了5个和音后，释放音律的力量，对周围的敌人造成100%/125%/150%/175%/200%攻击力的伤害。和音最多存在30秒，每0.5秒至多获得1个和音。,祈愿,层数叠加、额外伤害,weapon
116,暗铁剑,3,元素精通31,基础攻击力39,其实就是稍微有些黑的铁剑。,过载,触发超载、超导、感电或雷元素扩散反应后的12秒内，攻击力提高20%/25%/30%/35%/40%。,对话、与璃月港快刀陈对话(全图仅一把),元素反应、攻击力、雷,weapon
117,铁蜂刺,4,元素精通36,基础攻击力42,N/A,注能之刺,造成元素伤害后的6秒内，角色造成的伤害提高6%/7.5%/9%/10.5%/12%，该效果最多叠加2层。该效果每1秒可以触发一次。,锻造,伤害加成、层数叠加,weapon
118,宗室长剑,4,攻击力9.0%,基础攻击力42,曾支配蒙德的旧日贵族的佩剑。做工精良，装饰与雕花彰显着挥舞者的身份。,专注,攻击造成伤害时，暴击率提升8%/10%/12%/14%/16%，最多堆叠5次。攻击造成暴击后，移除已有的专注效果。,商城兑换,暴击率、层数叠加,weapon
119,黎明神剑,3,暴击伤害10.2%,基础攻击力39,一把曾经耀若朝阳的宝剑，掌握它的人会获得「自我感觉良好」的力量加持。剑身上的发光材料已经褪去。,激励,生命值高于90%时，暴击率提升14%/17.5%/21%/24.5%/28%,祈愿、任务、（海盗秘宝孔雀羽之章）,暴击率、自身限制,weapon
120,吃虎鱼刀,3,攻击力7.7%,基础攻击力39,用来剖鱼的锋利铁刀，刀身狭长，非常锋利,决,攻击命中时，有50%的概率对单个敌人造成240%/280%/320%/360%/400%攻击力的伤害。该效果每15/14/13/12/11秒只能触发一次。,宝箱、与稻妻铁匠铺旁边的老人（铁匠的师傅）对话获取,额外伤害,weapon
121,旅行剑,3,防御力6.4%,基础攻击力40,趁手的钢剑，剑柄里藏着剪子、放大镜、火绒等方便旅行的小物件。,旅程,获得元素晶球或元素微粒时，恢复1%/1.25%/1.5%/1.75%/2%生命值。,宝箱,生命回复,weapon
122,银剑,2,N/A,基础攻击力33,能退魔的银剑。大家都知道，其实用料是银合金而不是纯银。,N/A,N/A,宝箱、商店购买,N/A,weapon
