mhy_id,name,sex,pos,task,profession,introduction,icon,label,identity
179,巴顿,男,蒙德城内 「天使的馈赠」酒馆旁,暂无,酒馆推广员,暂无,https://uploadstatic.mihoyo.com/ys-obc/2020/07/22/4905523/7c9ed9747ac12d99bb8b193dd72cc72d_4890952246475147573.png,npc,
190,玛乔丽,女,蒙德城中央大道,暂无,「荣光之风」店主,总感觉背后势力深不可测...,https://uploadstatic.mihoyo.com/ys-obc/2021/12/16/72954525/778273a81b725adb5b4b6588ec300282_7015530524114456944.png,npc,「荣光之风」店主
196,蒂玛乌斯,男,蒙德中央大道,暂无,炼金合成指引NPC,终于不用担心点错了，可喜可贺可喜可贺,https://uploadstatic.mihoyo.com/ys-obc/2021/12/16/72954525/c164ebaa288805adf2151722a8ca3f99_5192597508099625501.png,npc,炼金学者
203,瓦格纳,男,蒙德东侧城墙内,暂无,铁匠,蒙德城内最受人信任的铁匠！,https://uploadstatic.mihoyo.com/ys-obc/2022/09/21/183046623/afd50f1736d6df7dda12d34aafef016d_8489638765739970947.png,npc,铁匠铺
205,布兰琪,女,蒙德城中央大道,暂无,「蒙德百货」售货员,暂无,https://uploadstatic.mihoyo.com/ys-obc/2021/12/16/72954525/f57254a4e4e73f6abd2df84049eeebaa_662794779935322336.png,npc,百货商店
213,莎拉,女,蒙德城中央大道,麻烦的工作，花与云之诗,「猎鹿人」侍应生,欢迎来到猎鹿人！,https://uploadstatic.mihoyo.com/ys-obc/2021/12/16/72954525/39249086ac775b619a9dae1c9e00f877_1373851255962577767.png,npc,料理商店
326,长顺,女,希古居门口,暂无,杂货商;, 有些店，开着开着就没了,https://uploadstatic.mihoyo.com/ys-obc/2020/10/14/4905523/22edfdf8450f401afb0b4770920b1fbe_5540183257119863424.png,npc,商人
679,老章,男,璃月船厂附近,暂无,「寒锋铁器」铁匠,璃月的百年老字号，以德望与手艺赢得了人们的青睐。不论来者何人，只要有需求，有原料，就一定能拿出相应的成品。铸炉的火与对锻造的热情恒常燃烧，正如「薪火相传，而不知其尽」。,https://uploadstatic.mihoyo.com/ys-obc/2021/12/16/75981509/72371deea53cf332d9cadaeb4038b33e_5141756454943940741.jpg,npc,铁匠铺
680,卯师傅,男,璃月冒险家协会斜对面,暂无,「万民堂」老板,岳父！,https://uploadstatic.mihoyo.com/ys-obc/2021/12/16/75981509/a8250328d0f7991f6ee6406e88a8e51c_5603376778635047614.png,npc,料理商店
681,星稀,女,璃月港绯云坡,「辞行久远之躯」,「明星斋」斋主,以“岩之印”为货币、售卖各种素材。,https://uploadstatic.mihoyo.com/ys-obc/2022/09/21/183046623/2710eef468579dfd30ba025f6f558074_3313514579673081306.png,npc,「明星斋」斋主
936,葛罗丽,女,蒙德城风车旁,愿风带走思念,暂无,独自等待爱人归来的盲人少女（呜呜呜我也想有。）,https://uploadstatic.mihoyo.com/ys-obc/2020/07/08/21665168/bd8b2e759ef2c5835eaa41051d13ee89_1139251665297174404.png,npc,
937,安娜,女,白天蒙德城门口喷泉旁，治愈后在风神像脚下,暂无,暂无,好好养病不要乱跑了！,https://uploadstatic.mihoyo.com/ys-obc/2020/07/08/21665168/275c57402a1a60c6340a8a774e24ce17_116461570352908845.png,npc,蒙德居民
938,安东尼,男,夜晚蒙德城门喷泉处,暂无,暂无,为救治病弱妹妹而努力的哥哥。,https://uploadstatic.mihoyo.com/ys-obc/2020/07/08/21665168/1d26381c7d2a7351f2113d366df5fa72_5824199115726974434.png,npc,蒙德居民
939,梅薇丝,女,清泉镇,暂无,暂无,被爱情伤透了心的诗人。,https://uploadstatic.mihoyo.com/ys-obc/2020/07/08/21665168/9f18612577e4043eda7c2d2063fcc2cc_8355099926497814845.png,npc,吟游诗人
940,吟游诗人戴维,男,明冠峡附近,暂无,吟游诗人,刚逃出婚姻坟墓的吟游诗人。,https://uploadstatic.mihoyo.com/ys-obc/2020/07/08/21665168/e63dd21d5204f29ac4a1eb18e529fbb3_1269073438279360235.png,npc,
943,宁禄,男,蒙德城内「天使的馈赠」附近（仅白天）,无罪推定,酒鬼,每天都背着妻子偷偷溜出去喝酒的妻管严... ,https://uploadstatic.mihoyo.com/ys-obc/2020/07/12/21665168/8a68b1335787c12d78ef90fddd38f76f_2967604677022079056.png,npc,
1009,古德温,男,蒙德城外风起地附近,暂无,暂无,弄丢心爱之人信物的粗心骑士。（渣男,https://uploadstatic.mihoyo.com/ys-obc/2020/07/19/21665168/f1583e37745bcd24a3d8659eaee5989f_7030375438803937193.png,npc,西风骑士
1014,阿旭,男,璃月港飞云商会附近,江湖不问出处,「飞云商会」家丁,你家少爷和我跑啦,https://uploadstatic.mihoyo.com/ys-obc/2020/07/20/76078930/252c2897cc49db254936c8982ead0b06_2907237670053264873.png,npc,「飞云商会」家丁
1022,昆恩,男,蒙德城门口（白天）；「天使的馈赠」酒吧内（夜晚）,暂无,水果摊摊主,昆恩水果摊摊主，酒豪四大天王之一人称「粗神经的小贩」。（可恶，不要的青梅竹马请给我）,https://uploadstatic.mihoyo.com/ys-obc/2020/07/20/21665168/c99eececca2e9d044866548be7d8ff6e_3502915843058642276.png,npc,
1026,老孙,男,白天在璃月港口（是停船位置而不是修船位置），晚上在合成台对面喝酒,暂无,鱼贩,卖部分食材的大叔【限购】,https://uploadstatic.mihoyo.com/ys-obc/2020/07/20/49984918/5df42d4bdf626572a1fd036d64992d84_6410811602047277088.png,npc,鱼贩
1027,老高,男,白天在璃月港口（是停船位置而不是修船位置），晚上在合成台对面喝酒,暂无,鱼贩,只卖鱼肉的大叔【限购】,https://uploadstatic.mihoyo.com/ys-obc/2020/07/20/49984918/24f2272e1835365dcb30f80735974889_910662926251435591.png,npc,鱼贩
1031,若心,女,轻策庄内,暂无,古云有「螭」、海灯节的诗与画之二、轻策庄的霄灯,轻策庄管事，轻策庄的村民们都尊称她为「村长」,https://uploadstatic.mihoyo.com/ys-obc/2020/07/20/75053138/85cb24db662e804c881a483456401e88_6460431761748585277.png,npc,轻策庄管事
1032,岚姐,女,璃月冒险家协会,暂无,冒险家协会分会长,藏锋何处？,https://uploadstatic.mihoyo.com/ys-obc/2020/07/20/76078930/f19a0505c43ab1e4f89450b96d186705_4355150005370790073.png,npc,冒险家协会分会长
1033,小千,男,璃月冒险家协会附近,暂无,冒险家协会干部,来局昆特牌,https://uploadstatic.mihoyo.com/ys-obc/2020/07/20/76078930/24514c33db5ec2650c819172f69cdb4d_4677368117085644470.png,npc,冒险家协会干部
1035,凯叔,男,轻策庄内,暂无,轻策庄的霄灯,茶水摊摊主，白天出现,https://uploadstatic.mihoyo.com/ys-obc/2020/07/21/75053138/9299dcbc0ea9c6351a5634edfbc8dac4_4914977485256535602.png,npc,茶水摊摊主
1038,小白,女,轻策庄内,守乡人、轻策庄的霄灯、此灯寄何人,磨坊主,贩卖部分食材、食谱和材料的大婶,https://uploadstatic.mihoyo.com/ys-obc/2021/12/13/76297419/7d1c07f92b183cde8adc1d13833f76d0_4988956908934553384.png,npc,磨坊主
1039,东东,男,轻策庄内,暂无,暂无,希望能快点长大去冒险的小孩,https://uploadstatic.mihoyo.com/ys-obc/2020/07/22/75053138/ebd83fc118ced11504b774301a65c38d_3376478898553537217.png,npc,
1042,莺儿,女,璃月城内「春香窑」前,传香,「春香窑」店员,滴滴，莺儿车,https://uploadstatic.mihoyo.com/ys-obc/2020/07/23/76078930/b1d5e91663c1a50f214e804d67a82df9_2469634769447051757.png,npc,春香窑
1044,舒茨,男,蒙德城打铁铺,暂无,铁匠学徒,卖一星武器的铁匠学徒,https://uploadstatic.mihoyo.com/ys-obc/2020/07/26/49984918/d5c6f5ec618f9f92b01d59620843840f_239008033410708538.png,npc,铁匠学徒
1045,杜拉夫,男,清泉镇,长杓之章第一幕,猎人首领,白天在清泉镇泉水旁，晚上在家门口。,https://uploadstatic.mihoyo.com/ys-obc/2020/07/26/49984918/9ef2b6522f9c3d0b6f2847804e8988d1_5260860822284573125.png,npc,猎人首领
1046,布洛克,女,清泉镇,长杓之章第一幕,厨师,卖肉的厨师。,https://uploadstatic.mihoyo.com/ys-obc/2020/07/26/49984918/157d358449c0f05b671c46264865365e_1520693992755808021.png,npc,厨师
1080,斯坦利,男,蒙德城内,诗仙之章 第一幕 若你困于无风之地,冒险家,斯坦利是已逝朋友的名字，借斯坦利之名来怀念朋友,https://uploadstatic.mihoyo.com/ys-obc/2020/09/18/75053138/34fc817190367eb6db9b1a3f714a1710_3227252688772097601.png,npc,冒险家
1092,劳伦斯,男,蒙德城门口,暂无,西风骑士,尽职的西风骑士,https://uploadstatic.mihoyo.com/ys-obc/2020/09/20/75053138/0e210698cf07cec53d2850c6d0ee6927_5557334444703476534.png,npc,西风骑士
1093,盖伊,男,蒙德城侧门,无人注意的盖伊,西风骑士,（真）无人注意的盖伊,https://uploadstatic.mihoyo.com/ys-obc/2020/09/20/75053138/d3585006c174e756fb57c8085ddad90d_83385699287977567.png,npc,西风骑士
1109,查尔斯,男,「天使的馈赠」酒馆内,四叶草之章 第一幕 「真正的宝物」；幼狮之章 第一幕 「骑士团长的一日假期」,「天使的馈赠」酒保,【商品种类】价格【摩拉】【限购】调酒师的人生哲理,https://uploadstatic.mihoyo.com/ys-obc/2020/09/24/75053138/7d11d891cbd2a1dae4a7b5b4af94ea8b_9055327810714223840.png,npc,「天使的馈赠」酒保
1110,艾拉·马斯克,女,骑士团图书馆,语言交流，折箭觅踪,丘丘人语研究学者,Ye ika gusha mosi！,https://uploadstatic.mihoyo.com/ys-obc/2020/09/24/75053138/088e6366fab424aa2571a234bef0e52e_4922895606684830352.png,npc,丘丘人语研究学者
1121,柳德米拉,女,蒙德门口传送锚点,暂无,暂无,愚人众派往蒙德的使节。,https://uploadstatic.mihoyo.com/ys-obc/2020/10/26/21665168/cbf85a6848b16926a0f6b9e55020ce4b_4196366345834412014.png,npc,愚人众使节
1122,米哈伊尔,男,蒙德城门口,暂无,暂无,派遣在蒙德的愚人众使节，每天聊着时事话题（？,https://uploadstatic.mihoyo.com/ys-obc/2020/10/26/21665168/b73c1895d6ebaf7a6d1bb08270ca4f2a_4373859939284955472.png,npc,愚人众使节
1140,唐娜,女,蒙德城内,沙漏之章 第一幕「麻烦的工作」,暂无,迪卢克老爷的小迷妹,https://uploadstatic.mihoyo.com/ys-obc/2020/10/13/75053138/2cdedfd2deaf79adce4ec907dec8120f_6926323525828919291.png,npc,
1141,麦尔斯,男,蒙德城内,暂无,西风骑士,巡逻的西风骑士,https://uploadstatic.mihoyo.com/ys-obc/2020/10/13/75053138/ce6938c1b1a20db20c8b6d1da41843dd_1019338088758153121.png,npc,西风骑士
1142,米歇尔,女,蒙德城内,永不停息的风和米歇尔小姐,风车管理员,米歇尔小姐永不停息）,https://uploadstatic.mihoyo.com/ys-obc/2020/10/13/75053138/13471f1fc0e9ad2e679f96d5c6af6aa5_3395302575045338877.png,npc,风车管理员
1147,东升,男,璃月下城区传送锚点附近,暂无,「荣发商铺」店主,百货商店的篡夺者。,https://uploadstatic.mihoyo.com/ys-obc/2021/12/16/75981509/2be0124880823e0ac587c0ae7876efbe_268830875695495244.png,npc,杂货店
1154,玛格丽特,女,蒙德城小喷泉附近（仅白天）,幼狮之章 第一幕「骑士团长的一日假期」,「猫尾」老板娘,（老板娘帽子不错哦）,https://uploadstatic.mihoyo.com/ys-obc/2020/10/15/75053138/e4e7ddd30623d8372436a6abbef26962_2587850972280786099.png,npc,「猫尾」老板娘
1168,艾尔菲,女,蒙德城内,暂无,冒险家协会情报员,向着星辰与深渊,https://uploadstatic.mihoyo.com/ys-obc/2020/10/15/75053138/8094faf4eea41cb3959a91e0be9aca37_1353078910544835785.png,npc,冒险家协会情报员
1169,立本,男,任务有指引，每天变动。,百货奇货,百货奇货,商品名称商品种类原石其他奖励限购立本没有你我怎么活啊！商品名称花费材料,https://uploadstatic.mihoyo.com/ys-obc/2020/10/26/49984918/879ba36e18b9e9adbcb22f42dbda46c7_3178035822551798349.jpg,npc,百货奇货
1170,纪芳,女,璃月上方传送点对面街二楼,暂无,「万文集舍」老板,”买不买？还没看够吗？”,https://uploadstatic.mihoyo.com/ys-obc/2020/10/26/145906584/fb1d728498673add751fb2b1b6005615_7353127254213106031.png,npc,万文集舍
1176,快刀陈,男,璃月港东升食材店右边,暂无,小吃摊摊主,生意不太行,https://uploadstatic.mihoyo.com/ys-obc/2020/10/29/49984918/434cb48d9099e9b16f298e795b293db8_4518364953437063227.jpg,npc,小吃摊摊主
1177,老周叔,男,璃月碧水原石门,暂无,大碗茶摊主,从轻策庄来石门开茶馆的老爷爷，听说知道有许多不为人知的故事。,https://uploadstatic.mihoyo.com/ys-obc/2020/10/29/49984918/ba389d8a20174c4504380e86eb9c60b0_9171115509641060173.jpg,npc,大碗茶摊主
1178,朱老板,男,云来海和琼玑野交界渌华池东南边,映天之章第一幕在此世的星空之外,渌华池摊主,家里有玉石矿的富二代，不听家里劝非要到渌华池旁开客栈。但是客栈生意如何呢？朱老板又有什么打算呢？,https://uploadstatic.mihoyo.com/ys-obc/2020/10/29/49984918/77d113ad05ecd0f00a56ccb5bb0b78c1_9132477829906060232.jpg,npc,渌华池摊主
1179,阿直,女,云来海和琼玑野交界渌华池东南边,暂无,朱老板店小二,店小二罢了,https://uploadstatic.mihoyo.com/ys-obc/2020/10/29/49984918/237da9a06db18ca381d8a0d25d5af190_302264581049619782.jpg,npc,朱老板店小二
1180,阿笨,男,云来海和琼玑野交界渌华池东南边,暂无,朱老板店小二,店小二罢了,https://uploadstatic.mihoyo.com/ys-obc/2020/10/29/49984918/8475d20db8c0a9a67bdd6697c4ec0d29_5530787276485727152.jpg,npc,朱老板店小二
1183,思思,女,璃月主城连接处走廊,暂无,璃月居民,别被渣男骗了,https://uploadstatic.mihoyo.com/ys-obc/2020/10/31/145906584/0596d404366923c3a3499352f63f55f7_8021411502409330469.png,npc,璃月居民
1184,翠儿,女,璃月港花船甲板,海上盛珠钿,暂无,渣男受害者之一,https://uploadstatic.mihoyo.com/ys-obc/2020/11/02/145906584/ba0488efab020bf26790501fe1bfea5a_1328291618555800959.png,npc,璃月花船服务员
1185,潮汐,男,夜晚出现于思思身边,海上盛珠钿,水手,渣男,https://uploadstatic.mihoyo.com/ys-obc/2020/10/31/145906584/749fcea31de796c6348b1b088c1edbf9_8467036512322725869.png,npc,水手
1189,波尔托,男,骑士团门口,暂无,西风骑士,骑士团门口站岗,https://uploadstatic.mihoyo.com/ys-obc/2020/11/02/75053138/7af3ce5a2571baff07888f9d8d0d7788_8378884445229435598.png,npc,西风骑士
1190,阿托,男,骑士团门口,暂无,西风骑士,在骑士团门口站岗,https://uploadstatic.mihoyo.com/ys-obc/2020/11/02/75053138/9afc9a3554a2578aa989fe411a2867a0_2922869717974308683.png,npc,西风骑士
1191,伍德,男,骑士团禁闭室门口,暂无,西风骑士,年轻人不讲伍德,https://uploadstatic.mihoyo.com/ys-obc/2020/11/02/75053138/520922ffa8eb5959ea9f4983584ed0bf_2125395758865865143.png,npc,西风骑士
1192,威拉格,男,骑士团图书馆门口,暂无,西风骑士,图书馆禁止喧哗,https://uploadstatic.mihoyo.com/ys-obc/2020/11/02/75053138/0c545f02b531c0acd51bb0fcd1fdcc06_667574921819144341.png,npc,西风骑士
1193,卢克,男,蒙德城歌德大酒店门口,暂无,愚人众护卫,与人气角色迪卢克就差一个字,https://uploadstatic.mihoyo.com/ys-obc/2020/11/02/75053138/8b2e2636ec0fe2116e0a816f1ef743e6_7961979756996865265.png,npc,愚人众护卫
1194,塞琉斯,男,冒险家协会门口（白天）；「天使的馈赠」酒馆内（夜晚）,暂无,冒险家协会分会长,听说了吗？阿如村里有一只驮兽...,https://uploadstatic.mihoyo.com/ys-obc/2020/11/05/75053138/0bb666c02ccc9a86df4298095dee00bd_2818080626230331139.png,npc,冒险家协会分会长
1195,杰克,男,白天：冒险家协会门口附近；夜晚：「天使的馈赠」酒馆内,诗仙之章 第一幕 若你困于无风之地,冒险家,初展身手的冒险家杰克,https://uploadstatic.mihoyo.com/ys-obc/2020/11/04/75053138/4b0c25d863fcafaa507c1f45a30bd7d0_2197504214258183597.png,npc,冒险家
1224,小雨,女,璃月港仓库内,暂无,声望相关,工作都分配出去了呢，一身轻松！ 【今天旅行者也要为提瓦特的富饶努力打工呢】,https://uploadstatic.mihoyo.com/ys-obc/2020/11/11/21665168/371c9ad348cd666923319c2fa7bd74b6_6676021162519029786.png,npc,「璃月总务司」干事
1225,赫塔,女,蒙德后门（天使的馈赠东北方）,暂无,声望委托等, 来一起打工吧！ 早安！打工人,https://uploadstatic.mihoyo.com/ys-obc/2020/11/11/21665168/486448e4905f43ddb45e3ecbdd6f5de3_1463314217059092685.png,npc,「西风骑士团」后勤
1255,赫尔曼,男,蒙德城内,冒险家能力的极限,暂无,居然是芭芭拉的粉丝？,https://uploadstatic.mihoyo.com/ys-obc/2020/11/05/75053138/12056ca442ebc0574ea441c34b35e25f_8543247546865277135.png,npc,蒙德居民
1257,石壮,男,灵矩关西南区域矿区,暂无,暂无,这里的故事，终于展开了。,https://uploadstatic.mihoyo.com/ys-obc/2020/11/20/5787925/4e5f11dc2198a5b75f69927b8ee8d367_2858754450690308879.png,npc,矿工领班
1258,石榴,女,蒙德城内天使的馈赠酒馆附近。,暂无,暂无,经商头脑不太好的璃月商人。,https://uploadstatic.mihoyo.com/ys-obc/2020/11/20/21665168/c071fa1910a8f1c8d3060f610c1b8c22_7314513638334539342.png,npc,珠宝商人
1265,莫娜,女,鹰翔海滩北边传送点旁,未归的熄星,暂无,走来走去的莫娜,https://uploadstatic.mihoyo.com/ys-obc/2020/11/21/49984918/0fcfa957d651ccff81297e99fca1f1e5_6082154054649032076.jpg,npc,占星术士
1273,凯瑟琳,女,蒙德城内。,暂无,每日委托,欢迎来到冒险家协会！【至冬量产型凯瑟琳】,https://uploadstatic.mihoyo.com/ys-obc/2020/11/26/21665168/fb96442b80f7c053a8ae27f819436b13_7207900543964160045.png,npc,冒险家协会接待员
1274,凯瑟琳,女,璃月城内,暂无,每日委托,向着星辰与深渊！【必须，要有一位接待员。】,https://uploadstatic.mihoyo.com/ys-obc/2020/11/26/21665168/68dfacb0ed5bd359f3dc1835cab016a1_4984414454244976003.png,npc,冒险家协会接待员
1277,铁膀子,男,「黄金屋」副本左侧黑岩厂门口,暂无,暂无,撸起袖子加油干。,https://uploadstatic.mihoyo.com/ys-obc/2020/11/26/5787925/7984b580aaa24586867c0875ea3ba3c7_7180043965065673202.png,npc,「黑岩厂」工人
1280,阿宽,男,白天玩具摊旁边,黑岩之困,黑岩厂管事,叫爸爸！,https://uploadstatic.mihoyo.com/ys-obc/2020/11/27/49984918/489f7db3b4c14c846283129fb9f1ae3b_6990096094484123993.jpg,npc,黑岩厂管事
1281,索拉雅,女,归离原，望舒客栈,暂无,宝藏归离,繁琐的日常,https://uploadstatic.mihoyo.com/ys-obc/2020/11/27/49984918/0263547c5f40ebcc90f9c264d25a3a86_4527835878104424459.jpg,npc,学者
1292,门罗,男,女神像附近,暂无,暂无,每天都要来向巴巴托斯祷告,https://uploadstatic.mihoyo.com/ys-obc/2020/11/30/75053138/33c267494209277a2a870944013a21f0_6699049549353163897.png,npc,蒙德居民
1294,薇尔,女,白天：女神像附近；夜晚：骑士团附近,暂无,情报交易员,三个挺有趣的【全蒙德知道】的故事,https://uploadstatic.mihoyo.com/ys-obc/2020/11/30/75053138/a160e27b1f14a4e9dad77ff615cf03ba_8424249189040740277.png,npc,情报交易员
1296,艾琳,女,骑士团附近的传送瞄点的左下方,艾琳，未来的骑士--,暂无,加油啊，艾琳，未来的骑士,https://uploadstatic.mihoyo.com/ys-obc/2020/12/03/75053138/fbe5a76b77e678e25f70711b7979eee2_8948822114969292877.png,npc,蒙德居民
1297,修斯,男,云来海和琼玑野交界渌华池东南面,展翼高飞,冒险家,建议请教一下万叶,https://uploadstatic.mihoyo.com/ys-obc/2020/12/04/49984918/d489f41d2f3f646d44dc7ea54a26d837_4970775486726838683.jpg,npc,冒险者
1299,六指乔瑟,男,白天：女神像附近；夜晚：「天使的馈赠」酒馆内,四叶草之章 第一幕 「真正的宝物」,吟游诗人,（曾经很有人气的）吟游诗人,https://uploadstatic.mihoyo.com/ys-obc/2020/12/03/75053138/46c2b777e28303dc4e85aef4cbb3cc7e_2629022940968640002.png,npc,吟游诗人
1301,兰达,男,望舒客栈,暂无,旅行商人,可疑，很可疑,https://uploadstatic.mihoyo.com/ys-obc/2020/12/04/49984918/cb144961e0041f9547185026c400d17d_661716659513346141.jpg,npc,旅行商人
1302,淮安,男,望舒客栈,未归的熄星蔓延的危机、花洲有客栈,「望舒客栈」掌柜,戈黛特老板的丈夫,https://uploadstatic.mihoyo.com/ys-obc/2020/12/04/49984918/39aeff26f85b9e16dcea4ea08cd19f24_4467929532659296888.jpg,npc,「望舒客栈」掌柜
1312,杜兰,男,白天：千风神殿左边台阶最高处；夜晚：千风神殿左边高点烹饪处,冒险就要勇于前进！,暂无,冒险与邂逅...,https://uploadstatic.mihoyo.com/ys-obc/2020/12/10/75053138/4ea230670c7f00c58c9cb6969522a8de_3867024909584310092.png,npc,冒险家
1313,好奇的帕琪,女,白天：千风神殿左边台阶最高处；夜晚：千风神殿左边高点烹饪处,暂无,学者,与其对话可获得《蒙德高塔》第一卷,https://uploadstatic.mihoyo.com/ys-obc/2020/12/10/75053138/d825c4e0d536b28d4e503553d0d49ca4_4522458837861241752.png,npc,学者
1320,判官儿,男,庆云顶与绝云间之间山腰亭子下,暂无,暂无,你丢的是这把金斧子，还是这把银斧子。,https://uploadstatic.mihoyo.com/ys-obc/2020/12/14/5787925/6034ad3101f85a02de8a40d6f773aad1_2368406669887351724.png,npc,璃月居民
1324,王扳子,男,璃月港造船厂,暂无,暂无,明明是我先。。。,https://uploadstatic.mihoyo.com/ys-obc/2020/12/17/76953456/e0a2c14e3fb754d912ed4b5bc764147b_3685636745747026506.jpg,npc,船厂工人
1325,李锤子,男,璃月港造船厂,暂无,暂无,振作一点吧,https://uploadstatic.mihoyo.com/ys-obc/2020/12/17/76953456/7628057c1aa32835246f235f59ce3c35_6140064091109046224.png,npc,船厂工人
1326,清昼,男,望舒客栈下方平台,暂无,此诗送此城,平仄平仄仄，仄平平仄平。,https://uploadstatic.mihoyo.com/ys-obc/2020/12/17/5787925/3b44838d75f3491f09ef7b228cd7f4a6_222764880558775540.png,npc,诗人
1327,桥西,男,荻花洲七天神像南方大桥边,暂无,独木难支,尽职尽责。,https://uploadstatic.mihoyo.com/ys-obc/2020/12/17/5787925/eed7e95ae27561e29a852c14b880a8f3_1635535813012335135.png,npc,千岩军
1328,甄强,男,望舒客栈下方平台,暂无,暂行之策,甄强【真强】,https://uploadstatic.mihoyo.com/ys-obc/2020/12/17/5787925/8c493114b1b06eade9c362557301ad96_3435152567324094567.png,npc,搬运工
1330,芷若,女,冒险者工会旁,暂无,「三碗不过港」女侍,积极采纳客人建议却总遭老板嫌弃，终究只是打工人。【表面打工人背地里其实是古华派大师姐。】,https://uploadstatic.mihoyo.com/ys-obc/2020/12/18/49984918/d1fb744f5edc2a4bcd5f1f9768d3075c_2080968966593819587.jpg,npc,「三碗不过港」女侍
1331,丹迪,女,请看编者注,暂无,冒险家,喜欢高处的飞行家，貌似挑战成功会获得宝箱。现在所在璃月的点如下：眀蕴镇石像旁望舒客栈入口处轻策庄河对面麦田上高处房子大树旁华池岩岫东北方珉林与碧水源交界地灵龛旁,https://uploadstatic.mihoyo.com/ys-obc/2020/12/18/49984918/59f85a2c233ff2a94d008413dae36b75_8768077720809821706.jpg,npc,冒险家
1332,德贵,男,璃月港冒险者工会旁边,酒自有滋味,「三碗不过港」老板,生意人,https://uploadstatic.mihoyo.com/ys-obc/2020/12/18/49984918/b4af8af49055c74ece3c7290c0ad24bc_5539957901204679263.jpg,npc,「三碗不过港」老板
1334,步云,男,送仙典仪的倚岩殿门口左边,迫近的客星,「群玉阁」引路人,下班！,https://uploadstatic.mihoyo.com/ys-obc/2020/12/18/49984918/b50c0ef855d6b947cea5979ab238f345_3243696744307874258.jpg,npc,「群玉阁」引路人
1337,阿桂,男,璃月港北端陡峭阶梯上的不卜庐,第一章第二幕辞行久远之躯,不卜庐药师,卖部分药材的药师。听说要看药方抓药，不然会产生不好的后果。,https://uploadstatic.mihoyo.com/ys-obc/2020/12/18/49984918/cf1fc649e1a4e2cb1126614e827bb45e_4076101822423193458.jpg,npc,不卜庐药师
1338,秋歌,女, 珠钿舫上,秋歌的请求,暂无,只会在白天出现。璃月声望任务的委托人物之一。,https://uploadstatic.mihoyo.com/ys-obc/2020/12/15/75053138/a7eb30b69754434671d51e51497b8d96_1970854660263483887.png,npc,璃月居民
1339,平海,男,璃月港内,海上盛珠钿,船夫,一介船夫,https://uploadstatic.mihoyo.com/ys-obc/2020/12/15/75053138/17e8c57ee099249d2dc3e8e96af7cd6f_4260572516818599617.png,npc,船夫
1340,落霞,女,珠钿舫上,海上盛珠钿,「珠钿舫」接待员,落霞与孤鹜齐飞，秋水共长天一色,https://uploadstatic.mihoyo.com/ys-obc/2020/12/15/75053138/462d7a3011bb641b71dfbe59f6f61d3c_9006821790675906407.png,npc,「珠钿舫」接待员
1350,乾子,男,暂无,暂无,矿工,到处吃的矿工,https://uploadstatic.mihoyo.com/ys-obc/2020/12/20/76953456/9a8abfd3e6653fad430ac811c59c71ad_3716688635517086510.jpg,npc,矿工
1352,小月,女,孤云阁死兆星号上,孤舰履孤云,船员,“大家的事情我都知道哦。”（这居然是个妹子？,https://uploadstatic.mihoyo.com/ys-obc/2020/12/21/21665168/6a671db0d2648518f1ed3d1f742b5f69_6795674288918604905.png,npc,死兆星号船员
1393,玉霞,女,龙脊雪山山脚营地,低温预警，山中之物,冒险家,【弟弟是冒险家协会分会长大人】,https://uploadstatic.mihoyo.com/ys-obc/2020/12/23/21665168/6e17cee717f80e08914a11f25a95713a_164517217327740018.png,npc,冒险家
1395,乌尔班,男,龙脊雪山山脚营地,暂无,腐蚀之牙,既然普通的矿石与材料是有极限的… 那么我就...,https://uploadstatic.mihoyo.com/ys-obc/2020/12/23/21665168/8cb790cc0c4204319402a3e2c1ab597d_1514293183990733554.png,npc,武器铸造师
1396,史蒂文斯,男,龙脊雪山山脚营地,暂无,覆雪之国,【低情商】 能不能给我打白工。【高情商】你就是蒙德城的荣誉骑士？,https://uploadstatic.mihoyo.com/ys-obc/2020/12/23/21665168/95318eda78c6d783a86fe6e168fb3c41_5971144331922579661.png,npc,学者
1397,哈里斯,男,龙脊雪山山脚营地,趁热食用；啊，新鲜的肉。,厨师,厨师（x）营长（√）,https://uploadstatic.mihoyo.com/ys-obc/2020/12/23/21665168/2a5c002d9931c25a019d97c5640fe471_8205857755273400010.png,npc,厨师
1436,甜甜,女,璃月港明星斋附近,轻松的冒险初体验,冒险家协会宣传员,向着星辰与深渊,https://uploadstatic.mihoyo.com/ys-obc/2021/01/12/75053138/23ab072059f9d9547381200225c351ac_697693273452058894.png,npc,冒险家协会宣传员
1438,大坤,男,璃月港北码头,【海上拾玉】，【群玉阁...再现？】,千岩军,辛焱酱我是你的粉丝啊！【飞扑】,https://uploadstatic.mihoyo.com/ys-obc/2021/01/12/21665168/630dac88688b0fe4ce3a70f0ae89913f_3606467980176441508.png,npc,千岩军
1443,弗莱琪,女,万民堂旁边的小吃摊,蒙德人，在璃月,美食家,立志走遍七国的美食家,https://uploadstatic.mihoyo.com/ys-obc/2021/01/18/75053138/8aa34e2452839a7a0635dab4f7325138_6856093495200149293.png,npc,美食家
1444,杰里,男,万民堂旁边的小吃摊,杰里的蒙德城美食回忆、蒙德人，在璃月,美食家,立志吃遍七国的美食家,https://uploadstatic.mihoyo.com/ys-obc/2021/01/18/75053138/985da511bef8046b877fe7d87485cb1a_1166081630102304134.png,npc,美食家
1445,天叔,男,璃月港南港口,暂无,璃月七星之一「天枢星」,七星竟在我身边.JPG,https://uploadstatic.mihoyo.com/ys-obc/2021/01/18/21665168/6fc3cb48e310abbc7802438ea60516e0_1654013260038271675.png,npc,「天枢星」
1452,枭总管,男,璃月铁匠铺右侧（白天出现）,霖铃的「绝对」,船局主管,船局老总管，在工作方面操碎了心,https://uploadstatic.mihoyo.com/ys-obc/2021/01/22/75053138/42e3d602a2c7f1532df8a8986fa3aa15_4157893640434203989.png,npc,船局主管
1488,黄衫,女,望舒客栈底部入口楼梯上院子的桌子旁,暂无,镖师,女侠,https://uploadstatic.mihoyo.com/ys-obc/2021/01/26/49984918/d17ef52a9e3ec9856ca5021e7d53cf45_4330736606143196025.jpg,npc,镖师
1491,茱萸,男,石门大路分叉口，靠近桥边的位置,暂无,采药人,柔情铁汉,https://uploadstatic.mihoyo.com/ys-obc/2021/01/26/49984918/aecd131b95e4025d4761c4d5cdd19526_4800130761315934942.jpg,npc,采药人
1501,季同,男,璃月港入口桥内集市旁，传送点附近,暂无,商人,只要你给原石，我们就是好兄弟,https://uploadstatic.mihoyo.com/ys-obc/2021/02/03/49984918/6d2d8309e9fa069fb017e80a628d5429_8121903853230067819.jpg,npc,商人
1550,治平,男,璃月港与黄金屋之间道路的拐角旁,暂无,冒险家协会·调查员,冒险家协会没有别的款式的衣服么,https://uploadstatic.mihoyo.com/ys-obc/2021/02/03/49984918/ff6eac78b59edf546d48556babe9ca35_2584966835561107979.jpg,npc,冒险家协会·调查员
1555,绮命,女,璃月港内,暂无,占卜师,被水手志华纠缠,https://uploadstatic.mihoyo.com/ys-obc/2021/02/04/75053138/b4d4e98e130711f480d4d2b363ee91fd_6841512988754166044.png,npc,占卜师
1556,志华,男,璃月港内,勺起万民足,水手,钢 铁 志 男,https://uploadstatic.mihoyo.com/ys-obc/2021/02/04/75053138/ab4db90bda267d2ff5f63ccb4a13795d_4644397773792068911.png,npc,水手
1561,观海,男,白天：璃月港停船码头处；夜晚：岩上茶室楼上,勺起万民足,水手,夜猫子,https://uploadstatic.mihoyo.com/ys-obc/2021/02/04/75053138/ed24fb4f7795dd62e3499c715abc64d3_8540948274398730543.png,npc,水手
1589,宜年,男,璃月港,暂无,小吃摊摊主,小时候的梦想就是当小吃摊摊主！,https://uploadstatic.mihoyo.com/ys-obc/2021/02/10/49984918/4829ff39420b2d623fe6ad82418dbeea_1642823362718453332.jpg,npc,小吃摊摊主
1651,小雀儿,女,奥藏山传送点下面附近,去年霄灯，今年古华,古华派弟子,如此蛮横的师妹,https://uploadstatic.mihoyo.com/ys-obc/2021/03/07/75053138/156dbae533808a1d91fefdfacf2849bf_4606025082912144359.png,npc,古华派弟子
1652,孙宇,男,奥藏山传送点下面附近,飞雀扰剑意；去年霄灯，今年古华,古华派弟子,重铸古华派荣光...,https://uploadstatic.mihoyo.com/ys-obc/2021/03/06/75053138/ecab01fb4877a40117be2d9fee33edd1_3266748791608902642.png,npc,古华派弟子
1653,葫芦,男,荻花洲七天神像附近,暂无,暂无,卖假酒？,https://uploadstatic.mihoyo.com/ys-obc/2021/03/06/5787925/7a0d7f082402a9ea4798bfbaf2891bc9_4369157473784909939.png,npc,璃月商贩
1654,辉子,男,荻花洲七天神像附近,暂无,暂无,狗狗，咬他！！！！！,https://uploadstatic.mihoyo.com/ys-obc/2021/03/06/5787925/912ffa8338939d46fcce35608c9db2df_7854392052831419369.png,npc,盗宝团成员
1655,蒙蒙,女,荻花洲七天神像附近,暂无,暂无,可爱的小妹妹。,https://uploadstatic.mihoyo.com/ys-obc/2021/03/06/5787925/da50178e69b6fd007fc10544d7c1d38b_2132237625664474598.png,npc,璃月居民
1656,汐零,女,望舒客栈下方的桥上,暂无,暂无,可能这就是北斗大人的魅力吧。,https://uploadstatic.mihoyo.com/ys-obc/2021/03/06/5787925/4bc2241ed9e2e688815367f8cfbc2cbe_7286681539606358503.png,npc,水手
1657,悬帆,男,望舒客栈下方桥上,暂无,暂无,别忽视身边人啊喂。,https://uploadstatic.mihoyo.com/ys-obc/2021/03/06/5787925/b4f415b95f98bb0c982451a5f000eeba_6561896076263038293.png,npc,水手
1659,哈里,男,【望风角】锚点旁的小路上巡逻,暂无,暂无,在野外巡逻的西风骑士。,https://uploadstatic.mihoyo.com/ys-obc/2021/03/06/5861124/a40b71aa226637a9cd5f117ce9278a37_3686025696173716273.png,npc,西风骑士
1660,阿佑,女,轻策庄,暂无,暂无,懂事的妹妹。,https://uploadstatic.mihoyo.com/ys-obc/2021/03/06/5787925/d5962b0290f83fead8765b746aacbe8d_5107690190586964007.png,npc,轻策庄居民
1661,摆渡人,女,璃月港往生堂门口,暂无,传说任务-引蝶之章,跃于寂静，沉于光明。,https://uploadstatic.mihoyo.com/ys-obc/2021/03/06/5787925/74ed6d26cc33a1e6089925c8f4b16cfd_3712991981892441773.png,npc,「往生堂」仪倌
1663,寒锋,男,轻策庄北部梯田房屋处,暂无,暂无,您儿子可是璃月港一等一的铁匠。,https://uploadstatic.mihoyo.com/ys-obc/2021/03/06/5787925/128f59d643108661d98c79a3ed527c1f_2158369846069933938.png,npc,轻策庄居民
1664,万货通,男,荻花洲七天神像南方过桥后附近,暂无,暂无,你这有派蒙卖吗，想多买几个当预备应急。,https://uploadstatic.mihoyo.com/ys-obc/2021/03/06/5787925/cf9231ca5657e324359164ff3100dd03_4181654367296900518.png,npc,璃月商贩
1665,言笑,男,望舒客栈,暂无,厨师,曾经的江洋大盗而如今因何金盆洗手？,https://uploadstatic.mihoyo.com/ys-obc/2021/01/26/49984918/2a31c39d3d4028abd524cce6be3336c9_5341731990254800186.jpg,npc,厨师
1668,田铁嘴,男,璃月港合成台对面三碗不过港招待处,暂无,说书人,最热门pv开场角色！,https://uploadstatic.mihoyo.com/ys-obc/2021/03/11/49984918/8adc6d530cdea5ffe8c20fac230bc11a_2036068545701676518.jpg,npc,说书人
1673,嘉义,男,【璃月港】珍宝阁附近,暂无,南天门之谜,这么小的地方就不用走来走去了,https://uploadstatic.mihoyo.com/ys-obc/2021/03/12/5861124/02834c50044342923b4d1edaf4325c6a_8699680011622599396.png,npc,千岩军
1680,仲林,男,望舒客栈传送点下面,暂无,旅行商人,你问我是哪里人？我是干饭人,https://uploadstatic.mihoyo.com/ys-obc/2021/03/16/75053138/2b4a4f1be6eb0bc28f74aec7e0f227e7_7842844747936675206.png,npc,旅行商人
1681,阿芷,女,白天：轻策庄右边传送点下面,守乡人,采药人,采菊东篱下，悠然见南山,https://uploadstatic.mihoyo.com/ys-obc/2021/03/15/75053138/2e445bb62314407f04d00d71e36d5854_1713431050191191697.png,npc,采药人
1706,艾迪丝博士,女,白天风起地大树下。,暂无,历史学者,常年在风起地的历史学家。（姐姐是个萝莉？！）,https://uploadstatic.mihoyo.com/ys-obc/2021/03/21/21665168/0ea01bc9259bd50e2ed0779c66914102_8436036260222579770.png,npc,历史学者
1707,阿拉米,男,蒙德城教堂门口广场楼梯附近巡逻,暂无,西风骑士,溜达,https://uploadstatic.mihoyo.com/ys-obc/2021/03/20/49984918/208fd294b9d75111ef4ec0cb8151a228_4842144488608676865.jpg,npc,西风骑士
1711,莉兹,女,蒙德城后门,百发百中，风中万花，风物之歌,西风骑士,来一起享受风花节吧！（情人节）,https://uploadstatic.mihoyo.com/ys-obc/2021/03/20/21665168/0fa980c5be07e6b86e7adb2d6e7b50f5_3669300470145688625.png,npc,西风骑士
1718,路爷,男,轻策庄内,轻策来客,工坊主人,璃月知名木匠手艺人,https://uploadstatic.mihoyo.com/ys-obc/2022/01/21/75053138/7e6a88ae81ba666f282b4f4e6b310f75_7401099125209515983.png,npc,工坊主人
1731,大迷糊,男,石门传送点附近塔楼上,暂无,暂无,这确实是个大迷糊,https://uploadstatic.mihoyo.com/ys-obc/2021/04/01/5787925/d15f0b764bf84db8ad1cfc3e885fb4b1_2132171080810535483.png,npc,千岩军
1732,黄巨贾,男,望舒客栈下方平台,暂无,暂无,这个盛气凌人的样子，好讨厌啊,https://uploadstatic.mihoyo.com/ys-obc/2021/04/01/5787925/0ff4df22039d3a772c2f0c40c88331b6_5451068864896170995.png,npc,旅行商人
1733,毓华,女,望舒客栈下方电梯前,暂无,暂无,我怀疑你是凝光的眼线，但我没有证据。,https://uploadstatic.mihoyo.com/ys-obc/2021/04/01/5787925/3de04ae5fc1351bc942e763eee924f4a_7705579431831189343.png,npc,客栈女侍
1734,乔姨,女,石门南方茶摊附近,暂无,暂无,乔姨让我休息，乔姨知道体贴旅行者。,https://uploadstatic.mihoyo.com/ys-obc/2021/04/01/5787925/c3046f115aed77df1f0dc57217178b12_4930885539672939419.png,npc,璃月居民
1735,小羽,男,荻花洲七天神像附近,暂无,暂无,暂无,https://uploadstatic.mihoyo.com/ys-obc/2021/04/01/5787925/4e3e468f202d249bb22b7e962629c92a_8569625392146360539.png,npc,璃月居民
1737,沉香,女,「不卜庐」门前,暂无,良药苦口,只抓不吃，那怎么治病呢,https://uploadstatic.mihoyo.com/ys-obc/2021/04/02/5787925/62d8d09b658b7f1a1e29eade50650552_885853309125086834.png,npc,璃月居民
1739,红豆,女,「不卜庐」门前,暂无,良药苦口,良药苦口利于病呀,https://uploadstatic.mihoyo.com/ys-obc/2021/04/02/5787925/0859ce97cd9745cdffa7a1a5c6bb501e_3304630436015947667.png,npc,璃月居民
1771,博来,男,璃月港入口桥内集市的负一楼,璃月港平静的一天,「万有铺子」老板,震惊，某璃月港老板竟然偷偷贩卖日落果？！,https://uploadstatic.mihoyo.com/ys-obc/2021/04/13/75053138/d6c3235744ed875a63b716aa7ec16e5f_7452362377110449702.png,npc,「万有铺子」老板
1772,张顺,男,璃月港入口桥头处,暂无,货郎,浪里白条,https://uploadstatic.mihoyo.com/ys-obc/2021/04/13/75053138/159d1a56931e2e851b16c2df20f341cd_6257684105433551220.png,npc,货郎
1773,葛瑞丝,女,白天蒙德风神像广场前、晚上蒙德城教堂内,暂无,修女,会瞬移的修女,https://uploadstatic.mihoyo.com/ys-obc/2021/04/17/49984918/3888f406881940549cf169b8d4093a4f_4392822146829321385.jpg,npc,修女
1774,奥特,男,蒙德城大教堂门口,暂无,西风骑士,风雨无阻 蒙德楷模,https://uploadstatic.mihoyo.com/ys-obc/2021/04/17/49984918/dba64962cf48139f96e84339861141f6_1019479503841461475.jpg,npc,西风骑士
1775,维克多,男,蒙德城教堂,暂无,愚人众使节,二五仔,https://uploadstatic.mihoyo.com/ys-obc/2021/04/17/49984918/5bfa0545eb76a2416c53f2eb3816459b_1444074362749995854.jpg,npc,愚人众使节
1777,维多利亚,女,蒙德城教堂,暂无,修女,她的秘密！,https://uploadstatic.mihoyo.com/ys-obc/2021/04/17/49984918/e5a53da404ef640b8fbbc955ea7b39e5_4886676327362197709.jpg,npc,修女
1778,吉丽安娜,女,蒙德城教堂,暂无,修女,药材管理师【X】,https://uploadstatic.mihoyo.com/ys-obc/2021/04/17/49984918/3006dc559740ccceb09ac5dca7384ba1_3337570449314217553.jpg,npc,修女
1779,叶卡捷琳娜,女,璃月港北国银行内,暂无,「北国银行」接待员,摘下面具应该挺好看的,https://uploadstatic.mihoyo.com/ys-obc/2021/04/18/75053138/99ba47b48075c86d991237cb579bb901_5078825065799400609.png,npc,「北国银行」接待员
1784,娜蒂亚,女,白天：璃月港集市旁看海；夜晚：北国银行门口,暂无,「北国银行」守卫,在北国银行值夜班,https://uploadstatic.mihoyo.com/ys-obc/2021/04/21/75053138/3a9b6690979181fb2b89682b671c5a60_7331733856367612204.png,npc,「北国银行」守卫
1787,小安,男,璃月港内,工作迫近、璃月港平静的一天、必要手续,码头管理员,工作时不喜欢被人打扰,https://uploadstatic.mihoyo.com/ys-obc/2021/04/25/75053138/a444e678492de8d36852f1d62cf0656d_1033710864245046274.png,npc,码头管理员
1788,狗三儿,男,璃月声望系统旁,暂无,仓库管理员,大块头狗三儿,https://uploadstatic.mihoyo.com/ys-obc/2021/04/25/75053138/714d29df2bb693ac1aad31364f8d5c6a_690088109342247393.png,npc,仓库管理员
1789,楚仪,女,璃月港岩上茶室,暂无,「岩上茶室」招待,什么时候亮血条？,https://uploadstatic.mihoyo.com/ys-obc/2021/04/25/75053138/926813552a4f14ee032e60fa3588f176_8834847625197721260.png,npc,「岩上茶室」招待
1790,璃彩,女,璃月港明星斋的左斜对面,暂无,「琉璃亭」女侍,璃菜的天堂——琉璃亭,https://uploadstatic.mihoyo.com/ys-obc/2021/04/25/75053138/074e354ccb0c13677c2a466c2e8f4b00_5727152880383524721.png,npc,「琉璃亭」女侍
1791,月疏,女,璃月港明星斋的对面,暂无,「新月轩」女侍,吃海味料理必到新月轩,https://uploadstatic.mihoyo.com/ys-obc/2021/04/25/75053138/68df3942f6351de02b9a7206222b6b45_2863796462213643356.png,npc,「新月轩」女侍
1995,歌德,男,西风骑士团旁的大风车下面（附近有小花园、小喷泉）,每日委托「应付尽付」,「歌德大酒店」老板,图纸有点贵啊,https://uploadstatic.mihoyo.com/ys-obc/2021/12/16/72954525/c6108dfad1b4ec18d35c26f07952d32c_2058139080999922532.png,npc,「歌德大酒店」老板
2022,逢岩,男,璃月港玉京台,暂无,暂无,能当上教头，还是厉害的,https://uploadstatic.mihoyo.com/ys-obc/2021/05/06/5787925/1b89646eb702875c1d7a004c8d89aa9e_6677527812757325814.png,npc,千岩军教头
2023,秀华,女,璃月港北方传送点下方,暂无,暂无,"倏忽比之白驹,寄寓谓之逆旅。",https://uploadstatic.mihoyo.com/ys-obc/2021/05/06/5787925/7e67dce190e04067a3cf21723ecbb339_3605684400173038909.png,npc,旅馆女侍
2026,铁衫,男,璃月港月海亭门前,暂无,暂无,职业规划很到位，未来很美好。,https://uploadstatic.mihoyo.com/ys-obc/2021/05/06/5787925/a9c5657e38bdbfdc53624a9e6f57ac99_6501649703678999225.png,npc,千岩军
2032,蔡乐,男,璃月港大门口,暂无,千岩军,千岩军长得都差不多【不是】,https://uploadstatic.mihoyo.com/ys-obc/2021/01/26/49984918/7fece5b6e74b17644f0deeedea15df9c_5400311537079194061.jpg,npc,千岩军
2033,弘毅,男,玩具摊旁边的道路巡逻,暂无,千岩军,千岩军长得都差不多【不是】,https://uploadstatic.mihoyo.com/ys-obc/2021/01/26/49984918/c01e9cd4467d6a3cb25b60379cb969f0_9014623792300561631.jpg,npc,千岩军
2034,向明,男,三碗不过港旁,暂无,千岩军,千岩军长得都差不多【不是】,https://uploadstatic.mihoyo.com/ys-obc/2021/01/26/49984918/9415985a8ea03aa1776ac4b9a1750fbd_4637144810762884489.jpg,npc,千岩军
2035,盈珠,女,石门入荻花洲道路分叉口,暂无,冒险家,忧郁啊,https://uploadstatic.mihoyo.com/ys-obc/2021/05/14/49984918/62caea797862079c26e423353337a568_579338819721126418.jpg,npc,冒险家
2037,小昭,女,璃月港,工作迫近、璃月港平静的一天、必要手续,「璃月总务司」文员,蛮拼的打工人,https://uploadstatic.mihoyo.com/ys-obc/2021/05/16/75053138/915cf4a9404a9438274624fa396357d0_3278911427776201629.png,npc,「璃月总务司」文员
2038,恩内斯特,男,晨曦酒庄,幼狮之章 第一幕 骑士团长的一日假期,仓库管理员,在卢姥爷的酒庄里打工报酬一定很多吧,https://uploadstatic.mihoyo.com/ys-obc/2021/05/16/75053138/7315a48aa57aa83c32c9d908adcf087a_1451924343352498635.png,npc,仓库管理员
2043,爱德琳,女,晨曦酒庄房子里,暂无,女仆长,晨曦酒庄的女仆长,https://uploadstatic.mihoyo.com/ys-obc/2021/05/20/75053138/a4ce33c7141ab4cc0d8412ecadb102c4_2429689471528457815.png,npc,女仆长
2049,埃泽,男,晨曦酒庄室内,迪奥娜邀约任务,酒业行会执行会长,一般都是他在打理晨曦酒庄的事务...,https://uploadstatic.mihoyo.com/ys-obc/2021/05/27/75053138/a0cc50f5deb1bf63973f036e775649f8_4490977662389635742.png,npc,酒业行会执行会长
2068,金钟,男,璃月港玉京台附近（萍姥姥旁）,暂无,千岩军,上流的地方——玉京台,https://uploadstatic.mihoyo.com/ys-obc/2021/05/31/75053138/042485d0feff254844a14a8771837312_2085991864234550702.png,npc,千岩军
2083,大武,男,璃月港,锦织之章 第一幕,暂无,行秋：阿嚏，谁再念叨我,https://uploadstatic.mihoyo.com/ys-obc/2021/06/02/5787925/0f51b04702162681276491dac8b65658_5747811158636690113.png,npc,璃月居民
2085,一成,男,璃月港,每日任务—无底之胃,千岩军,咕噜咕噜~,https://uploadstatic.mihoyo.com/ys-obc/2021/06/02/5787925/503897ef97710bc8f7e93260be68534a_1522961722397924341.png,npc,千岩军
2087,蔡寻,男,璃月港大门口,暂无,千岩军,长得都差不多【不是】,https://uploadstatic.mihoyo.com/ys-obc/2021/05/14/49984918/166ce807e21d5f0c831d83b04d836f4a_8579861453762745050.jpg,npc,千岩军
2248,莎莎,女,蒙德广场下方喷泉附近,暂无,暂无,努力克服口吃的吟游诗人，仅在白天出现暂无,https://uploadstatic.mihoyo.com/ys-obc/2021/07/06/145906584/ff1f8f3424f4e4e09b931b1011ca383c_8940267894339850188.png,npc,吟游诗人
2409,弥生七月,女,稻妻城内,暂无,「弥生漆器」店主,「弥生漆器」第四代店主,https://uploadstatic.mihoyo.com/ys-obc/2021/07/22/75053138/fa0b639c83d890044ff8ae6584a5ff45_4266404639148044343.png,npc,「弥生漆器」店主
2410,梢,女,木漏茶室,暂无,「木漏茶室」店员,想和太郎丸签订契约呢,https://uploadstatic.mihoyo.com/ys-obc/2021/07/22/75053138/4d343829aea4fd6b9a463869e4a37a24_3105734058797120050.png,npc,「木漏茶室」店员
2411,志村勘兵卫,男,稻妻城冒险家协会对面,暂无,「志村屋」店主,弃武从商，白手起家当小老板,https://uploadstatic.mihoyo.com/ys-obc/2021/12/20/192134014/d084e1c37a3395fd9cb687b4278002c1_8739554059906778010.jpg,npc,「志村屋」店主
2423,鲸井小弟,男,9个位置,手鞠游戏,暂无,一个被冒险家艾莉丝逗着玩的小朋友。初始位置：稻妻白狐之野南边传送点东南方附近后续位置：踏鞴砂北边传送点西边山下附近踏鞴砂南边传送点东偏南边与秘境点形成线的东西中位竖线相交稻妻城传送点东边旁边小岛山顶上荒海传送点西边海边山丘上魔偶剑鬼旁传送点秘境点成线与两民宅成线相交点的蛇骨矿洞内蛇神之首的蛇骨口里清籁岛靠路边地灵龛旁边的小遗迹上海袛岛珊瑚宫传送描点东西方向的两座连起来的小山上,https://uploadstatic.mihoyo.com/ys-obc/2021/06/30/49984918/497fa97956d3f53977562927cf9d4dba_752770288358578543.jpg,npc,手鞠游戏
2442,枫,女,离岛,暂无,「天顶屋」老板,你这里有没有神里大小姐迷你手办。,https://uploadstatic.mihoyo.com/ys-obc/2021/07/27/5787925/3d199c209a9e0b2feec1c3b7ac12a0ba_547571728253936596.png,npc,「天顶屋」老板
2443,久利须,男,离岛,魔神任务第二幕第一章,「万国商会」会长,良心商人,https://uploadstatic.mihoyo.com/ys-obc/2021/07/27/5787925/13276589aa246f5a942d2357280fad04_961567732741264378.png,npc,「万国商会」会长
2444,卡琵莉亚,女,离岛,暂无,「远航之风」店主,暂无,https://uploadstatic.mihoyo.com/ys-obc/2021/07/27/5787925/1b9aad10b2d7166b579cd3b4c68fc677_4549685960879219710.png,npc,「远航之风」店主
2445,秋月,女,离岛,暂无,「楚瑜商行」分行长,奇怪，怎么没找到你璃月的总行呢。,https://uploadstatic.mihoyo.com/ys-obc/2021/07/28/5787925/bf7db1bda7291480cbf6967217bdce0a_944881500799355466.png,npc,「楚瑜商行」分行长
2446,瓦希德,男,离岛,暂无,「葱茏之愿」店主,「丰沃之惠」，九折优惠。,https://uploadstatic.mihoyo.com/ys-obc/2021/07/28/5787925/15485dc6624fdcc8c8497c83d483bc0d_6159849013972881858.png,npc,「葱茏之愿」店主
2447,柊千里,女,离岛,魔神任务第二章第一幕,「勘定奉行」大小姐,为了爱情，偷偷放跑旅行者。,https://uploadstatic.mihoyo.com/ys-obc/2021/07/28/5787925/5921a44cf4b15863ef7242c7825d24ad_3742109618060462211.png,npc,稻妻居民
2450,黑田,男,稻妻城铁匠铺附近,八重堂的邀约,「八重堂」编辑,快来买书啦~,https://uploadstatic.mihoyo.com/ys-obc/2021/07/29/75053138/9dcaf7ccf2fb9fa0336d925db3f9173c_7503641017007365514.png,npc,「八重堂」编辑
2451,木南杏奈,女,稻妻城铁匠铺附近,雪鹤之章 第一幕 鹤与白兔的诉说 ，异国的披萨,「木南料亭」店主,旅行者不要忘记带神里小姐一起去吃哦,https://uploadstatic.mihoyo.com/ys-obc/2021/07/28/75053138/0fbea61f728763790ba27dd48d088f91_5521019953698140326.png,npc,「木南料亭」店主
2452,葵,女,稻妻城传送点旁,暂无,「九十九物」店主,良心商家！缺鸣草的可以去这里买【限购】,https://uploadstatic.mihoyo.com/ys-obc/2021/11/09/8912764/65b559d7f089c840ec0e77cdb580ace9_6892687275975983344.png,npc,「九十九物」店主
2456,布鲁斯,男,蒙德门口,暂无,西风骑士,一个感觉选错职业的西风骑士，因为无聊而偷懒。,https://uploadstatic.mihoyo.com/ys-obc/2021/07/29/49984918/366df14de283dad21ea90d8af3800f1a_6445326465150362914.jpg,npc,西风骑士
2460,阿创,男,稻妻城西北边附近,暂无,「天目锻冶屋」学徒,在稻妻的刀锻冶中，有着雷电五传之说，「天目流」是其中一传。不屑于那些装神弄鬼的锻造秘法，只是一味投入无限的热情和意志力，每一件作品都可以说是贯彻了稻妻的武道，这便是「天目流」！,https://uploadstatic.mihoyo.com/ys-obc/2021/07/29/49984918/57ff9a3e7d27df4959228f4171172eeb_8128947583826419202.jpg,npc,「天目锻冶屋」学徒
2475,凉子,女,离岛传送点南边的城市边沿处,暂无,小吃摊摊主,卖特色小吃的摊主,https://uploadstatic.mihoyo.com/ys-obc/2021/08/02/49984918/7eb1b8e1cc3843a6bbdcbd6894657a3d_6835905374921787364.jpg,npc,小吃摊摊主
2487,御舆源一郎,男,稻妻城内,暂无,「根付之源」店主,【商品列表】【商品种类】价格【雷之印】【限购】无限制,https://uploadstatic.mihoyo.com/ys-obc/2021/12/20/192134014/e97b3a150cdf7f73ef847a026794e1f6_4285665898148243573.jpg,npc,「根付之源」店主
2491,阿泰,男,璃月港合成台左前方路边店铺,暂无,璃月商人,财不外露啊。,https://uploadstatic.mihoyo.com/ys-obc/2021/08/05/5787925/237e752dcf1a9d0b8651d9236fd44004_1637192672189835102.png,npc,璃月居民
2492,关宏,男,珠钿舫,暂无,暂无,心态真好啊。,https://uploadstatic.mihoyo.com/ys-obc/2021/08/05/5787925/da9b052e3ab101b3d38c8869e0e470a3_8969700364396227542.png,npc,璃月居民
2494,老赵,男,珠钿舫,暂无,保镖,详细说说这里的乾坤，没事帝君是我朋友，我不怕的。,https://uploadstatic.mihoyo.com/ys-obc/2021/08/05/5787925/48affa4376316052e953cfd3ee9812ef_3561636700111066246.png,npc,保镖
2495,李九郎,男,珠钿舫,暂无,诗人,如果是酒的话，改天去隔壁蒙德尝尝晨曦酒庄的酒？,https://uploadstatic.mihoyo.com/ys-obc/2021/08/05/5787925/1b5efac6bff69f11ff6c6df1542ff73e_1441892938581565107.png,npc,诗人
2496,骆丰,男,珠钿舫,暂无,暂无,达官显贵也并非是好人，交友还是要慎重的，不过旅行者嘛，你大可放心。,https://uploadstatic.mihoyo.com/ys-obc/2021/08/05/5787925/e281fbef1584e054058ea26f4ef248d0_4437327530897849250.png,npc,璃月居民
2497,马克西姆,男,珠钿舫,暂无,暂无,之前不上，现在群玉阁是再也上不去了。,https://uploadstatic.mihoyo.com/ys-obc/2021/08/05/5787925/223b99459cb69edef761290ecae8ee25_7613278944439572726.png,npc,璃月居民
2551,约顿,男,蒙德清泉镇,暂无,暂无,暂无,https://uploadstatic.mihoyo.com/ys-obc/2021/08/09/145906584/79b579b7b3fe4bb6b48ef3e67f892a2a_7374659323816956493.png,npc,猎人
2553,艾伦,男,清泉镇,暂无,暂无,暂无,https://uploadstatic.mihoyo.com/ys-obc/2021/08/09/145906584/7de476d89089d33abe7c980ce71e5472_76316202235057636.png,npc,猎人
2554,老芬奇,男,蒙德清泉镇,暂无,暂无,仅白天出现在清泉镇暂无,https://uploadstatic.mihoyo.com/ys-obc/2021/12/13/76297419/ca1d1ae68b411ec01278d64a2d09c39f_4115041538888676636.png,npc,蒙德居民
2558,阿扣,男,蒙德雪山营地,暂无,暂无,暂无,https://uploadstatic.mihoyo.com/ys-obc/2021/08/12/145906584/d653887edead239c384f63f38bb45efc_1804057669699183131.png,npc,盗宝团
2559,康纳,男,蒙德晨曦酒庄,暂无,暂无,仅在白天出现在晨曦酒庄暂无,https://uploadstatic.mihoyo.com/ys-obc/2021/08/12/145906584/a88894ddfaa662875b9fbbc46d13659f_4494637259001048346.png,npc,酿酒师
2561,长野原龙之介,男,稻妻城铁匠铺旁,暂无,烟花匠,长野原烟花匠（×）岳父大人（√）,https://uploadstatic.mihoyo.com/ys-obc/2021/08/12/75053138/1571c0a44995b835362d6c14b054d928_6010213735046451315.png,npc,烟花匠
2562,驹形,女,稻妻城铁匠铺旁,棋戏 机关棋谭,「机关棋谭」代理,快来下棋啦,https://uploadstatic.mihoyo.com/ys-obc/2021/08/12/75053138/2e9ef353b6331ab11dc539d46eede8a8_5796318593423655525.png,npc,「机关棋谭」代理
2702,百合华,女,离岛,暂无,「远国监司」监察,优质专业的服务往往需要大量的手续费，理解，理解的~,https://uploadstatic.mihoyo.com/ys-obc/2021/08/29/5787925/7dbfe252a85dd7b63b0cd3813569624d_2612984165418464950.png,npc,监察
2703,横山,男,离岛,魔神任务第二章第一幕,勘定奉行役人,哼！,https://uploadstatic.mihoyo.com/ys-obc/2021/08/29/5787925/d202809820603a7cb7793e890c6b6f33_4246707731139322461.png,npc,勘定奉行役人
2704,罗伯特,男,离岛,暂无,商人,这帮人黑！真的黑！,https://uploadstatic.mihoyo.com/ys-obc/2021/08/29/5787925/5b73b63a97e59a1d8b7475c68b16f55e_6582665296176909915.png,npc,商人
2705,千叶,男,离岛,暂无,勘定奉行役人,你们的大小姐已经带我去鸣神岛了，诶嘿~,https://uploadstatic.mihoyo.com/ys-obc/2021/08/29/5787925/8da08f65235b951cf0cb0a77b8b500c1_841600046290123798.png,npc,勘定奉行役人
2706,笹野,男,离岛,暂无,暂无,...祝有情人终成眷属吧,https://uploadstatic.mihoyo.com/ys-obc/2021/08/29/5787925/68eaab12ab5b47b83f2f73d94d51ab10_8978857498526170607.png,npc,稻妻居民
2707,婷婷,女,离岛,暂无,学者,自由...,https://uploadstatic.mihoyo.com/ys-obc/2021/08/29/5787925/42909e8698905a7b26b540d86d14f41d_1098620197545699663.png,npc,璃月学者
2708,西西,女,离岛,暂无,万国商会役人,「万国商会」会好起来的。,https://uploadstatic.mihoyo.com/ys-obc/2021/08/29/5787925/b6666afcd14cfd7c97a8898b2102c0ac_7850446133705477115.png,npc,万国商会门役
2709,新之丞,男,离岛,魔神任务第二章第一幕,勘定奉行役人,你一定会找到属于你的意中人的。,https://uploadstatic.mihoyo.com/ys-obc/2021/08/29/5787925/f9480a6c7fb289c585867c725f926f58_5649960589505690534.png,npc,勘定奉行役人
2710,荫山,女,离岛,暂无,「远国监司」监察,从对话上来看，起码是个好人。,https://uploadstatic.mihoyo.com/ys-obc/2021/08/29/5787925/7b99e97ffe8ee2497cd9fec0325ae65c_5348088097170066648.png,npc,监察
2780,小卷,女,海祗岛望泷村,海渊仙草灵验记,望泷村长老,完成任务后，每日与其对话占卜可得宝箱哟~,https://uploadstatic.mihoyo.com/ys-obc/2021/09/07/75053138/7eaf870ce025288205d4ec0a04146817_1779892491774618727.png,npc,望泷村长老
2781,琳琅,女,璃月港集市（白天），明星斋旁（晚上）,靖世九柱,「希古居」店主,古董店老板娘...,https://uploadstatic.mihoyo.com/ys-obc/2021/09/07/75053138/310a899344bf4908bf0c44054a085126_3819991366578342540.png,npc,「希古居」店主
2783,星辰君,男,望舒客栈桥头附近,暂无,信徒,掇星攫辰天君的...信徒,https://uploadstatic.mihoyo.com/ys-obc/2021/09/07/75053138/e336a910617dcebe0230b39558d8f95e_3099465138243386748.png,npc,信徒
2812,鲸井椛,女,稻妻城西北方,暂无,稻妻渔师,那个，我加入的话能白送我渔叉吗。,https://uploadstatic.mihoyo.com/ys-obc/2021/09/29/21665168/761e54b2b77fa0a2ecc437cc93118f8d_1763029308361862593.png,npc,稻妻渔师
2813,凯瑟琳,女,稻妻城内,暂无,每日委托,这个凯瑟琳不太冷。,https://uploadstatic.mihoyo.com/ys-obc/2021/09/29/21665168/6aa52fda6d98e2fc90a81a12b07f44dd_1727323061300784437.png,npc,冒险家协会接待员
2814,古谷升,男,稻妻城,暂无,冒险家,体弱但是意外靠谱的冒险家前辈。,https://uploadstatic.mihoyo.com/ys-obc/2021/09/29/21665168/7688b67103ac8da8f0f308b817956279_4848295239405308151.png,npc,冒险家
2842,楠塔克,男,蒙德城外,暂无,蒙德渔师,一名热衷于写小说的钓鱼大师,https://uploadstatic.mihoyo.com/ys-obc/2021/10/11/5787925/144829ff15ad2388b41bb889bb8e700d_3369164453768384180.png,npc,蒙德渔师
2843,嘉玮,男,璃月港港口,暂无,璃月渔师,钓鱼，钓好大的鱼，虎纹鲨鱼~,https://uploadstatic.mihoyo.com/ys-obc/2021/10/11/5787925/576dc1a0c945b582ee137499dec5259e_4902895299013428579.png,npc,璃月渔师
2844,菜菜子,女,稻妻铁匠铺附近,魔神任务第二章-第一幕,暂无,不停磨练剑道，立志成为天下第一,https://uploadstatic.mihoyo.com/ys-obc/2021/10/11/5787925/3ca4154eb785032f61f05ce41c0ce778_3778754675171065598.png,npc,稻妻居民
2845,池田总四郎,男,稻妻城天领奉行,暂无,暂无,年轻人，学习可是很重要的。,https://uploadstatic.mihoyo.com/ys-obc/2021/10/11/5787925/62816246b7a32f875c48da9eadda2070_2082750083668607234.png,npc,九条家臣
2846,渡边,男,稻妻城天领奉行门口,暂无,同心,常道恢弘，鸣神永恒,https://uploadstatic.mihoyo.com/ys-obc/2021/10/11/5787925/70a965eec21584ff163e27621f433628_3413805752109926794.png,npc,同心
2847,黑泽京之介,男,白狐之野南方村落,暂无,与力,「仁义」之路，你我共勉,https://uploadstatic.mihoyo.com/ys-obc/2021/10/11/5787925/11dd172cf6711c902cb2cad0dafe70fe_7128172742146311096.png,npc,与力
2848,井上,男,天领奉行门口,暂无,同心,常道恢弘，鸣神永恒,https://uploadstatic.mihoyo.com/ys-obc/2021/10/11/5787925/4b921370f1dc8b39c76eba4ee1c889a3_8087122884513017126.png,npc,同心
2849,矢田幸喜,男,天领奉行,暂无,与力,我只是个路过的旅行者，没什么坏心思...,https://uploadstatic.mihoyo.com/ys-obc/2021/10/11/5787925/62223039f77a338bb5e581b0707318c2_7466466998134811539.png,npc,与力
2850,御舆源次郎,男,天领奉行,暂无,天领奉行官员,这个人，是否有点...,https://uploadstatic.mihoyo.com/ys-obc/2021/10/11/5787925/2bead21a5339cdee8255d2eaf9307e5a_3691167546856383934.png,npc,与力
2851,直江久政,男,天守府大门口,暂无,旗本武将,雷电将军的直属将领,https://uploadstatic.mihoyo.com/ys-obc/2021/10/11/5787925/6f47997bc8a6f878f8783c70644e1c6e_5288139301506558138.png,npc,旗本武将
3068,大祐,男,清籁岛，浅濑神社附近,暂无,冒险家,...猫奴？,https://uploadstatic.mihoyo.com/ys-obc/2021/10/28/21665168/542c0e66b3e3c674a3ee1c904aef165c_8339574807361272410.png,npc,冒险家
3069,柴田,男,珊瑚宫门口,暂无,珊瑚宫军士,门卫大哥,https://uploadstatic.mihoyo.com/ys-obc/2021/10/28/21665168/03da39f49e9c6998d16210fef653aa66_4603041438600434504.png,npc,珊瑚宫军士
3070,智树,男,稻妻城内冒险家协会附近,暂无,小吃摊摊主,敢于打破常规之人理应得到赞许，快卖快卖，我要买！,https://uploadstatic.mihoyo.com/ys-obc/2021/10/28/21665168/314c540a7dfd36240bdf9acdcfbe6589_5011222340841303300.png,npc,小吃摊摊主
3071,柚子,女,稻妻城,暂无,冒险家,你真的不是蒙德人吗。,https://uploadstatic.mihoyo.com/ys-obc/2021/10/28/21665168/50f4409d58d546cc20a93119d2528a0c_2064581972159465091.png,npc,冒险家
3132,咲耶,女,稻妻城内铁匠铺旁边,梦里生花,花匠,真是如花般美丽...,https://uploadstatic.mihoyo.com/ys-obc/2021/11/12/21665168/e70a0cf56a0285a63092bc04673a5aba_2416721933205740145.png,npc,花匠
3133,博彦,男,甘金岛,暂无,暂无,想起了哲平。。,https://uploadstatic.mihoyo.com/ys-obc/2021/11/14/75981509/bed65e5e9bfb3745c8629cd8b5a98d64_2770463718756361935.jpg,npc,社奉行代行
3134,高美,女,甘金岛,暂无,社奉行代行,宵宫迷妹,https://uploadstatic.mihoyo.com/ys-obc/2021/11/14/76297419/a2443bbbba07ce3540e61a4013c58193_7575966654935758230.png,npc,社奉行代行
3135,三田,男,甘金岛,愿与君同,小贩,僚机二号,https://uploadstatic.mihoyo.com/ys-obc/2021/11/14/76297419/649dc6b5da2297bbc0f01be5c4afebae_7163877495357969392.png,npc,小贩
3136,村上,男,甘金岛,愿与君同,小吃摊摊主,僚机一号,https://uploadstatic.mihoyo.com/ys-obc/2021/11/14/76297419/2a06a414a29725a28bc40b0c7e8731a9_288177970968307856.png,npc,小吃摊摊主
3142,宫岛,男,九条阵屋门口,异乡人，请回答,暂无,别问我问题我什么都不知道,https://uploadstatic.mihoyo.com/ys-obc/2021/11/21/75981509/807555e9a7ca641e2c70a1814d1172ac_4281238905585348645.png,npc,学者
3143,小畑,男,稻妻离岛码头处,暂无,渔夫,渔夫世家，卖部分食材的大叔,https://uploadstatic.mihoyo.com/ys-obc/2021/11/14/183046623/d28cd15721c27194edf4d71fe4f08a5c_190823551786067097.png,npc,渔夫
3144,松平,男,九条阵屋,暂无,暂无,相信我，幕府打不过的（）,https://uploadstatic.mihoyo.com/ys-obc/2021/11/23/6276411/81301d2d7a0856bb43cbdf354265dd2b_4126565602322824539.png,npc,幕府军士
3145,几原凯,男,九条阵屋,暂无,刀匠,给我来点五星武器吧！,https://uploadstatic.mihoyo.com/ys-obc/2021/11/20/75981509/4c5281a4686f8cbbf68d091e83bc04a8_1575649029777561923.jpg,npc,刀匠
3146,雷蒙德,男,蒙德城下方传送锚点附近,暂无,暂无,巡逻中的西风骑士。,https://uploadstatic.mihoyo.com/ys-obc/2021/11/17/72954525/c0e9cbc08191ed23c2f64448f54fe303_8923753168077578926.png,npc,西风骑士
3147,九条政仁,男,九条阵屋,暂无,暂无,你们别打啦——,https://uploadstatic.mihoyo.com/ys-obc/2021/11/19/75981509/4bda2c41ffc98dc57f76f878234b83a1_300567023168521150.jpg,npc,幕府军官
3148,石川,男,九条阵屋,暂无,暂无,看起来好弱的军士,https://uploadstatic.mihoyo.com/ys-obc/2021/11/20/75981509/a8eae5642cf7449cc2ee9c3b5d02c876_4631845829580981081.jpg,npc,幕府军士
3194,望月,女,珊瑚宫,暂无,暂无,像是会抓早露的姐姐,https://uploadstatic.mihoyo.com/ys-obc/2021/11/23/76297419/6e9815c56b6da3c7afcf2f92888dffa0_3501835142214476689.png,npc,巫女
3195,小野,男,九条阵屋,暂无,暂无,我不是怪人，只是个路过的旅行者罢了。,https://uploadstatic.mihoyo.com/ys-obc/2021/11/21/75981509/afef575f6d595f3e66c6bb09ae47ed11_4729350566507633973.jpg,npc,幕府军士
3198,和泉那希,女,珊瑚宫,暂无,暂无,像是会抓早露的姐姐,https://uploadstatic.mihoyo.com/ys-obc/2021/11/23/76297419/96eb73bf65ad3eb3bbbc5f52c5f4f354_2899126498448954909.png,npc,巫女
3205,露子,女,曚云神社旁/珊瑚宫（完成任务后）,暂无,巫女,海祇岛的巫女,https://uploadstatic.mihoyo.com/ys-obc/2021/11/30/72954525/f4495022e27e66d328f1c829165113e4_708837941870772369.png,npc,巫女
3256,清子,女,望泷村村中央的路旁,暂无,商人,良心的商家,https://uploadstatic.mihoyo.com/ys-obc/2021/12/09/192134014/46d792521ad252d1a5d70816f44c7a0f_8296540356929895307.jpg,npc,商人
3258,大久保大介,男,望泷村村尾的房子旁,暂无,珊瑚宫军士,五郎的崇拜者,https://uploadstatic.mihoyo.com/ys-obc/2021/12/09/192134014/96d0083b5ef270739c72c1fa847ea949_7748504481778600509.jpg,npc,珊瑚宫军士
3259,博行,男,望泷村村后巡罗士兵,暂无,珊瑚宫军士,性格开朗的小哥,https://uploadstatic.mihoyo.com/ys-obc/2021/12/09/192134014/1d66ec5a1881a97d3c69ed6539ae0591_1427698484635582817.jpg,npc,珊瑚宫军士
3260,岛政兴,男,稻妻城,暂无,暂无,真正努力的人必然会有回报,https://uploadstatic.mihoyo.com/ys-obc/2021/12/11/76297419/1775ce449aa46a70408b2a33e942ff44_4867787804298651189.png,npc,旗本武将
3262,毅,男,稻妻城,暂无,暂无,周常守门员 雷神贴身侍卫,https://uploadstatic.mihoyo.com/ys-obc/2021/12/11/76297419/4f624a89ee8b8106e508dee1fbcf7039_1611237520251936596.png,npc,奥诘众
3265,真田,男,稻妻城台阶旁,暂无,暂无,常道恢弘，鸣神永恒。,https://uploadstatic.mihoyo.com/ys-obc/2021/12/20/192134014/903417cb76dbcf8a8903b3224b961867_8983795683092680685.jpg,npc,同心
3266,锦野玲玲,女,望泷村村后斜坡处,暂无,药师,有点傲娇的小姐姐,https://uploadstatic.mihoyo.com/ys-obc/2021/12/10/192134014/c0aa9e7cd504a08e9395ad0aac75d283_5289006516651398725.jpg,npc,药师
3267,小山,男,望泷村村后的桥边,暂无,珊瑚宫军士,怕高的小哥,https://uploadstatic.mihoyo.com/ys-obc/2021/12/10/192134014/443ed375b17d0916f80d05bc8717fd0a_4384549924415633416.jpg,npc,珊瑚宫军士
3283,萨义德,男,蒙德城风神像前（白天）；图书馆（夜晚）,暂无,游学者,从须弥来的游学者。,https://uploadstatic.mihoyo.com/ys-obc/2021/12/10/72954525/7ec3475f5bdc6a73753e713a65f7cfea_1208595210171380425.png,npc,游学者
3328,若紫,女,稻妻城门口传送锚点附近,暂无,购买「四方八方之网」,【商品名称】【商品种类】价格【摩拉】限购这网可以抓迪奥娜吗,https://uploadstatic.mihoyo.com/ys-obc/2021/12/20/75981509/f96d91d16699044cc0aabf229f5c5eee_4930780978974594003.jpg,npc,设计师
3330,安藤,男,稻妻城外的大树下,暂无,同心,派蒙可以抵押给你不要抓我,https://uploadstatic.mihoyo.com/ys-obc/2021/12/21/192134014/910c47f5f5d2ccf30ee6aa83f575eece_9012874783835791243.jpg,npc,同心
3333,龙二,男,万端珊瑚侦探社外,暂无,侦探,好好干吧,https://uploadstatic.mihoyo.com/ys-obc/2021/12/21/192134014/062ded30de5b31d71e6323113fd218e3_180259434997652285.jpg,npc,侦探
3336,珊瑚,女,万端珊瑚侦探社门口,暂无,侦探,调查外遇..嘿嘿...糟糕兴奋过头了...,https://uploadstatic.mihoyo.com/ys-obc/2021/12/21/192134014/bedd7e638a17c2a65105a7563843248f_4562525429837954937.jpg,npc,侦探
3337,天目十五,男,稻妻城打铁匠处,暂无,天目鍛治屋店主,虽然上年纪了，但是话语中依然透出江湖中人的“味道”,https://uploadstatic.mihoyo.com/ys-obc/2021/12/21/192134014/db5031ac8d3d71507af63bc5b4e02b85_2204649297562718923.jpg,npc,天目鍛治屋店主
3342,顺吉,男,八重唐门口对面,故事构思法,作家,生动形象，像极了现实的作家和编辑之间的“爱恨情仇”,https://uploadstatic.mihoyo.com/ys-obc/2021/12/22/192134014/ab67ce82b1d68f7fd045c79428f44a80_4378194060159977828.jpg,npc,作家
3343,阿茂,男,八重唐门口对面,故事构思法,编辑,生动形象，像极了现实的作家和编辑之间的“爱恨情仇”,https://uploadstatic.mihoyo.com/ys-obc/2021/12/22/192134014/d4c9b550c6b93d4b5cc41228abc8594d_4648881865840540767.jpg,npc,编辑
3344,汤雯,女,幸雄小吃摊上方,家乡之味,学者,说实在我之前一直觉得她是第三个骗我饭吃的家伙,https://uploadstatic.mihoyo.com/ys-obc/2021/12/22/192134014/7c77889632c8abda193761b62b22b87f_6415569538806012117.jpg,npc,学者
3346,天野,男,八重堂上方公告板处,暂无,同心,忠心耿耿的士兵,https://uploadstatic.mihoyo.com/ys-obc/2021/12/22/192134014/84914fa9983179105312de240d90aaa4_851281690977453815.jpg,npc,同心
3351,荒谷,女,八重堂旁边的屋檐下,「八重堂」的邀约,「八重堂」编辑,不用了我书多，谢谢,https://uploadstatic.mihoyo.com/ys-obc/2021/12/22/192134014/8cc849ed114e97db944ba70862d256ea_3498958923692457978.jpg,npc,「八重堂」编辑
3356,武田,男,稻妻城,暂无,冒险家,这泡澡多是一件美事啊,https://uploadstatic.mihoyo.com/ys-obc/2021/12/28/76297419/45a4e547d3ea661d4c1375877eccc059_1042914562484864653.png,npc,冒险家
3358,幸雄,男,稻妻城,暂无,小吃摊摊主,一斗居然赢了屑狐狸,https://uploadstatic.mihoyo.com/ys-obc/2021/12/28/76297419/ec2da7d14108d97e7619baffa99b753c_4386382871795332265.png,npc,小吃摊摊主
3360,佐藤,男,稻妻城,暂无,冒险家,泡澡真的让人身心愉悦,https://uploadstatic.mihoyo.com/ys-obc/2021/12/28/76297419/ed9c2b5599c2a4c4cfa9eba63e932f83_1378936093147554780.png,npc,冒险家
3364,蓝川丞,男,稻妻城炼金台旁的桥对面,暂无,「秋沙钱汤」老板,热情好客的老板。,https://uploadstatic.mihoyo.com/ys-obc/2021/12/30/192134014/c18b25c512b1f571fa28215b9af2c5bc_4608146235220700322.jpg,npc,秋沙钱汤老板
3365,大和田,男,稻妻城根付之源旁的天领奉行内,暂无,与力,啊这...,https://uploadstatic.mihoyo.com/ys-obc/2021/12/30/192134014/44527aa047c5582dea49f0a774becaa2_4705051571412135050.jpg,npc,与力
3366,上杉,男,稻妻根付之源旁边的天领奉行门口,暂无,同心,勤劳的小哥，虽然是新手.,https://uploadstatic.mihoyo.com/ys-obc/2021/12/30/192134014/216976ce4575204e0bb154a8b0a84f2a_413410773455651526.jpg,npc,同心
3367,松本,女,稻妻城炼金台旁边的桥对面,暂无,美食家,没注意有这个人的存在...,https://uploadstatic.mihoyo.com/ys-obc/2021/12/30/192134014/91df040fe5992a6f3c01aa6bf1bfb5b6_6003242160377198813.jpg,npc,美食家
3368,小仓澪,女,稻妻城根付之源对面的小仓屋,稻妻时尚入门,「小仓屋」店主,卖衣服的小姐姐可能....,https://uploadstatic.mihoyo.com/ys-obc/2021/12/30/192134014/3e45d23a175bf9996e10295f8a29eeb9_9162758495407691947.jpg,npc,小仓屋店主
3369,鹤立,男,璃月城新月轩内,暂无,【「新月轩」侍者】,快让我预定！,https://uploadstatic.mihoyo.com/ys-obc/2021/12/30/75981509/8c63f9febf04ba89393693edf3d52bc2_778520941769688628.png,npc,「新月轩」侍者
3370,朝南,男,璃月港,暂无,维修工,不要放弃啊！,https://uploadstatic.mihoyo.com/ys-obc/2021/12/30/75981509/d2425199750a8ec87c4f52a4bba4abf7_3597941859538143172.png,npc,维修工
3371,阿山婆,女,璃月城,暂无,玩具摊摊主,卖玩具的老婆婆,https://uploadstatic.mihoyo.com/ys-obc/2021/12/30/75981509/8965e1cede914b610bd104737b38540d_5005951319949152141.jpg,npc,玩具摊摊主
3373,戟,男,璃月城「岩上茶室」,暂无,「岩上茶室」保镖,哼！,https://uploadstatic.mihoyo.com/ys-obc/2021/12/30/75981509/0ab8d9223193f789f58d74bec923a5f5_8184675517667309881.jpg,npc,「岩上茶室」保镖
3374,牙,女,璃月城「岩上茶室」,暂无,「岩上茶室」保镖,哈？,https://uploadstatic.mihoyo.com/ys-obc/2021/12/30/75981509/13c9e06570b5ee8f9c2ecb70e7f0dbee_232841707367333218.jpg,npc,「岩上茶室」保镖
3456,才藏,男,天守阁二楼,暂无,奥诘众,啊这...,https://uploadstatic.mihoyo.com/ys-obc/2022/01/06/192134014/f1e058c08683296b372036de7b30cac4_1022806519154330510.jpg,npc,奥诘众
3457,朝仓,男,天守阁右下角的旁道里,洗刷耻辱的一战,同心,好难刷到这个人的委托（哭）,https://uploadstatic.mihoyo.com/ys-obc/2022/01/06/192134014/b7f910e6266e43bfb9290e1a5754a90e_2172778624835111964.jpg,npc,同心
3458,大河原五右卫门,男,天领奉行府内,暂无,与力,真“客气”。,https://uploadstatic.mihoyo.com/ys-obc/2022/01/06/192134014/db93f60305e7c5ca0c627ccd824b5d18_7334583987528395427.jpg,npc,与力
3459,九条镰治,男,千手百眼神像下,暂无,九条家主,算是个汉子吧,https://uploadstatic.mihoyo.com/ys-obc/2022/01/06/192134014/1e0eac959cc1b0c21ea09bb892eed26c_8514476916637950302.jpg,npc,家主名代
3461,三河茜,女,天领奉行御温泉门口处,暂无,御汤奉行,壶里也有，还比这好，哼。,https://uploadstatic.mihoyo.com/ys-obc/2022/01/06/192134014/b96bc0617d70399f2578818f704dfc3e_2117786002420028839.jpg,npc,御汤奉行
3462,松川宗全,男,天领奉行御温泉门口旁,暂无,政所执事,啊这....,https://uploadstatic.mihoyo.com/ys-obc/2022/01/06/192134014/2a55578fac4ab9cdf93945666b321358_4816914394453195728.jpg,npc,政所执事
3463,鹰司朝秀,男,天领奉行御温泉门口旁,暂无,段钱方,啊这...,https://uploadstatic.mihoyo.com/ys-obc/2022/01/06/192134014/1c60d3b2bbff7fceb87563628a8aad81_240573298719322805.jpg,npc,段钱方
3464,长冈秀满,男,天守阁二楼,暂无,执事代,啊这...,https://uploadstatic.mihoyo.com/ys-obc/2022/01/06/192134014/26d79cb424be9e11906c84bed6736213_6266554802671085515.jpg,npc,执事代
3472,绀田传助,男,绀田村,暂无,村长,绀田村看来是以村长命名的,https://uploadstatic.mihoyo.com/ys-obc/2022/01/10/76297419/ba0754b6eecb080df6389e2662136b3b_6434008167394514822.png,npc,村长
3475,悦子,女,浅濑神社,暂无,冒险家,理性的冒险家，开摆！,https://uploadstatic.mihoyo.com/ys-obc/2022/01/11/76297419/acc2bee13ef155d661fc27162e6f82e7_3289598714286647379.png,npc,冒险家
3477,「寝子」,无,浅濑神社,暂无,自称「浅濑神社代宫司」,会说话的猫,https://uploadstatic.mihoyo.com/ys-obc/2022/01/11/76297419/9f56f9a99875c0ff89946a4cbfd857cc_1027393787435624207.png,npc,自称「浅濑神社代宫司」
3479,墨田,女,2个位置,暂无,小说家,从稻妻出来旅游的两位。后续位置：明星斋旁西风骑士团处的图书管内,https://uploadstatic.mihoyo.com/ys-obc/2022/01/10/192134014/f950acb18d622387013bd5382b1eb024_2507474232093979264.jpg,npc,小说家
3480,阿釜,男,2个位置,暂无,船夫,从稻妻出来旅游的两位。后续位置：明星斋旁，西风骑士团处的图书管内。,https://uploadstatic.mihoyo.com/ys-obc/2022/01/10/192134014/410242b70463996c589b0d6ed8668755_597140076218419078.jpg,npc,船夫
3490,篠冢,女,绀田村右侧神社外,暂无,作家,胡桃恐惧症【不是】,https://uploadstatic.mihoyo.com/ys-obc/2022/01/15/76297419/b8cea06a6840a0f37416e4d754f1a1de_6135209536773710427.png,npc,作家
3495,宫崎三朗,男,八酝岛—藤兜砦,暂无,刀匠,稻妻的刀匠，也是一位历史记录者...,https://uploadstatic.mihoyo.com/ys-obc/2022/01/17/5787925/bc635c8ce9bfbf04167d36b58c5daad7_7864340840363977131.png,npc,刀匠
3496,森口,男,八酝岛—藤兜砦,暂无,珊瑚宫下士,正如森口所说，珊瑚宫真的很漂亮呢~,https://uploadstatic.mihoyo.com/ys-obc/2022/01/17/5787925/8b7c1edf0cdcd88f6d7dff3b02208451_1095544932830258771.png,npc,珊瑚宫下士
3497,高桥,男,八酝岛—藤兜砦,暂无,珊瑚宫军士,幕府和珊瑚宫的斗争确实结束了，但仍要小心提防愚人众...,https://uploadstatic.mihoyo.com/ys-obc/2022/01/17/5787925/0b25a50359a0a76de9cd5277678f12cf_5665917431892536618.png,npc,珊瑚宫军士
3498,甲斐田龙马,男,八酝岛—藤兜砦,暂无,珊瑚宫军官,就目前来看，「愚人众」你坏事做尽...,https://uploadstatic.mihoyo.com/ys-obc/2022/01/17/5787925/0d7eb9204f9e798a8fa643ecc1fda377_8737688235867542705.png,npc,珊瑚宫军官
3502,安贞,未知,蛇心之地下面小岛传送描点下面,安提戈努斯,暂无,真可怜，到处都是刀...,https://uploadstatic.mihoyo.com/ys-obc/2022/01/21/192134014/1fae7a0403d8de4922e9d81ecc548128_4470789058106637474.jpg,npc,罪人
3503,大仓,未知,大日御舆左下方的悬空牢内,安提戈努斯,暂无,无辜者啊...,https://uploadstatic.mihoyo.com/ys-obc/2022/01/21/192134014/ceb8c750cbff0822ef96136b8c14bbce_6149878062867262798.jpg,npc,嫌疑人
3504,大岛,未知,大日御舆左下方的悬空牢内,安提戈努斯,暂无,无辜者啊...,https://uploadstatic.mihoyo.com/ys-obc/2022/01/21/192134014/4d0112d33724161780792cb74151d5f5_7192380965357287475.jpg,npc,嫌疑人
3505,大门,未知,岐之地传送描点旁,厄瑞玻斯的秘密,末代地走官,勇武之试炼,https://uploadstatic.mihoyo.com/ys-obc/2022/01/21/192134014/22d5fe79e51dbcd1d48f90de0869458c_4384345241622509099.jpg,npc,末代地走官
3506,宫地,未知,图书馆墙上地图多标区域,三色档案,研究员,当前位置是传送门所在地,https://uploadstatic.mihoyo.com/ys-obc/2022/01/21/192134014/be117ed5cab9043035c9831c26a8c983_6275151196750735850.jpg,npc,研究员
3507,贺摩,未知,大日御俞右下方楼梯下面,暂无,暂无,在底下哦。,https://uploadstatic.mihoyo.com/ys-obc/2022/01/21/192134014/a1d573b18009588a4ac5d888a0cff3fb_4328093874515820798.jpg,npc,小偷
3508,绘真,女,狭间之街最上面的传送描点下方的图书馆内,龙蛇藏归辑录,末代图书管理员,这下面最麻烦的任务....,https://uploadstatic.mihoyo.com/ys-obc/2022/01/21/192134014/0e057a56e44e1ed6f9276a5071fe8bfa_3420404632768338107.jpg,npc,末代图书管理员
3509,江木,未知,八忂姬之地传送描点旁,厄瑞玻斯的秘密,末代地走官,明察之试炼,https://uploadstatic.mihoyo.com/ys-obc/2022/01/21/192134014/26ab5a8fb8cd8011fdfb36c74d7faabc_8747316851071328917.jpg,npc,末代地走官
3542,宇陀,未知,八忂彦之地传送描点旁,厄瑞玻斯的秘密,末代地走官,智慧之试炼,https://uploadstatic.mihoyo.com/ys-obc/2022/02/01/192134014/c682680d767a526ed9a18e60b6c5e9cc_7400349396028048692.jpg,npc,末代地走官
3544,海老名权四郎,男,离岛入口处,暂无,勘定奉行番头,啊这....,https://uploadstatic.mihoyo.com/ys-obc/2022/02/10/192134014/31270bd157c4ff67f20fc6a977f23894_2277055233959328224.jpg,npc,勘定奉行番头
3546,萨基,男,蒙德城正大门左边,暂无,居民,喜爱蒲公英的小朋友~！,https://uploadstatic.mihoyo.com/ys-obc/2022/02/10/192134014/d7a989c6dbe8c54b6171d2469fbc0540_2118820724385240188.jpg,npc,蒙德居民
3547,罗斯玛丽,女,蒙德城正大门左边,暂无,居民,萨基的父母....,https://uploadstatic.mihoyo.com/ys-obc/2022/02/10/192134014/ceefebbae54e731e0fff00e82ddcdc4e_6205245750190630434.jpg,npc,蒙德居民
3548,帕斯里,男,蒙德城正大门左边,暂无,居民,萨基的父母....,https://uploadstatic.mihoyo.com/ys-obc/2022/02/10/192134014/52e33b2745f15bf04ab7a435119fa28e_5524174446588524439.jpg,npc,蒙德居民
3555,宏达,男,神里屋敷,暂无,社奉行代行,大小姐的安全，由我来守护！,https://uploadstatic.mihoyo.com/ys-obc/2022/02/11/76297419/f5d08f8c8916911f008435bfacee952f_433428883061181455.png,npc,社奉行代行
3556,平野,男,神里屋敷,暂无,社奉行代行,托马小迷弟,https://uploadstatic.mihoyo.com/ys-obc/2022/02/11/76297419/8947d7e3f4babd410d4c6d4d22e501b9_1681150763544405544.png,npc,社奉行代行
3560,户田,女,神里屋敷,暂无,巫女,鸣神大社外交员,https://uploadstatic.mihoyo.com/ys-obc/2022/02/13/76297419/ebc66bfebc091fb433e7ddfce8cb3cf9_2041957518766220194.png,npc,巫女
3585,山田,女,鸣神大社,暂无,商人,给她一个吉，拜托了,https://uploadstatic.mihoyo.com/ys-obc/2022/02/16/75981509/49ccde3e55196b03ae77cafacde7888d_4224967108073186552.jpg,npc,商人
3625,法拉,男,醉汉峡谷入口处,暂无,水果商贩,在危险的地方卖水果...,https://uploadstatic.mihoyo.com/ys-obc/2022/02/19/192134014/57c16089778b4c45559d8f1c14adeb33_8145780840260297884.jpg,npc,水果商贩
3628,小林,男,离岛,暂无,勘定奉行役人,再也不用检查通行凭证了~,https://uploadstatic.mihoyo.com/ys-obc/2022/02/24/21665168/ee215fc96fd5fd9c789a604fb34a3a8b_2097083438385243327.png,npc,勘定奉行役人
3648,广海,男,离岛中心传送描点下方的桥上,广海的守望,勘定奉行役人,啊这....,https://uploadstatic.mihoyo.com/ys-obc/2022/02/26/192134014/14147b2b3eb3831c0c68dbb03b8c054f_3625228718944126246.jpg,npc,勘定奉行役人
3650,冈崎陆斗,男,稻妻城乌有亭店内,暂无,「乌有亭」店主,啊这...,https://uploadstatic.mihoyo.com/ys-obc/2022/02/26/192134014/da0edd4a022686fcad72783081716de0_8303310466817330480.jpg,npc,「乌有亭」店主
3651,芬德,女,望风角悬崖边,暂无,仕女,啊这....,https://uploadstatic.mihoyo.com/ys-obc/2022/02/27/192134014/1d36688c26694b3364a94d4177438808_3116158880495622465.jpg,npc,守望风暴的仕女
3653,伊达,男,常夜灵庙右上方的传送描点下的迷宫里,伊达的挑战状,迷宫艺术家,沉迷于设计迷宫的男子,https://uploadstatic.mihoyo.com/ys-obc/2022/02/27/192134014/7120395ab3acac8f40f76201661b0a95_1284979211558486676.jpg,npc,迷宫艺术家
3662,中野,男,离岛,暂无,勘定奉行役人,来稻妻见到的第一个npc,https://uploadstatic.mihoyo.com/ys-obc/2022/03/04/76297419/4683e4793920454444d69b2cfb5b627b_1168510288575297002.png,npc,勘定奉行役人
3665,弗朗西斯,男,琉璃亭,暂无,旅行商人,被美食征服的异乡人,https://uploadstatic.mihoyo.com/ys-obc/2022/03/06/76297419/bbb3b3d4e4ccdee171d9999b26ba22cc_2338466195402373670.png,npc,旅行商人
3666,鸿如,男,琉璃亭,暂无,「琉璃亭」侍者,一句话让旅行者沉默,https://uploadstatic.mihoyo.com/ys-obc/2022/03/06/76297419/a083eb84bf034b271866f7cfcd23100b_6622349099954422082.png,npc,「琉璃亭」侍者
3667,阿幸,女,鸣神大社,暂无,巫女,八重神子小迷妹,https://uploadstatic.mihoyo.com/ys-obc/2022/03/06/76297419/535c44b926900bc9f5eb7de2c1f60759_2277230922836032364.png,npc,巫女
3668,杉山,男,珊瑚宫,暂无,珊瑚宫军士,见人有难不帮忙的屑旅行者,https://uploadstatic.mihoyo.com/ys-obc/2022/03/06/76297419/af9ccbbe04737e3d6c6b15328799eb8c_4604316462673069224.png,npc,珊瑚宫军士
3670,松田,男,望泷村,暂无,珊瑚宫军士,你犯事了吗？.jpg,https://uploadstatic.mihoyo.com/ys-obc/2022/03/06/76297419/0dcad7f209e0c7c65ebd9509683dd4d2_9137519804519240720.png,npc,珊瑚宫军士
3896,安东,男,主矿区下方传送点西南方,世界任务—连队消失在深岩,「第九连队」临时连长,或许，在不久的未来，真的要和愚人众一起作战...,https://uploadstatic.mihoyo.com/ys-obc/2022/03/30/5787925/02d94f403a3cf034281b6e3a378f25a2_2660982240925195835.png,npc,愚人众
3897,达尼拉,男,巨渊主矿区下方传送点西南方,连队消失在深岩,「第九连队」士兵,看来愚人众本质不坏，一切的答案只能在至冬揭晓了...,https://uploadstatic.mihoyo.com/ys-obc/2022/03/30/5787925/4be4dd3ef89a71f0ac10b88da3287b4d_8545520677669893844.png,npc,愚人众
3898,提莫尔,男,巨渊主矿区下方传送点西南方,连队消失在深岩,「第九连队」士兵,下次在野外遇见你...照样揍你...！,https://uploadstatic.mihoyo.com/ys-obc/2022/03/30/5787925/3eb3d9e4aa17b34ba30c3cab5e8ea903_4867604139572295236.png,npc,愚人众
3899,拉多米尔,男,巨渊主矿区下方传送点西南方,连队消失在深岩,「第九连队」士兵,希望...下次能是朋友...,https://uploadstatic.mihoyo.com/ys-obc/2022/03/30/5787925/3156c7e80187dae1e4e06b3acca81dff_6591532198001694586.png,npc,愚人众
3900,卡塔琳娜,女,荧光狭道传送点东北方,他乡迷失客,愚人众,很有趣的一名愚人众...,https://uploadstatic.mihoyo.com/ys-obc/2022/03/30/5787925/5a1e6fa5444a3458cfb37e7f58ba104a_2893271942797812230.png,npc,愚人众
3902,尤骏,男,层岩巨渊—临时主矿道右方,暂无,千岩军队长,璃月的诗歌记录者....,https://uploadstatic.mihoyo.com/ys-obc/2022/03/31/5787925/4927826d0bec5feff44138fef62f2d70_838370929177088876.png,npc,千岩军
3903,阿昊,男,层岩巨渊—临时主矿道右方,暂无,层岩巨渊矿工,层岩巨渊还是很危险的...,https://uploadstatic.mihoyo.com/ys-obc/2022/03/31/5787925/d47bd9d6838d2c24391f98d10772c3cd_6461924768131032530.png,npc,矿工
3911,李晓,男,离岛,暂无,商人,锁国时被困在稻妻的璃月商人,https://uploadstatic.mihoyo.com/ys-obc/2022/03/06/76297419/bf103e5e73daf57ebeb0becd395287e6_4878623643166088850.png,npc,商人
3912,奔雷手秦师傅,男,离岛,暂无,保镖,自称南十字武斗会冠军的高手,https://uploadstatic.mihoyo.com/ys-obc/2022/03/06/76297419/29764923f5e73439c1e8ff5fdea289db_798103302524507043.png,npc,保镖
3919,豁牙子,男,群玉阁正下方的黑岩厂里,暂无,千岩军,啊这...,https://uploadstatic.mihoyo.com/ys-obc/2022/04/01/192134014/4f9f4ec9100c1b30bb4d13d4c77bce47_4605143445532313735.jpg,npc,「千岩军」
3924,克里托夫,男,层岩巨渊入口处附近传送描点下方,九霄之石悬残片,暂无,大汉药水？？？,https://uploadstatic.mihoyo.com/ys-obc/2022/04/03/192134014/37475a545eb543da72b2ce5859ba8de1_3307552427121562403.jpg,npc,前盗宝团成员
3925,自称「唐无仇」者,男,丹砂崖崖顶,岩巅大侠往事,暂无,“扫雷”攻略....,https://uploadstatic.mihoyo.com/ys-obc/2022/04/03/192134014/42f491649ab08b1e175f1a0a30bf0de7_678299234697489964.jpg,npc,「翠钰岩大侠」？
3926,老臭,男,丹砂崖正下方的房屋处,岩巅大侠往事,暂无,扫雷？？？,https://uploadstatic.mihoyo.com/ys-obc/2022/04/03/192134014/67b28efe2635d1a3dd2f526701ab6883_3548975419733023383.jpg,npc,古怪的摊主
3927,沐宁,男,层岩巨渊入口处附近传送描点下方,藏石者言,总务司专员,啊这。。。,https://uploadstatic.mihoyo.com/ys-obc/2022/04/03/192134014/578783a3fee75566910a9a11c648bf93_8261908108233397287.jpg,npc,总务司专员
3928,天奕,男,层岩巨渊入口处,暂无,千岩军,啊这。。。,https://uploadstatic.mihoyo.com/ys-obc/2022/04/03/192134014/7390a5ce1c75ff853b5d9cfa7fcf6357_4647313736067501536.jpg,npc,千岩军兵士
3929,铁弘,男,层岩巨渊入口处,暂无,千岩军,啊这。。。,https://uploadstatic.mihoyo.com/ys-obc/2022/04/03/192134014/48954e96e44d1fe8e60cf500d08646a2_6330547296211109258.jpg,npc,千岩军兵士
3943,彦博,男,层岩巨渊右侧,暂无,千岩军中队长,谨小慎微,https://uploadstatic.mihoyo.com/ys-obc/2022/04/06/76297419/29f9c2072a7aa98855fc7c265bda46e4_8349717003733641470.png,npc,千岩军中队长
3948,海迪夫,男,层岩巨渊地下矿区,水生环境调查、层岩菌类调查、古代生物调查,学者,想要完成研究指标的学者,https://uploadstatic.mihoyo.com/ys-obc/2022/04/07/76297419/5401cd0c2d2178f41398e925e1f662b0_4836070622635746356.png,npc,学者
3949,嘉铭,男,层岩巨渊地下矿区,暂无,千岩军队长,处理善后工作的敬业队长,https://uploadstatic.mihoyo.com/ys-obc/2022/04/06/76297419/16ec9f66115ca7dcd8e215643ab00e4c_4297394716452488163.png,npc,千岩军队长
3950,老图,男,层岩巨渊地下矿区,暂无,层岩巨渊矿工,官方爆料（doge）,https://uploadstatic.mihoyo.com/ys-obc/2022/04/06/76297419/a8800419f4592df6d8b7724a74ca0b82_2689413964581269328.png,npc,层岩巨渊矿工
3956,石田,男,离岛中央,暂无,同人摊摊主,大大多产点粮,https://uploadstatic.mihoyo.com/ys-obc/2022/04/07/75981509/34124647b306535258c3baaded1a5ed6_8806244748048450402.png,npc,同人摊摊主
3957,高坂,男,离岛中央,暂无,勘定奉行役人,同人作品就是那个，对，那个,https://uploadstatic.mihoyo.com/ys-obc/2022/04/07/75981509/3313df37060c971410e16803031db31b_1864374746108674110.png,npc,勘定奉行役人
3958,福本,女,离岛中央,暂无,「八重堂」编辑,来一本狐狸绘本,https://uploadstatic.mihoyo.com/ys-obc/2022/04/07/75981509/a54582dd0040a2c955312333e5d32cd4_7924899195670784484.png,npc,「八重堂」编辑
3959,茅葺一庆,男,离岛中央,暂无,同人摊摊主,加油啊，写同人的大哥哥,https://uploadstatic.mihoyo.com/ys-obc/2022/04/07/75981509/4e1e1b4b904c1434e4d3d129b0152a3f_3312039690939673397.png,npc,同人摊摊主
3960,阿望,男,层岩巨渊上层,千年千岩,矿工,千岩保佑,https://uploadstatic.mihoyo.com/ys-obc/2022/04/07/75981509/43236afee87f7b91295d9214c754acfe_6967323951635533903.png,npc,矿工
3965,志琼,女,层岩巨渊基地处。,勇气的余晖等,冒险家,“人类的赞歌是勇气的赞歌，人类的伟大是勇气的伟大”,https://uploadstatic.mihoyo.com/ys-obc/2022/04/10/21665168/4613fcab0fdc6a3b4d982cbd675ed683_7457492433792971311.png,npc,冒险家
3966,瑾武,女,层岩巨渊基地处。,勇气的余晖等,层岩巨渊安全员,后续会在须弥见到女儿吗...,https://uploadstatic.mihoyo.com/ys-obc/2022/04/10/21665168/df489d4d301b2aabd9815cca49ddac42_7433220524451211505.png,npc,层岩巨渊安全技术员
4001,塔列辛,男,暂无,暂无,吟游诗人,旅行者的史诗之路仍在继续，旅行者的璀璨旅程将由吟游诗人们传遍整个提瓦特！,https://uploadstatic.mihoyo.com/ys-obc/2022/04/21/5787925/5e19e030c4fccd001d39ece033c702d8_4616072673074429531.png,npc,吟游诗人
4002,小野寺,男,离岛,堇庭华彩真说,「八重堂」编辑,真是辛苦行秋了！,https://uploadstatic.mihoyo.com/ys-obc/2022/04/21/76297419/33ba3f9490c0b5058127231b183880c9_172017217782808882.png,npc,「八重堂」编辑
4003,村田,女,离岛,堇庭华彩真说,「八重堂」编辑,很有辨识度的上挑眉商品名称价格【摩拉】限购,https://uploadstatic.mihoyo.com/ys-obc/2022/04/21/76297419/1961a3866784168944f74743be93f12c_2918960747549088155.png,npc,「八重堂」编辑
4004,山城健太,男,离岛,暂无,店主,引流鬼才,https://uploadstatic.mihoyo.com/ys-obc/2022/04/21/76297419/8e3a53360d8518a3525be25257788f92_3859228880105995747.png,npc,正在征集店名的店主
4005,柴染,女,离岛,「花影瑶庭」,花匠,插花好难... ,https://uploadstatic.mihoyo.com/ys-obc/2022/04/27/21665168/6b28a8db2bd30acfb8c51945ba17b5df_1650156438597982008.png,npc,花匠
4006,阿佐,男,轻策庄右下方的田地里,暂无,轻策庄居民,仅白天出现，看来是个好孩子.....,https://uploadstatic.mihoyo.com/ys-obc/2022/04/30/192134014/a47bf4c38d80b8f8cd7103d13948039b_8011378022680951403.jpg,npc,轻策庄居民
4007,小星,男,轻策庄下方桥对面处,暂无,轻策庄居民,没错派蒙是....吃的.....,https://uploadstatic.mihoyo.com/ys-obc/2022/04/30/192134014/477c65342f0c8b878f1c6303d90f5601_5604712559295452278.jpg,npc,轻策庄居民
4019,虎之助,男,九条阵屋,暂无,幕府军官,帮助泽维尔拍映影的搭档,https://uploadstatic.mihoyo.com/ys-obc/2022/05/02/76297419/2a35104d5a0eddc6d1d23694ae022b74_7971328883616455463.png,npc,幕府军官
4020,薮木,男,踏鞴砂上方,暂无,工人,踏鞴砂出事前在里工作的工人,https://uploadstatic.mihoyo.com/ys-obc/2022/05/02/76297419/8965ed0284e7dad12652762fbcbf44dd_360833498022194880.png,npc,工人
4021,片山,男,踏鞴砂上方,暂无,工人,踏鞴砂出事前在里工作的工人,https://uploadstatic.mihoyo.com/ys-obc/2022/05/02/76297419/76210cb09b1bb4cbf573529786940131_6482899177792938130.png,npc,工人
4022,小仓优,男,踏鞴砂上方,暂无,幕府军士,稻妻城布料店小仓澪的哥哥,https://uploadstatic.mihoyo.com/ys-obc/2022/05/02/76297419/d18b40b1cec9580134c1e62a55ed1ed9_5274107457605489486.png,npc,幕府军士
4023,无怨,女,群玉阁下方,暂无,无怨【作家】,《绝云记闻》真的有那么火吗...,https://uploadstatic.mihoyo.com/ys-obc/2022/05/05/5787925/521adc969365742f656c0470b337f887_8405791226002547980.png,npc,作家
4026,须美,女,藤兜砦,暂无,工人,从珊瑚宫与幕府的斗争中产生的影响还是蛮大的。,https://uploadstatic.mihoyo.com/ys-obc/2022/05/05/5787925/6ed1b01d0d796808dd750e877ea6ddb2_4653625834736292353.png,npc,工人
4027,雄三,男,藤兜砦,暂无,工人,珊瑚宫大人还是很有实力的。,https://uploadstatic.mihoyo.com/ys-obc/2022/05/05/5787925/1be78207bbb9574034cc1c7cc680dc56_6767339527725620842.png,npc,工人
4028,寺田,男,名椎滩,暂无,武士,我看你不像一个正经的武士。,https://uploadstatic.mihoyo.com/ys-obc/2022/05/05/5787925/28eec7256eca97ec9b60ad9ef20838a7_1118930291872551568.png,npc,武士
4029,玄三,男,名椎滩,暂无,幕府军士,你这上司....确实好啊...,https://uploadstatic.mihoyo.com/ys-obc/2022/05/05/5787925/501313366665db2f9e2dc2f38b776bd8_4524750348567729798.png,npc,幕府军士
4040,香川,男,望泷村村头瀑布上方的桥头处,暂无,珊瑚宫军士,好像说了些什么，好像又没说....可能我悟性太差....,https://uploadstatic.mihoyo.com/ys-obc/2022/05/06/192134014/9514c61d41e3fa3a5fc790936abd1437_5598460469072540723.jpg,npc,珊瑚宫军士
4041,落,男,望泷村村中央建筑后面,暂无,珊瑚宫军士,怕是什么都没有....,https://uploadstatic.mihoyo.com/ys-obc/2022/05/06/192134014/5d0a7170ee0e014e266bf451a7b492d1_4161332610809690346.jpg,npc,珊瑚宫军士
4136,元太,男,甘金岛旁边的小岛上,「荒泷极上盛世豪鼓大祭典」,荒泷豪鼓祭接引大使,你们的老大....,https://uploadstatic.mihoyo.com/ys-obc/2022/06/14/192134014/6f9cea2994cf3619f03f0debb65c41b7_8724194886695580213.jpg,npc,荒泷豪鼓祭接引大使
4137,阿守,男,甘金岛旁边的小岛上,「荒泷极上盛世豪鼓大祭典」,荒泷豪鼓祭氛围大使,他旁边的大火堆可以灭掉噢....我竟然已经无聊到这种地步....,https://uploadstatic.mihoyo.com/ys-obc/2022/06/14/192134014/5f19b2bd9a8d35c6ef6753b982ca8d04_3400647007135541647.jpg,npc,荒泷豪鼓祭氛围大使
4138,阿晃,男,甘金岛旁边的小岛上,「荒泷极上盛世豪鼓大祭典」,荒泷豪鼓祭反馈大使,荒泷.....为什么什么都这么长呢.....,https://uploadstatic.mihoyo.com/ys-obc/2022/06/14/192134014/204b08ee4caf1e7154c3b6f0a36e8f01_1172629251277837020.jpg,npc,荒泷豪鼓祭反馈大使
4309,琳,女,蒙德城外传送描点下,暂无,冒险家,烤烤烤....,https://uploadstatic.mihoyo.com/ys-obc/2022/08/17/192134014/313f5160b1d486dceab4258a168370d2_680532296331541233.jpg,npc,冒险家
4494,凯瑟琳,女,须弥城内,暂无,每日委托,须弥智慧型凯瑟琳。（草神替身！）,https://uploadstatic.mihoyo.com/ys-obc/2022/08/24/21665168/7c4969802aa4993976200d2644898bc4_1102160785230605309.png,npc,冒险家协会接待员
4496,东雅,女,喀万驿传送锚点附近,暂无,学者,还是别违反规定好,https://uploadstatic.mihoyo.com/ys-obc/2022/08/25/75981509/61630a086456e454742682aa3bd1477a_7776101415669128684.png,npc,学者
4497,尤兹贾尼,男,喀万驿传送锚点附近,暂无,学者,小心的医学学者,https://uploadstatic.mihoyo.com/ys-obc/2022/08/25/75981509/fb32eadf1542287e67cabb8ac9b7cfb3_8840087431840629153.png,npc,学者
4518,贝拉特,男,奥摩斯港,暂无,「镀金旅团」佣兵,听君一席话如听一席话,https://uploadstatic.mihoyo.com/ys-obc/2022/08/25/76297419/68c4c50420456bb492837f5ef4e79942_8848552937320276377.png,npc,「镀金旅团」佣兵
4519,费罗兹,男,奥摩斯港,暂无,「镀金旅团」队长,《骨瘦如柴的旅行者》,https://uploadstatic.mihoyo.com/ys-obc/2022/08/25/76297419/a4a1d7684f430b3cea05f080cc94ea5a_2514868130568398485.png,npc,「镀金旅团」队长
4520,马斯鲁尔,男,奥摩斯港,暂无,港务秘书官,负责任的秘书官,https://uploadstatic.mihoyo.com/ys-obc/2022/08/25/76297419/fc35ed88a1f2ebe4d28899a6394dac3f_1881910684677255435.png,npc,港务秘书官
4521,雷萨,男,奥摩斯港,暂无,港务主管,负责任的主管,https://uploadstatic.mihoyo.com/ys-obc/2022/08/25/76297419/9813d27c571aad0856d2fc78494d949a_1900758425659004371.png,npc,港务主管
4522,维斯科,男,奥摩斯港,暂无,冒险家,心疼厨师长一秒钟,https://uploadstatic.mihoyo.com/ys-obc/2022/08/25/76297419/31807bea9cde030f947c45e2632aecb7_8606469305676571476.png,npc,冒险家
4523,阿拉比,男,奥摩斯港,暂无,守塔人,在须弥守塔都要学者来做,https://uploadstatic.mihoyo.com/ys-obc/2022/08/25/76297419/bb403c7d124ee23f7684ddf37cdeec42_7315616097094093492.png,npc,守塔人
4524,玛亚姆,女,喀万驿南部,暂无,「金砂之旅」老板,实诚的旅店老板,https://uploadstatic.mihoyo.com/ys-obc/2022/08/25/75981509/959930105ed3fc17f5bd20581076ba5e_4223196111047729873.png,npc,「金砂之旅」老板
4525,纳西尔,男,喀万驿南部,暂无,「镀金旅团」佣兵,忙，忙点好啊,https://uploadstatic.mihoyo.com/ys-obc/2022/08/25/75981509/628362ac961babafb1c45468853aeea9_2973882309204811571.png,npc,「镀金旅团」佣兵
4599,玛希德,女,奥摩斯港,暂无,教令官,看名字和玛希德像姐妹,https://uploadstatic.mihoyo.com/ys-obc/2022/08/26/76297419/39c42e2cdc4737e645dc72a995fae26a_1824739797185524757.png,npc,教令官
4600,玛塔莉,女,奥摩斯港,暂无,「镀金旅团」佣兵,唯唯诺诺,https://uploadstatic.mihoyo.com/ys-obc/2022/08/26/76297419/a60097762cf88fd93438b07691c64fd3_7892400939875597679.png,npc,「镀金旅团」佣兵
4601,纳里曼,男,奥摩斯港,暂无,搬运工,闹着要出海德学者不止一次出现,https://uploadstatic.mihoyo.com/ys-obc/2022/08/26/76297419/7e3bd74b3fd1e12cce27c4546db0e9c4_6512021982572544150.png,npc,搬运工
4602,伊娜姆,女,奥摩斯港,暂无,「镀金旅团」佣兵,摸鱼！,https://uploadstatic.mihoyo.com/ys-obc/2022/08/26/76297419/ac1c046f9c305845ba598e0b73cd3ad6_387496625580567470.png,npc,「镀金旅团」佣兵
4613,纳巴提,男,维摩庄下方处,暂无,学者,确实...,https://uploadstatic.mihoyo.com/ys-obc/2022/08/28/192134014/c344d4be2ebc090e6f63080822ffc2e3_3395793198142321652.jpg,npc,学者
4614,玥文,男,维摩庄上方吊桥处,暂无,商人,「巧思才能得真知。」,https://uploadstatic.mihoyo.com/ys-obc/2022/08/28/192134014/015f5a19d8018c840c57425c29241d27_5875987487382942286.jpg,npc,商人
4633,范二爷,男,和裕茶馆二楼处,且听下回分解,和裕茶馆老板,绿衣服的冒险家，据我所知好像是安伯的祖父，至于“星燕”就是“辛焱”啦.....,https://uploadstatic.mihoyo.com/ys-obc/2022/08/30/192134014/995c47d1dbe6b2a52b4e0eecb3272352_5957097706189611493.jpg,npc,「和裕茶馆」老板
4648,马苏迪,男,喀万驿南部,暂无,学者,没有经费是万万不能的,https://uploadstatic.mihoyo.com/ys-obc/2022/08/31/75981509/c10e725a7685eea858de6f813a5caaec_5506746219242606517.png,npc,学者
4649,马齐尔,男,喀万驿北部入口附近,暂无,「金砂之旅」雇员,还是要学习比较好,https://uploadstatic.mihoyo.com/ys-obc/2022/08/31/75981509/20d87c67e2078dfd2931a8e20d0e6764_7957616947672399691.png,npc,「金砂之旅」雇员
4650,寅杰,男,喀万驿南部,暂无,商人,好清新脱俗的补给包名字,https://uploadstatic.mihoyo.com/ys-obc/2022/08/31/75981509/9ee0caca901a66242415b6f8cc7f0c0c_2731076629779864173.png,npc,商人
4670,哈马维,男,须弥城铁匠铺对面,暂无,杂货店老板,食材这边看...来...,https://uploadstatic.mihoyo.com/ys-obc/2022/09/02/192134014/eb5a36f9e1e5ab546ee68977df2cce50_2687837872517437209.jpg,npc,杂货店老板
4671,阿汉格尔,男,须弥城铁匠铺,暂无,铁匠,哈哈第三个了...,https://uploadstatic.mihoyo.com/ys-obc/2022/09/02/192134014/84132978eb139c39a2ad912b2404cd5e_3143234749769393542.jpg,npc,铁匠
4673,兰巴德,男,须弥城下方传送点旁的兰巴德酒馆内,暂无,酒馆老板,各有各的风味...音乐品味不错。,https://uploadstatic.mihoyo.com/ys-obc/2022/09/02/192134014/ab242eb8159b409230af1b205dcbb39b_8634345635338003455.jpg,npc,酒馆老板
4709,法里芭,女,奥摩斯港,暂无,店员,像极了兼职小妹,https://uploadstatic.mihoyo.com/ys-obc/2022/09/05/76297419/c20f712f7df80b604a49e909d6b5d2e9_4637255062760541604.png,npc,店员
4710,奥乌兹,男,奥摩斯港,暂无,「镀金旅团」佣兵,巡逻从早到晚，劳模！,https://uploadstatic.mihoyo.com/ys-obc/2022/09/05/76297419/7a5e408ad13a28c4f624a1cf764ea277_9016114713880273116.png,npc,「镀金旅团」佣兵
4725,娜斯米儿,女,奥摩斯港,暂无,酒馆招待,罗莎娜的妹妹,https://uploadstatic.mihoyo.com/ys-obc/2022/09/08/76297419/ab9841ba5c09409ce35913d04ea856e0_7505081014841208444.png,npc,酒馆招待
4726,阿巴尼斯,男,奥摩斯港,暂无,商人,只要原石到位，这些是问题么！,https://uploadstatic.mihoyo.com/ys-obc/2022/09/08/76297419/e9161b110b1b843059295568f5a9e1fc_1171518631998148710.png,npc,商人
4727,帕丽莎,女,奥摩斯港,暂无,学者,妮露又一迷妹,https://uploadstatic.mihoyo.com/ys-obc/2022/09/08/76297419/bd99d59d8bd989822dc700c6a5d27a07_4190498875311478482.png,npc,学者
4728,贝鲁兹,男,奥摩斯港,暂无,商人,只要原石到位，旅行者来做保镖！,https://uploadstatic.mihoyo.com/ys-obc/2022/09/08/76297419/0e6107e8b9334a73038e585390828544_5616148261655704835.png,npc,商人
4729,艾依曼,男,奥摩斯港,暂无,酒保,《好久不见咯》,https://uploadstatic.mihoyo.com/ys-obc/2022/09/08/76297419/69a5a30adb808923029601e27c3bc17e_2093057774737738286.png,npc,酒保
4730,舍万,男,奥摩斯港,暂无,摊贩,对小孩子来说可能有点幼稚，但对旅行者来说刚刚好！,https://uploadstatic.mihoyo.com/ys-obc/2022/09/08/76297419/c12776c36e8d545acd4c803ba3e04c9f_2691803540939300502.png,npc,摊贩
4731,罗娅,女,奥摩斯港,暂无,蔬果贩,很实在的姐姐！,https://uploadstatic.mihoyo.com/ys-obc/2022/09/08/76297419/419beca4c98fe0ee76205b73918e372c_3682644337632294072.png,npc,蔬果贩
4732,罗莎娜,女,奥摩斯港,暂无,酒馆招待,娜斯米儿的姐姐，“美丽又动人、温柔又强大“,https://uploadstatic.mihoyo.com/ys-obc/2022/09/08/76297419/1e23fb531aa578940b0817319c848f79_7528094885386358554.png,npc,酒馆招待
4739,朱特,男,须弥城大巴扎处,暂无,香料商人,额，好香....,https://uploadstatic.mihoyo.com/ys-obc/2022/09/10/192134014/013722b9091ce522000f4a0590618ba3_6291261962645346438.jpg,npc,香料商人
4740,阿夫辛,男,须弥城大巴扎处,暂无,旅行商人,贩卖狗粮商人...,https://uploadstatic.mihoyo.com/ys-obc/2022/09/10/192134014/7d127a267307d91cef8af2ff37006533_2763490510148089238.jpg,npc,旅行商人
4741,珀姆,女,须弥城下方码头处,暂无,渔民,良心商家....,https://uploadstatic.mihoyo.com/ys-obc/2022/09/10/192134014/2bdcf9e6c7366fe65152351eb0aeab9e_1082149253507240773.jpg,npc,渔民
4742,阿什帕齐,男,化城郭内,暂无,大厨,商品价格还算是正常...,https://uploadstatic.mihoyo.com/ys-obc/2022/09/10/192134014/f667de3f872bb5659cd52d32fc4ee037_5545888246906218382.jpg,npc,「大厨」
4747,贝哈姆,男,喀万驿北部,暂无,学者,工作加油,https://uploadstatic.mihoyo.com/ys-obc/2022/09/15/75981509/9fd65ceb6b0e1fdb46565a2b7d9e03a9_1654991567310265178.png,npc,学者
4748,阿巴克,男,喀万驿北部,暂无,「镀金旅团」佣兵,独乐乐不如众乐乐,https://uploadstatic.mihoyo.com/ys-obc/2022/09/15/75981509/b80b7fd10cd103867433dc993e1bbc5d_4608691947880747058.png,npc,「镀金旅团」佣兵
4749,蒂亚,女,喀万驿入口台阶处,暂无,「镀金旅团」佣兵,我的本领可是超乎想象的,https://uploadstatic.mihoyo.com/ys-obc/2022/09/08/75981509/0744dbee1363adee92635f676e544176_813704217973420338.png,npc,「镀金旅团」佣兵
4750,莱拉,女,喀万驿入口处,暂无,学者,你说的很有道理，但又没有道理,https://uploadstatic.mihoyo.com/ys-obc/2022/09/08/75981509/d571176991b86904f7b391bb6e9863f0_1238501025329137386.png,npc,学者
4751,哈瓦德,男,喀万驿中部,暂无,商人,心动不如行动啊少年,https://uploadstatic.mihoyo.com/ys-obc/2022/09/07/75981509/5267d776fdc2c8cd00ac533352503984_203667018740097381.png,npc,商人
4752,巴哈拉克,女,喀万驿中部,暂无,冒险家,大姐姐，我的大姐姐嘿嘿,https://uploadstatic.mihoyo.com/ys-obc/2022/09/07/75981509/574d8bb9c8db244f88479b2fa71cc834_4204089033125361245.png,npc,冒险家
4763,拉玛,女,奥摩斯港左边传送点旁边,暂无,香料商人,香辛料啊...,https://uploadstatic.mihoyo.com/ys-obc/2022/09/22/192134014/ba181af091529e09e930737ea545ce8c_8421004126947433064.jpg,npc,香料商人
4963,卡齐姆,男,阿如村,暂无,守卫,「凡事都要提早打算，做好备案。」,https://uploadstatic.mihoyo.com/ys-obc/2022/10/05/183046623/920b770a865bbfbec053df2304969b53_1173054949164900879.png,npc,「阿如村」守卫
5008,秋蔚,女,奥摩斯港,暂无,商人,飞云商会须弥分会,https://uploadstatic.mihoyo.com/ys-obc/2022/10/12/76297419/aab7ab9e1a8d04bd5bf0152c69f3d21c_2577589375616852637.png,npc,商人
5009,比塔,女,奥摩斯港,暂无,码头工人,我总得知道是啥吧...,https://uploadstatic.mihoyo.com/ys-obc/2022/10/12/76297419/349ddf0cd60650f66d6cf3b5f6ebaa88_7143587623843608600.png,npc,码头工人
5010,晓东,男,奥摩斯港,暂无,商船船长,来须弥进货的璃月商人,https://uploadstatic.mihoyo.com/ys-obc/2022/10/12/76297419/5bdd78af0df71578f87eaf40e7a18042_4226972364640190637.png,npc,商船船长
5025,巴兰,男,维摩庄上方房子处,暂无,商人,那这样也不错....,https://uploadstatic.mihoyo.com/ys-obc/2022/10/15/192134014/879a100104ea97507a3e42583fdf37b7_6385047645915692612.jpg,npc,商人
5026,阿玛兹亚,男,维摩庄正下方,暂无,维摩庄村长,希望吧....,https://uploadstatic.mihoyo.com/ys-obc/2022/10/15/192134014/520c219dec222e96aa1f0bdb1b407730_3074909385961479917.jpg,npc,维摩庄村长
5032,扎蒂斯,男,维摩庄传送点附近,暂无,学生,什么适合自己就去哪个啦....,https://uploadstatic.mihoyo.com/ys-obc/2022/10/15/192134014/286d221ba5ef95b72621f63f28f1fada_6351915457685485991.jpg,npc,学生
5037,贾汉吉尔,男,奥摩斯港,暂无,商人,实在的小吃摊贩,https://uploadstatic.mihoyo.com/ys-obc/2022/10/17/76297419/8f80ea467bf0bbb6e3780c02e2f4d297_7922699191900589441.png,npc,食品店主
5039,阿南德,男,奥摩斯港,暂无,船匠,璃月防内卷机构,https://uploadstatic.mihoyo.com/ys-obc/2022/10/17/76297419/e2b94d965da62e452393a0d45c15b182_5838922393016569385.png,npc,船匠
5041,奇拉,女,奥摩斯港,暂无,渔民,只有读懂大海 才能收到回报啊,https://uploadstatic.mihoyo.com/ys-obc/2022/10/19/76297419/f74d5112b93e6e85e85b38231c2d5149_4008590424699811582.png,npc,渔民
5042,萨尔姆,男,奥摩斯港,暂无,驮兽饲养员,可爱的饲养员,https://uploadstatic.mihoyo.com/ys-obc/2022/10/19/76297419/bb613133ea3406d08b3adc64a3994c4b_6692228131458383770.png,npc,驮兽饲养员
5043,库塔,未知,奥摩斯港,暂无,实习牧驮犬,可爱的狗狗！,https://uploadstatic.mihoyo.com/ys-obc/2022/10/19/76297419/3fc6944eaee037c849e96561dde43c0c_1539254820970151202.png,npc,实习牧驮犬
5044,鲁梅拉,女,奥摩斯港后方,暂无,须弥渔师,把信仰放进名字里 又何尝不是一种浪漫,https://uploadstatic.mihoyo.com/ys-obc/2022/10/19/76297419/fd36b2585688a15e4296c50233f8f203_1754092002889714725.png,npc,须弥渔师
5047,约哈南,男,化成郭,暂无,「镀金旅团」佣兵,我超强的！,https://uploadstatic.mihoyo.com/ys-obc/2022/10/20/75981509/7c709dace5f34125de35000e02307401_6416424621114273083.png,npc,「镀金旅团」佣兵
5048,鲁达贝,女,化成郭,暂无,学者,旁边就是林行者，快去自己问,https://uploadstatic.mihoyo.com/ys-obc/2022/10/20/75981509/db59b46d29b87fa2b50463f69039bd19_1460437429794584865.png,npc,学者
5049,乌姆,女,化成郭,暂无,林行者,简简单单才是真,https://uploadstatic.mihoyo.com/ys-obc/2022/10/20/75981509/454875566482d818659d09d85be6abca_3056647865253740302.png,npc,林行者
5050,娜丝琳,女,化成郭,暂无,巡林员,我...听...不...见,https://uploadstatic.mihoyo.com/ys-obc/2022/10/19/75981509/95e80f94c5617c1eaa176444210caa7b_4914886808658082464.png,npc,巡林员
5051,基翁,男,化成郭,暂无,林行者,化成郭最年长的一位,https://uploadstatic.mihoyo.com/ys-obc/2022/10/19/75981509/881404ccfaf60c989731766d055f515c_2404562595903490269.png,npc,林行者
5052,费尔比,男,化成郭东部,暂无,冒险家,明智的选择,https://uploadstatic.mihoyo.com/ys-obc/2022/10/19/75981509/eafcc114022097669f07727387aff8a3_7164199565187435203.png,npc,冒险家
5053,达丽娜,女,化成郭,暂无,旅行商人,雨林还是比沙漠舒服,https://uploadstatic.mihoyo.com/ys-obc/2022/10/19/75981509/cd255074dd3386a5dfb2102157dd4533_6502961986117990349.png,npc,旅行商人
5058,伊萨米,男,禅那园,暂无,学者,往下走可以见到镀金旅团的沙欣，他会向你抱怨这个大花园里的人都很无聊。其实大家是出于好意不想让风纪官沙欣麻烦。,https://uploadstatic.mihoyo.com/ys-obc/2022/10/23/1694811/271e88ad1b007d151e5837de96bf865e_3074330475086747927.png,npc,学者
5059,富拉特,男,禅那园,暂无,商人,暂无,https://uploadstatic.mihoyo.com/ys-obc/2022/10/23/1694811/3595ce917e2808ec8392f41d9aa12d23_3924414168383635142.png,npc,商人
