mhy_id,name,role,introduction,rarity,getting,icon,type,effect,label
1563,魔女的炎之花,"['迪卢克', '可莉', '胡桃', '香菱', '烟绯']",曾经梦想烧尽世间魔物的魔女触碰过的花朵。无名的火舌温暖地舔舐触碰它的人。,4星/5星,['无妄引咎密宫'],https://uploadstatic.mihoyo.com/ys-obc/2022/10/12/4521515/c190ef03ac66983357983509dcb18851_5718299127265651789.png,炽烈的炎之魔女,"{'两件套：':'获得15%火元素伤害加成。','四件套：':'超载、燃烧、烈绽放反应造成的伤害提升40%，蒸发、融化反应的加成系数提高15%。施放元素战技后的10秒内，2件套的效果提高50%，该效果最多叠加3次。'}",artifacts
1563,魔女常燃之羽,"['迪卢克', '可莉', '胡桃', '香菱', '烟绯']",曾经梦想烧尽世间魔物的魔女触碰过的鸟羽，在恒常的燃烧中挥发着烈焰的温度。,4星/5星,['无妄引咎密宫'],https://uploadstatic.mihoyo.com/ys-obc/2022/10/12/4521515/f34335d7804e0d43133a96cefd334804_5145382858779810409.png,炽烈的炎之魔女,"{'两件套：':'获得15%火元素伤害加成。','四件套：':'超载、燃烧、烈绽放反应造成的伤害提升40%，蒸发、融化反应的加成系数提高15%。施放元素战技后的10秒内，2件套的效果提高50%，该效果最多叠加3次。'}",artifacts
1563,魔女破灭之时,"['迪卢克', '可莉', '胡桃', '香菱', '烟绯']",曾经梦想烧尽世间魔物的魔女佩戴的时计，其中流淌着的是魔女献给火焰的岁月。,4星/5星,['无妄引咎密宫'],https://uploadstatic.mihoyo.com/ys-obc/2022/10/12/4521515/4ca819fa5a69c0e22930192dd4eeb787_9037397823088823627.png,炽烈的炎之魔女,"{'两件套：':'获得15%火元素伤害加成。','四件套：':'超载、燃烧、烈绽放反应造成的伤害提升40%，蒸发、融化反应的加成系数提高15%。施放元素战技后的10秒内，2件套的效果提高50%，该效果最多叠加3次。'}",artifacts
1563,魔女的心之火,"['迪卢克', '可莉', '胡桃', '香菱', '烟绯']",曾经梦想烧尽世间魔物的炎之魔女留下的流火之饔。瓶中火永不熄灭，一如其人。,4星/5星,['无妄引咎密宫'],https://uploadstatic.mihoyo.com/ys-obc/2022/10/12/4521515/53d1049ec31acf5282da4e56356ed899_3125834989571600868.png,炽烈的炎之魔女,"{'两件套：':'获得15%火元素伤害加成。','四件套：':'超载、燃烧、烈绽放反应造成的伤害提升40%，蒸发、融化反应的加成系数提高15%。施放元素战技后的10秒内，2件套的效果提高50%，该效果最多叠加3次。'}",artifacts
1563,焦灼的魔女帽,"['迪卢克', '可莉', '胡桃', '香菱', '烟绯']",曾经梦想烧尽世间魔物的炎之魔女曾经戴过的帽子。宽大的帽檐能遮挡她的视线。,4星/5星,['无妄引咎密宫'],https://uploadstatic.mihoyo.com/ys-obc/2022/10/12/4521515/b5ad311e2de38b5aef35b1003583cad9_8089497055432781674.png,炽烈的炎之魔女,"{'两件套：':'获得15%火元素伤害加成。','四件套：':'超载、燃烧、烈绽放反应造成的伤害提升40%，蒸发、融化反应的加成系数提高15%。施放元素战技后的10秒内，2件套的效果提高50%，该效果最多叠加3次。'}",artifacts
1643,游医的银莲,[],是珍贵的药材，但存放了这么久已经失去了药用价值。,1星/2星/3星,['铭记之谷'],https://uploadstatic.mihoyo.com/ys-obc/2022/10/13/183046623/f24e207383dd870f79087cdc5da6a28b_8498966961697083006.png,游医,"{'两件套：':'角色受到的治疗效果提高20%。','四件套：':'释放元素爆发时，恢复20%生命值。'}",artifacts
1643,游医的枭羽,[],枭的坚硬羽毛，夜间行医时用夜行猛禽的意象鼓舞自己。,1星/2星/3星,['铭记之谷'],https://uploadstatic.mihoyo.com/ys-obc/2022/10/13/183046623/87f86a6ea997917b329524ccdd6d1f22_785791202933026811.png,游医,"{'两件套：':'角色受到的治疗效果提高20%。','四件套：':'释放元素爆发时，恢复20%生命值。'}",artifacts
1643,游医的怀钟,[],用来精确计时的道具。对医者而言，即使是一秒的时间也不能浪费。,1星/2星/3星,['铭记之谷'],https://uploadstatic.mihoyo.com/ys-obc/2022/10/13/183046623/b12cc5fc11eca668d58fe48359f8cd2f_4199105162570894949.png,游医,"{'两件套：':'角色受到的治疗效果提高20%。','四件套：':'释放元素爆发时，恢复20%生命值。'}",artifacts
1643,游医的药壶,[],原本装满了提炼后极浓的药汁，如今只剩下浓烈的药味。,1星/2星/3星,['铭记之谷'],https://uploadstatic.mihoyo.com/ys-obc/2022/10/13/183046623/0f6d63fdef96156cb950ba20cba02b16_7474537255373281925.png,游医,"{'两件套：':'角色受到的治疗效果提高20%。','四件套：':'释放元素爆发时，恢复20%生命值。'}",artifacts
1643,游医的方巾,[],平时能在行医时绑住乱发，紧急情况下也能用来托起扭伤、折断的手臂。,1星/2星/3星,['铭记之谷'],https://uploadstatic.mihoyo.com/ys-obc/2022/10/13/183046623/5930f2252cfd74409414e1c55b591c81_3284454719839089889.png,游医,"{'两件套：':'角色受到的治疗效果提高20%。','四件套：':'释放元素爆发时，恢复20%生命值。'}",artifacts
1644,冒险家之花,[],从深邃的古都寻得的绝境求生的小花，被当做骄傲的勋章佩在胸前。,1星/2星/3星,['仲夏庭院'],https://uploadstatic.mihoyo.com/ys-obc/2022/10/13/183046623/cc48c9b1f313eb3cab77fd2d2139f9e8_2556412945284055064.png,冒险家,"{'两件套：':'生命值上限提高1000点。','四件套：':'开启各类宝箱后的5秒内，持续恢复30%生命值。'}",artifacts
1644,冒险家尾羽,[],异国的奇妙鸟类的羽毛，在这片大陆上非常罕见。,1星/2星/3星,['仲夏庭院'],https://uploadstatic.mihoyo.com/ys-obc/2022/10/13/183046623/cce2441e50b2cdea61d78f968314929e_1478998509926430987.png,冒险家,"{'两件套：':'生命值上限提高1000点。','四件套：':'开启各类宝箱后的5秒内，持续恢复30%生命值。'}",artifacts
1644,冒险家怀表,[],常在不见天日的巨渊还是失落的古都流连的冒险家，会经常忘记时间。,1星/2星/3星,['仲夏庭院'],https://uploadstatic.mihoyo.com/ys-obc/2022/10/13/183046623/892aa6e0b8a77022c0002a18fc8dade7_882385478172309767.png,冒险家,"{'两件套：':'生命值上限提高1000点。','四件套：':'开启各类宝箱后的5秒内，持续恢复30%生命值。'}",artifacts
1644,冒险家金杯,[],冒险家某次出征的战利品，虽然有缺口，仍然是值得骄傲的猎获。,1星/2星/3星,['仲夏庭院'],https://uploadstatic.mihoyo.com/ys-obc/2022/10/13/183046623/1c7f90f73f32bb37f481e7ea5216890b_5918947718793266339.png,冒险家,"{'两件套：':'生命值上限提高1000点。','四件套：':'开启各类宝箱后的5秒内，持续恢复30%生命值。'}",artifacts
1644,冒险家头带,[],束在额前的饰带，吸满了汗液，覆盖着尘土。但脏污难以掩盖冒险家的骄傲。,1星/2星/3星,['仲夏庭院'],https://uploadstatic.mihoyo.com/ys-obc/2022/10/13/183046623/8b52b38c223632390b5d46afb6fa893c_5163212599677766101.png,冒险家,"{'两件套：':'生命值上限提高1000点。','四件套：':'开启各类宝箱后的5秒内，持续恢复30%生命值。'}",artifacts
1645,幸运儿绿花,[],无忧无虑地生长在原野里的四叶绿花，被采是因为能带来幸运之说。,1星/2星/3星,['孤云凌霄之处'],https://uploadstatic.mihoyo.com/ys-obc/2022/10/13/183046623/0f30b6e368647981bbaed7d46640a90c_4956999308486762492.png,幸运儿,"{'两件套：':'防御力提高100点。','四件套：':'拾取摩拉时，恢复300点生命值。'}",artifacts
1645,幸运儿鹰羽,[],挡在面前的魔物却被捕食的鹰隼盯上，偶尔能带来这种程度运气的翎羽。,1星/2星/3星,['孤云凌霄之处'],https://uploadstatic.mihoyo.com/ys-obc/2022/10/13/183046623/3270cbe0aa51f53ded4aa73697de110a_1940419961326269399.png,幸运儿,"{'两件套：':'防御力提高100点。','四件套：':'拾取摩拉时，恢复300点生命值。'}",artifacts
1645,幸运儿沙漏,[],因为破洞而空空如也的沙漏。时光流逝对无忧无虑的人没有意义。,1星/2星/3星,['孤云凌霄之处'],https://uploadstatic.mihoyo.com/ys-obc/2022/10/13/183046623/cac62ddff66c2dffaef7653cae8e59c8_5807174799141936252.png,幸运儿,"{'两件套：':'防御力提高100点。','四件套：':'拾取摩拉时，恢复300点生命值。'}",artifacts
1645,幸运儿之杯,[],精致的金属器皿，曾经被用来打趴了夜盗。,1星/2星/3星,['孤云凌霄之处'],https://uploadstatic.mihoyo.com/ys-obc/2022/10/13/183046623/675f5e42c46408f7be4ddf3a538027f4_1570041252157473002.png,幸运儿,"{'两件套：':'防御力提高100点。','四件套：':'拾取摩拉时，恢复300点生命值。'}",artifacts
1645,幸运儿银冠,[],原本坠入落穴，却是被驱逐的旧宗族藏宝的地窖。是那次经历的纪念品。,1星/2星/3星,['孤云凌霄之处'],https://uploadstatic.mihoyo.com/ys-obc/2022/10/13/183046623/05cc0d763ca1fce131d101008c0ecbae_2125757527601306495.png,幸运儿,"{'两件套：':'防御力提高100点。','四件套：':'拾取摩拉时，恢复300点生命值。'}",artifacts
1595,守护之花,[],守护者珍视的鸢尾花。并没有机会送给倾心的人。,3星/4星,['无妄引咎密宫'],https://uploadstatic.mihoyo.com/ys-obc/2022/10/13/183046623/3f1c4705e35da8ea38f39328bd2b258b_8531823881281229914.png,守护之心,"{'两件套：':'防御力提高30%。','四件套：':'队伍里每有不同一种元素类型的自己的角色，自身获得30%相应的元素抗性。'}",artifacts
1595,守护徽印,[],象征着某人「渴望成为坚盾」的羽形别针。,3星/4星,['无妄引咎密宫'],https://uploadstatic.mihoyo.com/ys-obc/2022/10/13/183046623/482a8041a71d8f6f85564a174eb3cec4_9024667183981504606.png,守护之心,"{'两件套：':'防御力提高30%。','四件套：':'队伍里每有不同一种元素类型的自己的角色，自身获得30%相应的元素抗性。'}",artifacts
1595,守护座钟,[],展示当前时间的小道具，在没有月亮的黑夜里是唯一的参照。,3星/4星,['无妄引咎密宫'],https://uploadstatic.mihoyo.com/ys-obc/2022/10/13/183046623/3765f9cbfc0d3df8c3509efbfe2e771a_8793203626932159640.png,守护之心,"{'两件套：':'防御力提高30%。','四件套：':'队伍里每有不同一种元素类型的自己的角色，自身获得30%相应的元素抗性。'}",artifacts
1595,守护之皿,[],金属的容器。可以用来装某种能排遣漫长守望带来的孤独的液体。,3星/4星,['无妄引咎密宫'],https://uploadstatic.mihoyo.com/ys-obc/2022/10/13/183046623/dc59707e0b309bed030bb2e5d7f278e7_3184076707651325175.png,守护之心,"{'两件套：':'防御力提高30%。','四件套：':'队伍里每有不同一种元素类型的自己的角色，自身获得30%相应的元素抗性。'}",artifacts
1595,守护束带,[],用来束起头发的织物，看起来也能在紧急时充当临时的绷带。,3星/4星,['无妄引咎密宫'],https://uploadstatic.mihoyo.com/ys-obc/2022/10/13/183046623/71cbde7469b23d115ff02f62535af1e0_8770590365263364024.png,守护之心,"{'两件套：':'防御力提高30%。','四件套：':'队伍里每有不同一种元素类型的自己的角色，自身获得30%相应的元素抗性。'}",artifacts
1596,故人之心,[],玉蓝色的小花，花茎上扎着谁人的丝带。,3星/4星,['仲夏庭园'],https://uploadstatic.mihoyo.com/ys-obc/2022/10/13/183046623/010819a881c66967ce920ce504f2ba64_367775115513419996.png,行者之心,"{'两件套：':'攻击力提高18%。','四件套：':'重击的暴击率提升30%。'}",artifacts
1596,归乡之羽,[],蓝色的箭羽，其上凝结着旅人消逝远去的眷恋。,3星/4星,['仲夏庭园'],https://uploadstatic.mihoyo.com/ys-obc/2022/10/13/183046623/00b4b1d8f7c3bdb874354e0fdfce9b96_1600437842619953825.png,行者之心,"{'两件套：':'攻击力提高18%。','四件套：':'重击的暴击率提升30%。'}",artifacts
1596,逐光之石,[],饱经沧桑的时晷，永远在静默地记录着日月循环。,3星/4星,['仲夏庭园'],https://uploadstatic.mihoyo.com/ys-obc/2022/10/13/183046623/5230037c63b595b50274a08164e28480_5242578717126586681.png,行者之心,"{'两件套：':'攻击力提高18%。','四件套：':'重击的暴击率提升30%。'}",artifacts
1596,异国之盏,[],朴素的白瓷酒杯，曾经盈满了欢愉的酒水。,3星/4星,['仲夏庭园'],https://uploadstatic.mihoyo.com/ys-obc/2022/10/13/183046623/349ad9901e8fde17f82721464d1fd9a7_7756235896429456727.png,行者之心,"{'两件套：':'攻击力提高18%。','四件套：':'重击的暴击率提升30%。'}",artifacts
1596,感别之冠,[],散发着春风气息的柳冠。,3星/4星,['仲夏庭园'],https://uploadstatic.mihoyo.com/ys-obc/2022/10/13/183046623/1934ca4d09372338b6caba34318e1cab_7761376198216608.png,行者之心,"{'两件套：':'攻击力提高18%。','四件套：':'重击的暴击率提升30%。'}",artifacts
1597,奇迹之花,[],岩石之中生长出来的花。能够裂穿坚硬的岩壁，是因为花追寻着光。,3星/4星,['铭记之谷'],https://uploadstatic.mihoyo.com/ys-obc/2022/10/13/183046623/b60dee7d8e757cb49f0a3fa9aeadfb20_2478071835399270674.png,奇迹,"{'两件套：':'所有元素抗性提高20%。','四件套：':'受到某个元素类型的伤害后，相应的抗性提升30%，持续10秒。该效果每10秒只能触发一次。'}",artifacts
1597,奇迹之羽,[],来自速度极快的猛禽，那奇迹般的一击肉眼几乎无法捕捉。,3星/4星,['铭记之谷'],https://uploadstatic.mihoyo.com/ys-obc/2022/10/13/183046623/5684cf9d019c99f9fc8d1032d20a2449_8760882296421860647.png,奇迹,"{'两件套：':'所有元素抗性提高20%。','四件套：':'受到某个元素类型的伤害后，相应的抗性提升30%，持续10秒。该效果每10秒只能触发一次。'}",artifacts
1597,奇迹之沙,[],看上去是寻常的沙漏，干涸的沙粒随着翻转运动像水一样流动。,3星/4星,['铭记之谷'],https://uploadstatic.mihoyo.com/ys-obc/2022/10/13/183046623/4dee4185c54ddbf652e8403b22b489bb_4970391253463189526.png,奇迹,"{'两件套：':'所有元素抗性提高20%。','四件套：':'受到某个元素类型的伤害后，相应的抗性提升30%，持续10秒。该效果每10秒只能触发一次。'}",artifacts
1597,奇迹之杯,[],民间流传的算命仪式所使用的杯子，也可以装水。,3星/4星,['铭记之谷'],https://uploadstatic.mihoyo.com/ys-obc/2022/10/13/183046623/4b505b2598f77fbdd0dec163292873aa_5211279126460896905.png,奇迹,"{'两件套：':'所有元素抗性提高20%。','四件套：':'受到某个元素类型的伤害后，相应的抗性提升30%，持续10秒。该效果每10秒只能触发一次。'}",artifacts
1597,奇迹耳坠,[],便宜的饰物，却是远古时代的陨星带来的奇特金属制成。,3星/4星,['铭记之谷'],https://uploadstatic.mihoyo.com/ys-obc/2022/10/13/183046623/79d2b6f3c34fda2a485f5c12a2455b86_4582304873295546121.png,奇迹,"{'两件套：':'所有元素抗性提高20%。','四件套：':'受到某个元素类型的伤害后，相应的抗性提升30%，持续10秒。该效果每10秒只能触发一次。'}",artifacts
1598,赌徒的胸花,[],华丽的大花朵，其中能藏得下自己事前准备好的骰子。,3星/4星,['华池岩岫'],https://uploadstatic.mihoyo.com/ys-obc/2022/10/13/183046623/59e68f46919ae2b36a2831921da09e1a_7886860310719468957.png,赌徒,"{'两件套：':'元素战技造成的伤害提升20%。','四件套：':'打倒敌人时，有100%概率清除元素战技的冷却时间。该效果每15秒至多触发一次。'}",artifacts
1598,赌徒的羽饰,[],大型鸟的尾羽，其中能藏得下能逆天改命的牌。,3星/4星,['华池岩岫'],https://uploadstatic.mihoyo.com/ys-obc/2022/10/13/183046623/8e9cae302576680f0513c3e586d01692_8912576409719525384.png,赌徒,"{'两件套：':'元素战技造成的伤害提升20%。','四件套：':'打倒敌人时，有100%概率清除元素战技的冷却时间。该效果每15秒至多触发一次。'}",artifacts
1598,赌徒的怀表,[],破碎的怀表，曾经为它的主人挡下了致命的攻击。,3星/4星,['华池岩岫'],https://uploadstatic.mihoyo.com/ys-obc/2022/10/13/183046623/aec17e319afdba815c70d844c59c5dbd_6017085640728707523.png,赌徒,"{'两件套：':'元素战技造成的伤害提升20%。','四件套：':'打倒敌人时，有100%概率清除元素战技的冷却时间。该效果每15秒至多触发一次。'}",artifacts
1598,赌徒的骰盅,[],是特制的、单一用途的容器，但其中并没有欺诈用的机关。,3星/4星,['华池岩岫'],https://uploadstatic.mihoyo.com/ys-obc/2022/10/13/183046623/1b7d9cf72131a891267f5c13d36ff6ae_15042216383015423.png,赌徒,"{'两件套：':'元素战技造成的伤害提升20%。','四件套：':'打倒敌人时，有100%概率清除元素战技的冷却时间。该效果每15秒至多触发一次。'}",artifacts
1598,赌徒的耳环,[],能让人冷静评估局势与风险，避免危机的翠蓝耳环。,3星/4星,['华池岩岫'],https://uploadstatic.mihoyo.com/ys-obc/2022/10/13/183046623/ccca139e81665367e19e7d8b7ffed7f4_5872556507362521896.png,赌徒,"{'两件套：':'元素战技造成的伤害提升20%。','四件套：':'打倒敌人时，有100%概率清除元素战技的冷却时间。该效果每15秒至多触发一次。'}",artifacts
1599,学士的书签,[],用来充当书签的干花，吸满了书卷的香气。,3星/4星,['华池岩岫'],https://uploadstatic.mihoyo.com/ys-obc/2022/10/13/183046623/764ddaab0b2d37cc487d219dd8de434b_7872719471552151874.png,学士,"{'两件套：':'元素充能效率提高20%。','四件套：':'获得元素微粒或元素晶球时，队伍中所有弓箭和法器角色额外恢复3点元素能量。该效果每3秒只能触发一次。'}",artifacts
1599,学士的羽笔,[],做书写工具的某种鸟类尾羽，根部已经被浸成洗不去的黑。,3星/4星,['华池岩岫'],https://uploadstatic.mihoyo.com/ys-obc/2022/10/13/183046623/c02fe7ca71eea4a88c0af05be757838e_3846500329656923289.png,学士,"{'两件套：':'元素充能效率提高20%。','四件套：':'获得元素微粒或元素晶球时，队伍中所有弓箭和法器角色额外恢复3点元素能量。该效果每3秒只能触发一次。'}",artifacts
1599,学士的时钟,[],适合放在桌面上的小钟，对久不见天日的学者来说是唯一的时间参考吧。,3星/4星,['华池岩岫'],https://uploadstatic.mihoyo.com/ys-obc/2022/10/13/183046623/578757a0aa8ef8274e2a393f511764e1_8795632960136367483.png,学士,"{'两件套：':'元素充能效率提高20%。','四件套：':'获得元素微粒或元素晶球时，队伍中所有弓箭和法器角色额外恢复3点元素能量。该效果每3秒只能触发一次。'}",artifacts
1599,学士的墨杯,[],原本是饮水用的容器，因为常用来洗笔而被染黑。,3星/4星,['华池岩岫'],https://uploadstatic.mihoyo.com/ys-obc/2022/10/13/183046623/6d464dd55dd7fefb1b691642cedd87a4_801371140483277256.png,学士,"{'两件套：':'元素充能效率提高20%。','四件套：':'获得元素微粒或元素晶球时，队伍中所有弓箭和法器角色额外恢复3点元素能量。该效果每3秒只能触发一次。'}",artifacts
1599,学士的镜片,[],大量的阅读会伤害读者的视力；为了弥补这样的损伤，而定制的道具。,3星/4星,['华池岩岫'],https://uploadstatic.mihoyo.com/ys-obc/2022/10/13/183046623/86f45b133e6bb3de71571f98bc98abea_1207635431113996452.png,学士,"{'两件套：':'元素充能效率提高20%。','四件套：':'获得元素微粒或元素晶球时，队伍中所有弓箭和法器角色额外恢复3点元素能量。该效果每3秒只能触发一次。'}",artifacts
1600,磐陀裂生之花,"['诺艾尔','凝光']",盛开于磐陀巨岩的金石之花。花瓣随风轻摇，似有生机。,4星/5星,['孤云凌霄之处'],https://uploadstatic.mihoyo.com/ys-obc/2022/10/12/4521515/ed34a7c93f17c00551bce08c244e15cc_7313849271191383573.png,悠古的磐岩,"{'两件套：':'获得15%岩元素伤害加成。','四件套：':'获得结晶反应形成的晶片时，队伍中所有角色获得35%对应元素伤害加成，持续10秒。同时只能通过该效果获得一种元素伤害加成。'}",artifacts
1600,嵯峨群峰之翼,"['诺艾尔','凝光']",来自矶岩巨鸢的刚羽，玄石的羽尖有时会凝结有清冷的露珠。,4星/5星,['孤云凌霄之处'],https://uploadstatic.mihoyo.com/ys-obc/2022/10/12/4521515/abfb9a67b8368e7a953f16b7a91342bd_4191601785078510662.png,悠古的磐岩,"{'两件套：':'获得15%岩元素伤害加成。','四件套：':'获得结晶反应形成的晶片时，队伍中所有角色获得35%对应元素伤害加成，持续10秒。同时只能通过该效果获得一种元素伤害加成。'}",artifacts
1600,星罗圭璧之晷,"['诺艾尔','凝光']",以整块圭璧雕琢而成的日居，纹路层叠星罗，沉默地记录着失去的时间。,4星/5星,['孤云凌霄之处'],https://uploadstatic.mihoyo.com/ys-obc/2022/10/12/4521515/dd4f434e9ae606f34fa3309854f36cdc_6817681394658994087.png,悠古的磐岩,"{'两件套：':'获得15%岩元素伤害加成。','四件套：':'获得结晶反应形成的晶片时，队伍中所有角色获得35%对应元素伤害加成，持续10秒。同时只能通过该效果获得一种元素伤害加成。'}",artifacts
1600,巉岩琢塑之樽,"['诺艾尔','凝光']",华丽而不失庄重的酒樽，千年前曾满盛玉露。,4星/5星,['孤云凌霄之处'],https://uploadstatic.mihoyo.com/ys-obc/2022/10/12/4521515/1b0eec44a8d441397e209fcbd10111f3_7815709582660366711.png,悠古的磐岩,"{'两件套：':'获得15%岩元素伤害加成。','四件套：':'获得结晶反应形成的晶片时，队伍中所有角色获得35%对应元素伤害加成，持续10秒。同时只能通过该效果获得一种元素伤害加成。'}",artifacts
1600,不动玄石之相,"['诺艾尔','凝光']",玄岩精雕而成的庄严面具，空洞的双眼永远冰冷地凝视着前方。,4星/5星,['孤云凌霄之处'],https://uploadstatic.mihoyo.com/ys-obc/2022/10/12/4521515/706b84d66f746758e92b66764532b47b_6394238949544730934.png,悠古的磐岩,"{'两件套：':'获得15%岩元素伤害加成。','四件套：':'获得结晶反应形成的晶片时，队伍中所有角色获得35%对应元素伤害加成，持续10秒。同时只能通过该效果获得一种元素伤害加成。'}",artifacts
1601,夏祭之花,['钟离'],永远盛放的人造之花，其中是否具有生命呢。,4星/5星,['孤云凌霄之处'],https://uploadstatic.mihoyo.com/ys-obc/2022/10/12/4521515/78593669dc939493f0f050d5f72e9490_7952543729415502373.png,逆飞的流星,"{'两件套：':'护盾强效提高35%。','四件套：':'处于护盾庇护下时，额外获得40%普通攻击和重击伤害加成。'}",artifacts
1601,夏祭终末,['钟离'],精致的木造飞镖。抵达终点时才会停滞之物。,4星/5星,['孤云凌霄之处'],https://uploadstatic.mihoyo.com/ys-obc/2022/10/12/4521515/8f77e5e811427eac95856ef51fc29e0a_6510828046447584327.png,逆飞的流星,"{'两件套：':'护盾强效提高35%。','四件套：':'处于护盾庇护下时，额外获得40%普通攻击和重击伤害加成。'}",artifacts
1601,夏祭之刻,['钟离'],停滞在某一时刻的精致怀钟。,4星/5星,['孤云凌霄之处'],https://uploadstatic.mihoyo.com/ys-obc/2022/10/12/4521515/b451e6ec2b506ba90c9f8db8fe15626c_8913768352546476093.png,逆飞的流星,"{'两件套：':'护盾强效提高35%。','四件套：':'处于护盾庇护下时，额外获得40%普通攻击和重击伤害加成。'}",artifacts
1601,夏祭水玉,['钟离'],夏祭时，盛水气球并不罕见。但如此精致的仅此一个。,4星/5星,['孤云凌霄之处'],https://uploadstatic.mihoyo.com/ys-obc/2022/10/12/4521515/c66511847f895c613aee571e379a6e50_436511130223250981.png,逆飞的流星,"{'两件套：':'护盾强效提高35%。','四件套：':'处于护盾庇护下时，额外获得40%普通攻击和重击伤害加成。'}",artifacts
1601,夏祭之面,['钟离'],依据传说中的神明形象制作的，十分流行的面具。,4星/5星,['孤云凌霄之处'],https://uploadstatic.mihoyo.com/ys-obc/2022/10/12/4521515/0d5e27f5dd655e5ff77944cafbc61929_5980603396187013521.png,逆飞的流星,"{'两件套：':'护盾强效提高35%。','四件套：':'处于护盾庇护下时，额外获得40%普通攻击和重击伤害加成。'}",artifacts
1602,渡火者的决绝,"['迪卢克', '可莉']","在烈焰的簇拥下盛开的花朵,传说古代智者佩着它走进了火海。",4星/5星,['无妄引咎密宫'],https://uploadstatic.mihoyo.com/ys-obc/2022/10/12/4521515/70700688382863e1cc65108b0d95035a_4929409579431953916.png,渡过烈火的贤人,"{'两件套：':'火元素抗性提高40%。','四件套：':'对处于火元素影响下的敌人造成的伤害提升35%。'}",artifacts
1602,渡火者的解脱,"['迪卢克', '可莉']",浴火的孤高之鸟的羽毛，似乎能从中听到野火里的振翅之声。,4星/5星,['无妄引咎密宫'],https://uploadstatic.mihoyo.com/ys-obc/2022/10/12/4521515/bdfaf73dba09ef567ebe92414958eb5b_5438211146950804328.png,渡过烈火的贤人,"{'两件套：':'火元素抗性提高40%。','四件套：':'对处于火元素影响下的敌人造成的伤害提升35%。'}",artifacts
1602,渡火者的醒悟,"['迪卢克', '可莉']",流淌着闪烁热砂的沙漏，流沙匆匆而去，从不留下任何烙印。,4星/5星,['无妄引咎密宫'],https://uploadstatic.mihoyo.com/ys-obc/2022/10/12/4521515/8baddef09feaf1ab865cd3171a1af376_1224327669128640194.png,渡过烈火的贤人,"{'两件套：':'火元素抗性提高40%。','四件套：':'对处于火元素影响下的敌人造成的伤害提升35%。'}",artifacts
1602,渡火者的煎熬,"['迪卢克', '可莉']",传说中是能耐流火高热的杯盏，如今其中空无一物仅有余温。,4星/5星,['无妄引咎密宫'],https://uploadstatic.mihoyo.com/ys-obc/2022/10/12/4521515/f85a7f0b46a798be46bc3f51337c734d_8541922672315615987.png,渡过烈火的贤人,"{'两件套：':'火元素抗性提高40%。','四件套：':'对处于火元素影响下的敌人造成的伤害提升35%。'}",artifacts
1602,渡火者的智慧,"['迪卢克', '可莉']",渡过火海的智者之冠，曾经映照着在热浪中挺立的古老身影。,4星/5星,['无妄引咎密宫'],https://uploadstatic.mihoyo.com/ys-obc/2022/10/12/4521515/c24db0257d4efa3d7089eb0a763826ac_6769531786536230111.png,渡过烈火的贤人,"{'两件套：':'火元素抗性提高40%。','四件套：':'对处于火元素影响下的敌人造成的伤害提升35%。'}",artifacts
1603,武人的红花,[],唯独此种红花能让武人暂时忘却痛苦。,3星/4星,['无妄引咎密宫'],https://uploadstatic.mihoyo.com/ys-obc/2022/10/13/183046623/2134989e3ce1c9c9d1462df111253a73_5131893194170604038.png,武人,"{'两件套：':'普通攻击与重击造成的伤害提高15%。','四件套：':'释放元素战技后的8秒内，普通攻击和重击造成的伤害提升25%。'}",artifacts
1603,武人的羽饰,[],随处可见的鸟类羽毛，高手用来练习力道，新手则用来制成扇子。,3星/4星,['无妄引咎密宫'],https://uploadstatic.mihoyo.com/ys-obc/2022/10/13/183046623/857c92a893e594a7b6c97449598005bd_6421449390369715326.png,武人,"{'两件套：':'普通攻击与重击造成的伤害提高15%。','四件套：':'释放元素战技后的8秒内，普通攻击和重击造成的伤害提升25%。'}",artifacts
1603,武人的水漏,[],进行耐力锻炼时计时的小道具，比沙漏的流转更为稳定。,3星/4星,['无妄引咎密宫'],https://uploadstatic.mihoyo.com/ys-obc/2022/10/13/183046623/c60edd1a17595e1c72635316cab6f756_8261739386084101861.png,武人,"{'两件套：':'普通攻击与重击造成的伤害提高15%。','四件套：':'释放元素战技后的8秒内，普通攻击和重击造成的伤害提升25%。'}",artifacts
1603,武人的酒杯,[],稍微精致的酒杯，是仅在武人上场前使用的仪式器具。,3星/4星,['无妄引咎密宫'],https://uploadstatic.mihoyo.com/ys-obc/2022/10/13/183046623/a49e230aaa145ab130b2034e88b0aa9e_3678566193031027916.png,武人,"{'两件套：':'普通攻击与重击造成的伤害提高15%。','四件套：':'释放元素战技后的8秒内，普通攻击和重击造成的伤害提升25%。'}",artifacts
1603,武人的头巾,[],入门第一件事，精气神，绑上头巾，随时提醒自己勿忘这三字。,3星/4星,['无妄引咎密宫'],https://uploadstatic.mihoyo.com/ys-obc/2022/10/13/183046623/e3a0a4de7f2261880e7b50bbf5aabc48_6280160310494429035.png,武人,"{'两件套：':'普通攻击与重击造成的伤害提高15%。','四件套：':'释放元素战技后的8秒内，普通攻击和重击造成的伤害提升25%。'}",artifacts
1604,战狂的蔷薇,[],被染红的精致花朵，与狂战士的气质微妙地相符。,3星/4星,"['岩盾丘丘暴徒','丘丘岩盔王','岩龙蜥','古岩龙蜥','雷斧丘丘暴徒','木盾丘丘暴徒','遗迹猎者','遗迹守卫','幼岩龙蜥','遗迹重机','魔偶剑鬼','遗迹歼击者','遗迹巡弋者','恒常机关阵列','遗迹防卫者','遗迹侦察者','「女士」','祸津御建鸣神命','遗迹龙兽·地巡','遗迹龙兽·空巡','半永恒统辖矩阵','兆载永劫龙兽','「公子」','水深渊法师','纯水精灵·洛蒂娅','深渊使徒·激流','愚人众·藏镜仕女','无相之水·希伊','深海龙蜥·原种','黯色空壳·破阵','愚人众·雷萤术士','深渊咏者·紫电','丘丘雷兜王','雷深渊法师','深海龙蜥·吞雷','若陀龙王','火深渊法师','愚人众·火之债务处理人','火斧丘丘暴徒','爆炎树','无相之火·亚因','深渊咏者·渊火','黯色空壳·旗令','狂风之核','无相之风·贝特','裂空的魔龙','北风的王狼','黑蛇骑士·斩风之剑','翠翎恐蕈','冰深渊法师','急冻树','冰盾丘丘暴徒','愚人众·冰萤术士','丘丘霜铠王','无相之冰·塔勒特','深海龙蜥·啮冰','黯色空壳·近卫']",https://uploadstatic.mihoyo.com/ys-obc/2022/10/13/183046623/a36be859b401b2758009e4c15e8f6713_4120960263248745814.png,战狂,"{'两件套：':'暴击率提高12%。','四件套：':'生命值低于70%时，暴击率额外提升24%。'}",artifacts
1604,战狂的翎羽,[],原本传说中报丧之鸟的黯蓝尾羽，一部分被染成了红色。,3星/4星,"['岩盾丘丘暴徒','丘丘岩盔王','岩龙蜥','古岩龙蜥','雷斧丘丘暴徒','木盾丘丘暴徒','遗迹猎者','遗迹守卫','幼岩龙蜥','遗迹重机','魔偶剑鬼','遗迹歼击者','遗迹巡弋者','恒常机关阵列','遗迹防卫者','遗迹侦察者','「女士」','祸津御建鸣神命','遗迹龙兽·地巡','遗迹龙兽·空巡','半永恒统辖矩阵','兆载永劫龙兽','「公子」','水深渊法师','纯水精灵·洛蒂娅','深渊使徒·激流','愚人众·藏镜仕女','无相之水·希伊','深海龙蜥·原种','黯色空壳·破阵','愚人众·雷萤术士','深渊咏者·紫电','丘丘雷兜王','雷深渊法师','深海龙蜥·吞雷','若陀龙王','火深渊法师','愚人众·火之债务处理人','火斧丘丘暴徒','爆炎树','无相之火·亚因','深渊咏者·渊火','黯色空壳·旗令','狂风之核','无相之风·贝特','裂空的魔龙','北风的王狼','黑蛇骑士·斩风之剑','翠翎恐蕈','冰深渊法师','急冻树','冰盾丘丘暴徒','愚人众·冰萤术士','丘丘霜铠王','无相之冰·塔勒特','深海龙蜥·啮冰','黯色空壳·近卫']",https://uploadstatic.mihoyo.com/ys-obc/2022/10/13/183046623/792518a81a3a94a6fe3ad4e3b6e376e7_7672393643403622266.png,战狂,"{'两件套：':'暴击率提高12%。','四件套：':'生命值低于70%时，暴击率额外提升24%。'}",artifacts
1604,战狂的时计,[],永远无情流动着的器物，提醒着狂战士自己在战场上的时限，和在人世间的时限。,3星/4星,"['岩盾丘丘暴徒','丘丘岩盔王','岩龙蜥','古岩龙蜥','雷斧丘丘暴徒','木盾丘丘暴徒','遗迹猎者','遗迹守卫','幼岩龙蜥','遗迹重机','魔偶剑鬼','遗迹歼击者','遗迹巡弋者','恒常机关阵列','遗迹防卫者','遗迹侦察者','「女士」','祸津御建鸣神命','遗迹龙兽·地巡','遗迹龙兽·空巡','半永恒统辖矩阵','兆载永劫龙兽','「公子」','水深渊法师','纯水精灵·洛蒂娅','深渊使徒·激流','愚人众·藏镜仕女','无相之水·希伊','深海龙蜥·原种','黯色空壳·破阵','愚人众·雷萤术士','深渊咏者·紫电','丘丘雷兜王','雷深渊法师','深海龙蜥·吞雷','若陀龙王','火深渊法师','愚人众·火之债务处理人','火斧丘丘暴徒','爆炎树','无相之火·亚因','深渊咏者·渊火','黯色空壳·旗令','狂风之核','无相之风·贝特','裂空的魔龙','北风的王狼','黑蛇骑士·斩风之剑','翠翎恐蕈','冰深渊法师','急冻树','冰盾丘丘暴徒','愚人众·冰萤术士','丘丘霜铠王','无相之冰·塔勒特','深海龙蜥·啮冰','黯色空壳·近卫']",https://uploadstatic.mihoyo.com/ys-obc/2022/10/13/183046623/7e6018c66d4f3d7a4e04d38ea4c2285a_1810105797653970825.png,战狂,"{'两件套：':'暴击率提高12%。','四件套：':'生命值低于70%时，暴击率额外提升24%。'}",artifacts
1604,战狂的骨杯,[],用不知名的巨大兽类的骨头制成的杯，是某次厮杀后得到的猎获。,3星/4星,"['岩盾丘丘暴徒','丘丘岩盔王','岩龙蜥','古岩龙蜥','雷斧丘丘暴徒','木盾丘丘暴徒','遗迹猎者','遗迹守卫','幼岩龙蜥','遗迹重机','魔偶剑鬼','遗迹歼击者','遗迹巡弋者','恒常机关阵列','遗迹防卫者','遗迹侦察者','「女士」','祸津御建鸣神命','遗迹龙兽·地巡','遗迹龙兽·空巡','半永恒统辖矩阵','兆载永劫龙兽','「公子」','水深渊法师','纯水精灵·洛蒂娅','深渊使徒·激流','愚人众·藏镜仕女','无相之水·希伊','深海龙蜥·原种','黯色空壳·破阵','愚人众·雷萤术士','深渊咏者·紫电','丘丘雷兜王','雷深渊法师','深海龙蜥·吞雷','若陀龙王','火深渊法师','愚人众·火之债务处理人','火斧丘丘暴徒','爆炎树','无相之火·亚因','深渊咏者·渊火','黯色空壳·旗令','狂风之核','无相之风·贝特','裂空的魔龙','北风的王狼','黑蛇骑士·斩风之剑','翠翎恐蕈','冰深渊法师','急冻树','冰盾丘丘暴徒','愚人众·冰萤术士','丘丘霜铠王','无相之冰·塔勒特','深海龙蜥·啮冰','黯色空壳·近卫']",https://uploadstatic.mihoyo.com/ys-obc/2022/10/13/183046623/838ba72591b9f74c36bf9d9861ab45e4_7808660560379382129.png,战狂,"{'两件套：':'暴击率提高12%。','四件套：':'生命值低于70%时，暴击率额外提升24%。'}",artifacts
1604,战狂的鬼面,[],在不顾生死的厮杀中一半破碎的骇人铁面具。,3星/4星,"['岩盾丘丘暴徒','丘丘岩盔王','岩龙蜥','古岩龙蜥','雷斧丘丘暴徒','木盾丘丘暴徒','遗迹猎者','遗迹守卫','幼岩龙蜥','遗迹重机','魔偶剑鬼','遗迹歼击者','遗迹巡弋者','恒常机关阵列','遗迹防卫者','遗迹侦察者','「女士」','祸津御建鸣神命','遗迹龙兽·地巡','遗迹龙兽·空巡','半永恒统辖矩阵','兆载永劫龙兽','「公子」','水深渊法师','纯水精灵·洛蒂娅','深渊使徒·激流','愚人众·藏镜仕女','无相之水·希伊','深海龙蜥·原种','黯色空壳·破阵','愚人众·雷萤术士','深渊咏者·紫电','丘丘雷兜王','雷深渊法师','深海龙蜥·吞雷','若陀龙王','火深渊法师','愚人众·火之债务处理人','火斧丘丘暴徒','爆炎树','无相之火·亚因','深渊咏者·渊火','黯色空壳·旗令','狂风之核','无相之风·贝特','裂空的魔龙','北风的王狼','黑蛇骑士·斩风之剑','翠翎恐蕈','冰深渊法师','急冻树','冰盾丘丘暴徒','愚人众·冰萤术士','丘丘霜铠王','无相之冰·塔勒特','深海龙蜥·啮冰','黯色空壳·近卫']",https://uploadstatic.mihoyo.com/ys-obc/2022/10/13/183046623/cb1870d3736272e5244929975b327c08_5120907652254982343.png,战狂,"{'两件套：':'暴击率提高12%。','四件套：':'生命值低于70%时，暴击率额外提升24%。'}",artifacts
1605,流放者之花,[],带在身上的黯淡的花。是流放之身也要带着，一定有重要的意义吧。,3星/4星,"['岩盾丘丘暴徒','无相之岩·基末尔','丘丘岩盔王','岩龙蜥','古岩龙蜥','黄金王兽','雷斧丘丘暴徒','木盾丘丘暴徒','遗迹猎者','遗迹守卫','幼岩龙蜥','遗迹重机','遗迹歼击者','遗迹巡弋者','恒常机关阵列','遗迹防卫者','遗迹侦察者','「女士」','深海龙蜥之群','祸津御建鸣神命','遗迹巨蛇','遗迹龙兽·地巡','遗迹龙兽·空巡','「公子」','水深渊法师','纯水精灵·洛蒂娅','深渊使徒·激流','愚人众·藏镜仕女','无相之水·希伊','深海龙蜥·原种','黯色空壳·破阵','愚人众·雷萤术士','无相之雷·阿莱夫','深渊咏者·紫电','丘丘雷兜王','雷深渊法师','雷音权现','深海龙蜥·吞雷','掣电树','若陀龙王','火深渊法师','愚人众·火之债务处理人','火斧丘丘暴徒','深渊咏者·渊火','黯色空壳·旗令','狂风之核','裂空的魔龙','北风的王狼','黑蛇骑士·斩风之剑','冰深渊法师','急冻树','冰盾丘丘暴徒','愚人众·冰萤术士','丘丘霜铠王','无相之冰·塔勒特','深海龙蜥·啮冰','黯色空壳·近卫']",https://uploadstatic.mihoyo.com/ys-obc/2022/10/13/183046623/af2a9f02f70da850218e91c44b772121_7827188205371777395.png,流放者,"{'两件套：':'元素充能效率提高20%。','四件套：':'施放元素爆发后，每2秒为队伍中所有角色（不包括自己）恢复2点元素能量。该效果持续6秒，无法叠加。'}",artifacts
1605,流放者之羽,[],并不是刻意的装饰物，只是在荒野流浪中偶然沾上的不知名鸟羽。,3星/4星,"['岩盾丘丘暴徒','无相之岩·基末尔','丘丘岩盔王','岩龙蜥','古岩龙蜥','黄金王兽','雷斧丘丘暴徒','木盾丘丘暴徒','遗迹猎者','遗迹守卫','幼岩龙蜥','遗迹重机','遗迹歼击者','遗迹巡弋者','恒常机关阵列','遗迹防卫者','遗迹侦察者','「女士」','深海龙蜥之群','祸津御建鸣神命','遗迹巨蛇','遗迹龙兽·地巡','遗迹龙兽·空巡','「公子」','水深渊法师','纯水精灵·洛蒂娅','深渊使徒·激流','愚人众·藏镜仕女','无相之水·希伊','深海龙蜥·原种','黯色空壳·破阵','愚人众·雷萤术士','无相之雷·阿莱夫','深渊咏者·紫电','丘丘雷兜王','雷深渊法师','雷音权现','深海龙蜥·吞雷','掣电树','若陀龙王','火深渊法师','愚人众·火之债务处理人','火斧丘丘暴徒','深渊咏者·渊火','黯色空壳·旗令','狂风之核','裂空的魔龙','北风的王狼','黑蛇骑士·斩风之剑','冰深渊法师','急冻树','冰盾丘丘暴徒','愚人众·冰萤术士','丘丘霜铠王','无相之冰·塔勒特','深海龙蜥·啮冰','黯色空壳·近卫']",https://uploadstatic.mihoyo.com/ys-obc/2022/10/13/183046623/4cfba300e39f95f4989d1abf3af09186_14357740313209337.png,流放者,"{'两件套：':'元素充能效率提高20%。','四件套：':'施放元素爆发后，每2秒为队伍中所有角色（不包括自己）恢复2点元素能量。该效果持续6秒，无法叠加。'}",artifacts
1605,流放者怀表,[],水晶制成的表镜已经破碎，连表针也全数脱落，但仍然不愿丢弃。,3星/4星,"['岩盾丘丘暴徒','无相之岩·基末尔','丘丘岩盔王','岩龙蜥','古岩龙蜥','黄金王兽','雷斧丘丘暴徒','木盾丘丘暴徒','遗迹猎者','遗迹守卫','幼岩龙蜥','遗迹重机','遗迹歼击者','遗迹巡弋者','恒常机关阵列','遗迹防卫者','遗迹侦察者','「女士」','深海龙蜥之群','祸津御建鸣神命','遗迹巨蛇','遗迹龙兽·地巡','遗迹龙兽·空巡','「公子」','水深渊法师','纯水精灵·洛蒂娅','深渊使徒·激流','愚人众·藏镜仕女','无相之水·希伊','深海龙蜥·原种','黯色空壳·破阵','愚人众·雷萤术士','无相之雷·阿莱夫','深渊咏者·紫电','丘丘雷兜王','雷深渊法师','雷音权现','深海龙蜥·吞雷','掣电树','若陀龙王','火深渊法师','愚人众·火之债务处理人','火斧丘丘暴徒','深渊咏者·渊火','黯色空壳·旗令','狂风之核','裂空的魔龙','北风的王狼','黑蛇骑士·斩风之剑','冰深渊法师','急冻树','冰盾丘丘暴徒','愚人众·冰萤术士','丘丘霜铠王','无相之冰·塔勒特','深海龙蜥·啮冰','黯色空壳·近卫']",https://uploadstatic.mihoyo.com/ys-obc/2022/10/13/183046623/09921cb3e600e8b71f03a5ee6c16e777_6919198658735350543.png,流放者,"{'两件套：':'元素充能效率提高20%。','四件套：':'施放元素爆发后，每2秒为队伍中所有角色（不包括自己）恢复2点元素能量。该效果持续6秒，无法叠加。'}",artifacts
1605,流放者之杯,[],黯淡的重金属制成的杯型器皿，可以看出外壁上原本镶有宝石，又被挖掉了。,3星/4星,"['岩盾丘丘暴徒','无相之岩·基末尔','丘丘岩盔王','岩龙蜥','古岩龙蜥','黄金王兽','雷斧丘丘暴徒','木盾丘丘暴徒','遗迹猎者','遗迹守卫','幼岩龙蜥','遗迹重机','遗迹歼击者','遗迹巡弋者','恒常机关阵列','遗迹防卫者','遗迹侦察者','「女士」','深海龙蜥之群','祸津御建鸣神命','遗迹巨蛇','遗迹龙兽·地巡','遗迹龙兽·空巡','「公子」','水深渊法师','纯水精灵·洛蒂娅','深渊使徒·激流','愚人众·藏镜仕女','无相之水·希伊','深海龙蜥·原种','黯色空壳·破阵','愚人众·雷萤术士','无相之雷·阿莱夫','深渊咏者·紫电','丘丘雷兜王','雷深渊法师','雷音权现','深海龙蜥·吞雷','掣电树','若陀龙王','火深渊法师','愚人众·火之债务处理人','火斧丘丘暴徒','深渊咏者·渊火','黯色空壳·旗令','狂风之核','裂空的魔龙','北风的王狼','黑蛇骑士·斩风之剑','冰深渊法师','急冻树','冰盾丘丘暴徒','愚人众·冰萤术士','丘丘霜铠王','无相之冰·塔勒特','深海龙蜥·啮冰','黯色空壳·近卫']",https://uploadstatic.mihoyo.com/ys-obc/2022/10/13/183046623/764e89aabda8b3e124d008e93c50c553_938394670566278441.png,流放者,"{'两件套：':'元素充能效率提高20%。','四件套：':'施放元素爆发后，每2秒为队伍中所有角色（不包括自己）恢复2点元素能量。该效果持续6秒，无法叠加。'}",artifacts
1605,流放者头冠,[],尊贵的头冠，昭示身份的徽记被用刀划破，原本的显贵身份已废黜。,3星/4星,"['岩盾丘丘暴徒','无相之岩·基末尔','丘丘岩盔王','岩龙蜥','古岩龙蜥','黄金王兽','雷斧丘丘暴徒','木盾丘丘暴徒','遗迹猎者','遗迹守卫','幼岩龙蜥','遗迹重机','遗迹歼击者','遗迹巡弋者','恒常机关阵列','遗迹防卫者','遗迹侦察者','「女士」','深海龙蜥之群','祸津御建鸣神命','遗迹巨蛇','遗迹龙兽·地巡','遗迹龙兽·空巡','「公子」','水深渊法师','纯水精灵·洛蒂娅','深渊使徒·激流','愚人众·藏镜仕女','无相之水·希伊','深海龙蜥·原种','黯色空壳·破阵','愚人众·雷萤术士','无相之雷·阿莱夫','深渊咏者·紫电','丘丘雷兜王','雷深渊法师','雷音权现','深海龙蜥·吞雷','掣电树','若陀龙王','火深渊法师','愚人众·火之债务处理人','火斧丘丘暴徒','深渊咏者·渊火','黯色空壳·旗令','狂风之核','裂空的魔龙','北风的王狼','黑蛇骑士·斩风之剑','冰深渊法师','急冻树','冰盾丘丘暴徒','愚人众·冰萤术士','丘丘霜铠王','无相之冰·塔勒特','深海龙蜥·啮冰','黯色空壳·近卫']",https://uploadstatic.mihoyo.com/ys-obc/2022/10/13/183046623/0e830e805815c07a5180c99653234e25_2969611182421640082.png,流放者,"{'两件套：':'元素充能效率提高20%。','四件套：':'施放元素爆发后，每2秒为队伍中所有角色（不包括自己）恢复2点元素能量。该效果持续6秒，无法叠加。'}",artifacts
1606,教官的胸花,[],教官胸口别着这种花的时候，意味着今日不练兵。,3星/4星,"['岩盾丘丘暴徒','无相之岩·基末尔','丘丘岩盔王','岩龙蜥','古岩龙蜥','黄金王兽','雷斧丘丘暴徒','木盾丘丘暴徒','遗迹猎者','遗迹守卫','幼岩龙蜥','遗迹重机','魔偶剑鬼','遗迹歼击者','遗迹巡弋者','遗迹防卫者','遗迹侦察者','「女士」','深海龙蜥之群','祸津御建鸣神命','遗迹巨蛇','遗迹龙兽·地巡','遗迹龙兽·空巡','半永恒统辖矩阵','兆载永劫龙兽','「公子」','水深渊法师','深渊使徒·激流','愚人众·藏镜仕女','深海龙蜥·原种','黯色空壳·破阵','愚人众·雷萤术士','无相之雷·阿莱夫','深渊咏者·紫电','丘丘雷兜王','雷深渊法师','雷音权现','深海龙蜥·吞雷','掣电树','若陀龙王','火深渊法师','愚人众·火之债务处理人','火斧丘丘暴徒','爆炎树','无相之火·亚因','深渊咏者·渊火','黯色空壳·旗令','狂风之核','无相之风·贝特','裂空的魔龙','北风的王狼','黑蛇骑士·斩风之剑','翠翎恐蕈','冰深渊法师','冰盾丘丘暴徒','愚人众·冰萤术士','丘丘霜铠王','深海龙蜥·啮冰','黯色空壳·近卫']",https://uploadstatic.mihoyo.com/ys-obc/2022/10/13/183046623/89a2a4aa3e301c5efbbe04e5a38ca70e_8434385826218640373.png,教官,"{'两件套：':'元素精通提高80点。','四件套：':'触发元素反应后，队伍中所有角色的元素精通提高120点，持续8秒。'}",artifacts
1606,教官的羽饰,[],熟知如何化解攻击力道的教官，不会让这种羽饰被劲风吹掉。,3星/4星,"['岩盾丘丘暴徒','无相之岩·基末尔','丘丘岩盔王','岩龙蜥','古岩龙蜥','黄金王兽','雷斧丘丘暴徒','木盾丘丘暴徒','遗迹猎者','遗迹守卫','幼岩龙蜥','遗迹重机','魔偶剑鬼','遗迹歼击者','遗迹巡弋者','遗迹防卫者','遗迹侦察者','「女士」','深海龙蜥之群','祸津御建鸣神命','遗迹巨蛇','遗迹龙兽·地巡','遗迹龙兽·空巡','半永恒统辖矩阵','兆载永劫龙兽','「公子」','水深渊法师','深渊使徒·激流','愚人众·藏镜仕女','深海龙蜥·原种','黯色空壳·破阵','愚人众·雷萤术士','无相之雷·阿莱夫','深渊咏者·紫电','丘丘雷兜王','雷深渊法师','雷音权现','深海龙蜥·吞雷','掣电树','若陀龙王','火深渊法师','愚人众·火之债务处理人','火斧丘丘暴徒','爆炎树','无相之火·亚因','深渊咏者·渊火','黯色空壳·旗令','狂风之核','无相之风·贝特','裂空的魔龙','北风的王狼','黑蛇骑士·斩风之剑','翠翎恐蕈','冰深渊法师','冰盾丘丘暴徒','愚人众·冰萤术士','丘丘霜铠王','深海龙蜥·啮冰','黯色空壳·近卫']",https://uploadstatic.mihoyo.com/ys-obc/2022/10/13/183046623/198c3f50f1e48009d8e18b91829d277a_5264872569502907162.png,教官,"{'两件套：':'元素精通提高80点。','四件套：':'触发元素反应后，队伍中所有角色的元素精通提高120点，持续8秒。'}",artifacts
1606,教官的怀表,[],不能用来看时间的怀表，是完全奉献给训练的计时工具。,3星/4星,"['岩盾丘丘暴徒','无相之岩·基末尔','丘丘岩盔王','岩龙蜥','古岩龙蜥','黄金王兽','雷斧丘丘暴徒','木盾丘丘暴徒','遗迹猎者','遗迹守卫','幼岩龙蜥','遗迹重机','魔偶剑鬼','遗迹歼击者','遗迹巡弋者','遗迹防卫者','遗迹侦察者','「女士」','深海龙蜥之群','祸津御建鸣神命','遗迹巨蛇','遗迹龙兽·地巡','遗迹龙兽·空巡','半永恒统辖矩阵','兆载永劫龙兽','「公子」','水深渊法师','深渊使徒·激流','愚人众·藏镜仕女','深海龙蜥·原种','黯色空壳·破阵','愚人众·雷萤术士','无相之雷·阿莱夫','深渊咏者·紫电','丘丘雷兜王','雷深渊法师','雷音权现','深海龙蜥·吞雷','掣电树','若陀龙王','火深渊法师','愚人众·火之债务处理人','火斧丘丘暴徒','爆炎树','无相之火·亚因','深渊咏者·渊火','黯色空壳·旗令','狂风之核','无相之风·贝特','裂空的魔龙','北风的王狼','黑蛇骑士·斩风之剑','翠翎恐蕈','冰深渊法师','冰盾丘丘暴徒','愚人众·冰萤术士','丘丘霜铠王','深海龙蜥·啮冰','黯色空壳·近卫']",https://uploadstatic.mihoyo.com/ys-obc/2022/10/13/183046623/09ef15d9d95790885e5d1704a53e05db_8694073736244688220.png,教官,"{'两件套：':'元素精通提高80点。','四件套：':'触发元素反应后，队伍中所有角色的元素精通提高120点，持续8秒。'}",artifacts
1606,教官的茶杯,[],虽然在外人看来只是普通的茶杯，但在学员眼里可是教官权力的象征。,3星/4星,"['岩盾丘丘暴徒','无相之岩·基末尔','丘丘岩盔王','岩龙蜥','古岩龙蜥','黄金王兽','雷斧丘丘暴徒','木盾丘丘暴徒','遗迹猎者','遗迹守卫','幼岩龙蜥','遗迹重机','魔偶剑鬼','遗迹歼击者','遗迹巡弋者','遗迹防卫者','遗迹侦察者','「女士」','深海龙蜥之群','祸津御建鸣神命','遗迹巨蛇','遗迹龙兽·地巡','遗迹龙兽·空巡','半永恒统辖矩阵','兆载永劫龙兽','「公子」','水深渊法师','深渊使徒·激流','愚人众·藏镜仕女','深海龙蜥·原种','黯色空壳·破阵','愚人众·雷萤术士','无相之雷·阿莱夫','深渊咏者·紫电','丘丘雷兜王','雷深渊法师','雷音权现','深海龙蜥·吞雷','掣电树','若陀龙王','火深渊法师','愚人众·火之债务处理人','火斧丘丘暴徒','爆炎树','无相之火·亚因','深渊咏者·渊火','黯色空壳·旗令','狂风之核','无相之风·贝特','裂空的魔龙','北风的王狼','黑蛇骑士·斩风之剑','翠翎恐蕈','冰深渊法师','冰盾丘丘暴徒','愚人众·冰萤术士','丘丘霜铠王','深海龙蜥·啮冰','黯色空壳·近卫']",https://uploadstatic.mihoyo.com/ys-obc/2022/10/13/183046623/0b55281a0033c87d308b55fe9a9b32fd_2753036220067609192.png,教官,"{'两件套：':'元素精通提高80点。','四件套：':'触发元素反应后，队伍中所有角色的元素精通提高120点，持续8秒。'}",artifacts
1606,教官的帽子,[],制式的教官帽子，是拒绝了晋升的军官才能获得的殊荣。,3星/4星,"['岩盾丘丘暴徒','无相之岩·基末尔','丘丘岩盔王','岩龙蜥','古岩龙蜥','黄金王兽','雷斧丘丘暴徒','木盾丘丘暴徒','遗迹猎者','遗迹守卫','幼岩龙蜥','遗迹重机','魔偶剑鬼','遗迹歼击者','遗迹巡弋者','遗迹防卫者','遗迹侦察者','「女士」','深海龙蜥之群','祸津御建鸣神命','遗迹巨蛇','遗迹龙兽·地巡','遗迹龙兽·空巡','半永恒统辖矩阵','兆载永劫龙兽','「公子」','水深渊法师','深渊使徒·激流','愚人众·藏镜仕女','深海龙蜥·原种','黯色空壳·破阵','愚人众·雷萤术士','无相之雷·阿莱夫','深渊咏者·紫电','丘丘雷兜王','雷深渊法师','雷音权现','深海龙蜥·吞雷','掣电树','若陀龙王','火深渊法师','愚人众·火之债务处理人','火斧丘丘暴徒','爆炎树','无相之火·亚因','深渊咏者·渊火','黯色空壳·旗令','狂风之核','无相之风·贝特','裂空的魔龙','北风的王狼','黑蛇骑士·斩风之剑','翠翎恐蕈','冰深渊法师','冰盾丘丘暴徒','愚人众·冰萤术士','丘丘霜铠王','深海龙蜥·啮冰','黯色空壳·近卫']",https://uploadstatic.mihoyo.com/ys-obc/2022/10/13/183046623/0b56dcc110747efe43f3b815430ce9c8_1516683297637898935.png,教官,"{'两件套：':'元素精通提高80点。','四件套：':'触发元素反应后，队伍中所有角色的元素精通提高120点，持续8秒。'}",artifacts
1607,勇士的勋章,[],别在胸前的普通小花，是一次冒险后得到的纪念品。,3星/4星,['孤云凌霄之处'],https://uploadstatic.mihoyo.com/ys-obc/2022/10/13/183046623/a4bcf37ebfa547ca12b9eae5fb2519be_647603619910548340.png,勇士之心,"{'两件套：':'攻击力提高18%。','四件套：':'对生命值高于50%的敌人，造成的伤害增加30%。'}",artifacts
1607,勇士的期许,[],明亮的鸣禽翎羽。能带来小小的勇气。,3星/4星,['孤云凌霄之处'],https://uploadstatic.mihoyo.com/ys-obc/2022/10/13/183046623/c68e0e3a82b0766b0986819653234998_2898724242828114971.png,勇士之心,"{'两件套：':'攻击力提高18%。','四件套：':'对生命值高于50%的敌人，造成的伤害增加30%。'}",artifacts
1607,勇士的坚毅,[],老旧的微型沙漏，不具有实用性。与岁月一样不可捉摸。,3星/4星,['孤云凌霄之处'],https://uploadstatic.mihoyo.com/ys-obc/2022/10/13/183046623/63f3c1c6f5fde4e979435bbf1775da71_5392297223624816585.png,勇士之心,"{'两件套：':'攻击力提高18%。','四件套：':'对生命值高于50%的敌人，造成的伤害增加30%。'}",artifacts
1607,勇士的壮行,[],木制的粗糙容器，其中空洞洞地盛满了回忆。,3星/4星,['孤云凌霄之处'],https://uploadstatic.mihoyo.com/ys-obc/2022/10/13/183046623/aa75c8b672bfeaa6697cab5f007f393b_651462733621404975.png,勇士之心,"{'两件套：':'攻击力提高18%。','四件套：':'对生命值高于50%的敌人，造成的伤害增加30%。'}",artifacts
1607,勇士的冠冕,[],粗略编成的草环。对一些人而言，就像王者的金冠一样贵重吧。,3星/4星,['孤云凌霄之处'],https://uploadstatic.mihoyo.com/ys-obc/2022/10/13/183046623/af8e2bd5cd0f5d691464cde9fa114faf_8148780299205704929.png,勇士之心,"{'两件套：':'攻击力提高18%。','四件套：':'对生命值高于50%的敌人，造成的伤害增加30%。'}",artifacts
1636,远方的少女之心,"['珊瑚宫心海', '芭芭拉', '迪奥娜', '班尼特', '七七', '琴']",永远娇嫩的鲜花，历经长久时光仍不枯萎地散发着芬芳。,4星/5星,['铭记之谷'],https://uploadstatic.mihoyo.com/ys-obc/2022/10/12/4521515/7e24e8ec10ff452a29a6569d22f76841_5296024048494055498.png,被怜爱的少女,"{'两件套：':'角色造成的治疗效果提升15%。','四件套：':'施放元素战技或元素爆发后的10秒内，队伍中所有角色受治疗效果加成提高20%。'}",artifacts
1636,少女飘摇的思念,"['珊瑚宫心海', '芭芭拉', '迪奥娜', '班尼特', '七七', '琴']",寄托谁人的思念的羽饰，就如与风一同去往远方的候鸟。,4星/5星,['铭记之谷'],https://uploadstatic.mihoyo.com/ys-obc/2022/10/12/4521515/3f6cb5e03c40e67d9bf0a7e093aaf38d_2003859920866870670.png,被怜爱的少女,"{'两件套：':'角色造成的治疗效果提升15%。','四件套：':'施放元素战技或元素爆发后的10秒内，队伍中所有角色受治疗效果加成提高20%。'}",artifacts
1636,少女苦短的良辰,"['珊瑚宫心海', '芭芭拉', '迪奥娜', '班尼特', '七七', '琴']",指针的旋转不会有尽头，但少女受人宠爱的岁月则相反。,4星/5星,['铭记之谷'],https://uploadstatic.mihoyo.com/ys-obc/2022/10/12/4521515/2eb0449e67352df447808fd10bd3d5c0_7392633114177832743.png,被怜爱的少女,"{'两件套：':'角色造成的治疗效果提升15%。','四件套：':'施放元素战技或元素爆发后的10秒内，队伍中所有角色受治疗效果加成提高20%。'}",artifacts
1636,少女片刻的闲暇,"['珊瑚宫心海', '芭芭拉', '迪奥娜', '班尼特', '七七', '琴']",属于红茶而不属于烈酒，属于芳甜而不属于苦涩的杯皿。,4星/5星,['铭记之谷'],https://uploadstatic.mihoyo.com/ys-obc/2022/10/12/4521515/55223a80bfdb88b31e116a6763e9627c_2802059385247780934.png,被怜爱的少女,"{'两件套：':'角色造成的治疗效果提升15%。','四件套：':'施放元素战技或元素爆发后的10秒内，队伍中所有角色受治疗效果加成提高20%。'}",artifacts
1636,少女易逝的芳颜,"['珊瑚宫心海', '芭芭拉', '迪奥娜', '班尼特', '七七', '琴']",精心保养的女士帽，即使是眼角的皱纹也可以完美遮盖。,4星/5星,['铭记之谷'],https://uploadstatic.mihoyo.com/ys-obc/2022/10/12/4521515/47690015a263175082befd6af304eae7_1833938384425653144.png,被怜爱的少女,"{'两件套：':'角色造成的治疗效果提升15%。','四件套：':'施放元素战技或元素爆发后的10秒内，队伍中所有角色受治疗效果加成提高20%。'}",artifacts
1637,染血的铁之心,['辛焱'],被血染黑，变得如钢铁一般坚硬的干花。对故主而言，是某种纪念品吧。,4星/5星,['华池岩岫'],https://uploadstatic.mihoyo.com/ys-obc/2022/10/12/4521515/3b3bc810a70785d9da63bcd0c4c41c84_8786349948661568988.png,染血的骑士道,"{'两件套：':'造成的物理伤害提高25%。','四件套：':'击败敌人后的10秒内，施放重击时不消耗体力，且重击造成的伤害提升50%。'}",artifacts
1637,染血的黑之羽,['辛焱'],黏在骑士斗篷上的鸦羽。因为反复沾染大量的黑血已经被彻底染成墨色。,4星/5星,['华池岩岫'],https://uploadstatic.mihoyo.com/ys-obc/2022/10/12/4521515/1129e7cb035688854339eed6e46f1522_3040131125660885847.png,染血的骑士道,"{'两件套：':'造成的物理伤害提高25%。','四件套：':'击败敌人后的10秒内，施放重击时不消耗体力，且重击造成的伤害提升50%。'}",artifacts
1637,骑士染血之时,['辛焱'],骑士曾经使用过的时计。其中的液体已经完全凝结了，失去了时计的功能。,4星/5星,['华池岩岫'],https://uploadstatic.mihoyo.com/ys-obc/2022/10/12/4521515/46acd4fd839939333feaba000e30236e_8892125306941821105.png,染血的骑士道,"{'两件套：':'造成的物理伤害提高25%。','四件套：':'击败敌人后的10秒内，施放重击时不消耗体力，且重击造成的伤害提升50%。'}",artifacts
1637,染血的骑士之杯,['辛焱'],染血骑士持有的暗淡金属杯皿。外壁因为烟熏与凝结的血变得漆黑如夜。,4星/5星,['华池岩岫'],https://uploadstatic.mihoyo.com/ys-obc/2022/10/12/4521515/b3e0c8cbb1111b8a5fe1e06d6dab58a4_2261946430782356931.png,染血的骑士道,"{'两件套：':'造成的物理伤害提高25%。','四件套：':'击败敌人后的10秒内，施放重击时不消耗体力，且重击造成的伤害提升50%。'}",artifacts
1637,染血的铁假面,['辛焱'],骑士用来遮掩自己面目的铁面具，关于面具下的容貌几何曾有无数猜想。,4星/5星,['华池岩岫'],https://uploadstatic.mihoyo.com/ys-obc/2022/10/12/4521515/ac64c5a70d944664c7bb27089c6049ec_474886473226759410.png,染血的骑士道,"{'两件套：':'造成的物理伤害提高25%。','四件套：':'击败敌人后的10秒内，施放重击时不消耗体力，且重击造成的伤害提升50%。'}",artifacts
1638,乐团的晨光,"['甘雨', '可莉', '安柏', '烟绯']",小小的花形徽章。侧耳倾听的话，仿佛能听到悠扬的笛声和清新的歌唱声。,4星/5星,"['无相之岩·基末尔','古岩龙蜥','黄金王兽','魔偶剑鬼','恒常机关阵列','「女士」','深海龙蜥之群','祸津御建鸣神命','遗迹巨蛇','半永恒统辖矩阵','兆载永劫龙兽','「公子」','纯水精灵·洛蒂娅','无相之水·希伊','无相之雷·阿莱夫','雷音权现','掣电树','若陀龙王','爆炎树','无相之火·亚因','无相之风·贝特','裂空的魔龙','北风的王狼','翠翎恐蕈','急冻树','无相之冰·塔勒特']",https://uploadstatic.mihoyo.com/ys-obc/2022/10/11/4521515/2846e3cca9387f0664bb4c9d9d8ad74e_7550662469203877197.png,流浪大地的乐团,"{'两件套：':'元素精通提高80点。','四件套：':'装备该圣遗物套装的角色为法器、弓箭角色时，角色重击造成的伤害提高35%。'}",artifacts
1638,琴师的箭羽,"['甘雨', '可莉', '安柏', '烟绯']",青蓝色的箭羽，并未在漫长岁月中褪色破碎，似乎带来了落珠流水的琴声。,4星/5星,"['无相之岩·基末尔','古岩龙蜥','黄金王兽','魔偶剑鬼','恒常机关阵列','「女士」','深海龙蜥之群','祸津御建鸣神命','遗迹巨蛇','半永恒统辖矩阵','兆载永劫龙兽','「公子」','纯水精灵·洛蒂娅','无相之水·希伊','无相之雷·阿莱夫','雷音权现','掣电树','若陀龙王','爆炎树','无相之火·亚因','无相之风·贝特','裂空的魔龙','北风的王狼','翠翎恐蕈','急冻树','无相之冰·塔勒特']",https://uploadstatic.mihoyo.com/ys-obc/2022/10/11/4521515/1b80ea54a0c5ca5a0812cf21fbda09f8_4004180341505274127.png,流浪大地的乐团,"{'两件套：':'元素精通提高80点。','四件套：':'装备该圣遗物套装的角色为法器、弓箭角色时，角色重击造成的伤害提高35%。'}",artifacts
1638,终幕的时计,"['甘雨', '可莉', '安柏', '烟绯']",为乐团的演奏计时的沙漏，曾发出利落的声响，如今他们的表演已经落幕。,4星/5星,"['无相之岩·基末尔','古岩龙蜥','黄金王兽','魔偶剑鬼','恒常机关阵列','「女士」','深海龙蜥之群','祸津御建鸣神命','遗迹巨蛇','半永恒统辖矩阵','兆载永劫龙兽','「公子」','纯水精灵·洛蒂娅','无相之水·希伊','无相之雷·阿莱夫','雷音权现','掣电树','若陀龙王','爆炎树','无相之火·亚因','无相之风·贝特','裂空的魔龙','北风的王狼','翠翎恐蕈','急冻树','无相之冰·塔勒特']",https://uploadstatic.mihoyo.com/ys-obc/2022/10/11/4521515/c25b25eb2e979d80a3c2235f97f8c547_2472638080064270072.png,流浪大地的乐团,"{'两件套：':'元素精通提高80点。','四件套：':'装备该圣遗物套装的角色为法器、弓箭角色时，角色重击造成的伤害提高35%。'}",artifacts
1638,吟游者之壶,"['甘雨', '可莉', '安柏', '烟绯']",外形奇妙的古代水壶，内侧安装着琴弦，随流水而奏出无旋律的奇妙乐声。,4星/5星,"['无相之岩·基末尔','古岩龙蜥','黄金王兽','魔偶剑鬼','恒常机关阵列','「女士」','深海龙蜥之群','祸津御建鸣神命','遗迹巨蛇','半永恒统辖矩阵','兆载永劫龙兽','「公子」','纯水精灵·洛蒂娅','无相之水·希伊','无相之雷·阿莱夫','雷音权现','掣电树','若陀龙王','爆炎树','无相之火·亚因','无相之风·贝特','裂空的魔龙','北风的王狼','翠翎恐蕈','急冻树','无相之冰·塔勒特']",https://uploadstatic.mihoyo.com/ys-obc/2022/10/11/4521515/6a49b5e9fdf8b9c7ad7e3049f476b92a_6894427272748945791.png,流浪大地的乐团,"{'两件套：':'元素精通提高80点。','四件套：':'装备该圣遗物套装的角色为法器、弓箭角色时，角色重击造成的伤害提高35%。'}",artifacts
1638,指挥的礼帽,"['甘雨', '可莉', '安柏', '烟绯']",尽管饱经风霜，但依旧光彩照人的礼帽。其中似乎回荡着古老悠扬的乐声。,4星/5星,"['无相之岩·基末尔','古岩龙蜥','黄金王兽','魔偶剑鬼','恒常机关阵列','「女士」','深海龙蜥之群','祸津御建鸣神命','遗迹巨蛇','半永恒统辖矩阵','兆载永劫龙兽','「公子」','纯水精灵·洛蒂娅','无相之水·希伊','无相之雷·阿莱夫','雷音权现','掣电树','若陀龙王','爆炎树','无相之火·亚因','无相之风·贝特','裂空的魔龙','北风的王狼','翠翎恐蕈','急冻树','无相之冰·塔勒特']",https://uploadstatic.mihoyo.com/ys-obc/2022/10/11/4521515/2b655b680c1f9e32abb93f0ebba82316_6639924106814904139.png,流浪大地的乐团,"{'两件套：':'元素精通提高80点。','四件套：':'装备该圣遗物套装的角色为法器、弓箭角色时，角色重击造成的伤害提高35%。'}",artifacts
1639,平雷之心,"['刻晴', '北斗', '菲谢尔']",仅于雷霆之怒中傲然盛放的花朵，至今仍能赐予行走在雷雨中的游人勇气。,4星/5星,['仲夏庭园'],https://uploadstatic.mihoyo.com/ys-obc/2022/10/11/4521515/8de850cbb0a5a6e4aeedd9992a66d253_9190141225214590583.png,平息鸣雷的尊者,"{'两件套：':'雷元素抗性提高40%。','四件套：':'对处于雷元素影响下的敌人造成的伤害提升35%。'}",artifacts
1639,平雷之羽,"['刻晴', '北斗', '菲谢尔']",在传说中，挺身平息了雷电的勇武英雄的徽章，是翱翔于狂雷的猛禽之羽。,4星/5星,['仲夏庭园'],https://uploadstatic.mihoyo.com/ys-obc/2022/10/11/4521515/2855693cca5ba2efc4a53688f1335a7a_7125584756252734205.png,平息鸣雷的尊者,"{'两件套：':'雷元素抗性提高40%。','四件套：':'对处于雷元素影响下的敌人造成的伤害提升35%。'}",artifacts
1639,平雷之刻,"['刻晴', '北斗', '菲谢尔']",镇服雷电的勇士持有的时计，其中的雷之碎晶随流逝如雷如电的时间泻落,4星/5星,['仲夏庭园'],https://uploadstatic.mihoyo.com/ys-obc/2022/10/11/4521515/764aa89d2a31b754458b3cf5d5cfc619_5933994307196333421.png,平息鸣雷的尊者,"{'两件套：':'雷元素抗性提高40%。','四件套：':'对处于雷元素影响下的敌人造成的伤害提升35%。'}",artifacts
1639,平雷之器,"['刻晴', '北斗', '菲谢尔']",平雷勇士的酒盏。据说平息了雷之魔兽的英雄曾用这尊酒盏满盛紫电为饮。,4星/5星,['仲夏庭园'],https://uploadstatic.mihoyo.com/ys-obc/2022/10/11/4521515/dfe36dd885307680722988874eee3bb0_7421663436015345508.png,平息鸣雷的尊者,"{'两件套：':'雷元素抗性提高40%。','四件套：':'对处于雷元素影响下的敌人造成的伤害提升35%。'}",artifacts
1639,平雷之冠,"['刻晴', '北斗', '菲谢尔']",平雷勇士的冠冕，是古老的英雄击败了危害大地的雷之魔兽而获得的华冠。,4星/5星,['仲夏庭园'],https://uploadstatic.mihoyo.com/ys-obc/2022/10/11/4521515/b262b16ae0b5b10e8e7a4e0f00191319_5733132518784768228.png,平息鸣雷的尊者,"{'两件套：':'雷元素抗性提高40%。','四件套：':'对处于雷元素影响下的敌人造成的伤害提升35%。'}",artifacts
1628,饰金胸花,"['达达利亚', '珊瑚宫心海', '行秋', '莫娜', '神里绫人']",色泽暗淡的斗篷别针。原本镀上的金色已经被海风磨去。,4星/5星,['芬德尼尔之顶'],https://uploadstatic.mihoyo.com/ys-obc/2022/10/12/4521515/85f256bc11174ced884fe879f7b89837_6611180358554055894.jpg,沉沦之心,"{'两件套：':'获得15%水元素伤害加成。','四件套：':'施放元素战技后的15秒内，普通攻击与重击造成的伤害提高30%。'}",artifacts
1628,追忆之风,"['达达利亚', '珊瑚宫心海', '行秋', '莫娜', '神里绫人']",随呜咽的海风、腥红的海浪而来的飞羽，年岁改变了它的形状与颜色。,4星/5星,['芬德尼尔之顶'],https://uploadstatic.mihoyo.com/ys-obc/2022/10/12/4521515/5f304c3f8b51016fc6f73b6ac5e6d06b_6589480302720139026.jpg,沉沦之心,"{'两件套：':'获得15%水元素伤害加成。','四件套：':'施放元素战技后的15秒内，普通攻击与重击造成的伤害提高30%。'}",artifacts
1628,坚铜罗盘,"['达达利亚', '珊瑚宫心海', '行秋', '莫娜', '神里绫人']",古旧的铜制罗盘，指针始终朝向遥不可及的彼岸，不存在的港湾。,4星/5星,['芬德尼尔之顶'],https://uploadstatic.mihoyo.com/ys-obc/2022/10/12/4521515/99991123e53cebbd26aa0143e65e5a96_4813930819469438092.jpg,沉沦之心,"{'两件套：':'获得15%水元素伤害加成。','四件套：':'施放元素战技后的15秒内，普通攻击与重击造成的伤害提高30%。'}",artifacts
1628,沉波之盏,"['达达利亚', '珊瑚宫心海', '行秋', '莫娜', '神里绫人']",无心打捞上来的褪色酒盏，暗淡的外观呢喃着海波之底的往日。,4星/5星,['芬德尼尔之顶'],https://uploadstatic.mihoyo.com/ys-obc/2022/10/12/4521515/5eb678a415b2f650c7ec60bb459f01d9_8004056694421264864.jpg,沉沦之心,"{'两件套：':'获得15%水元素伤害加成。','四件套：':'施放元素战技后的15秒内，普通攻击与重击造成的伤害提高30%。'}",artifacts
1628,酒渍船帽,"['达达利亚', '珊瑚宫心海', '行秋', '莫娜', '神里绫人']",古旧的船帽，缭绕着不散的酒气、浸渍了斑驳的酒痕。,4星/5星,['芬德尼尔之顶'],https://uploadstatic.mihoyo.com/ys-obc/2022/10/12/4521515/8042064033d47ef42c7ea86d25b6908e_1779517928578820611.jpg,沉沦之心,"{'两件套：':'获得15%水元素伤害加成。','四件套：':'施放元素战技后的15秒内，普通攻击与重击造成的伤害提高30%。'}",artifacts
1629,历经风雪的思念,"['甘雨', '神里绫华', '重云', '凯亚']",早已绝迹的冰川之花，霜结着点点冰露。孤高的勇士也曾为这朵鲜花折腰。,4星/5星,['芬德尼尔之顶'],https://uploadstatic.mihoyo.com/ys-obc/2022/10/12/4521515/536e21d5580b6185a594e88664a59db9_5229477837289535199.jpg,冰风迷途的勇士,"{'两件套：':'获得15%冰元素伤害加成。','四件套：':'攻击处于冰元素影响下的敌人时，暴击率提高20%；若敌人处于冻结状态下，则暴击率额外提高20%。'}",artifacts
1629,摧冰而行的执望,"['甘雨', '神里绫华', '重云', '凯亚']",散布寒冬的鸟羽，仿佛能感受到猛禽在雪原与冰峰之上呼号翱翔的振翅之风。,4星/5星,['芬德尼尔之顶'],https://uploadstatic.mihoyo.com/ys-obc/2022/10/12/4521515/bca331d6c0f89005b7aa0ac2ddeee714_7080929150842196560.jpg,冰风迷途的勇士,"{'两件套：':'获得15%冰元素伤害加成。','四件套：':'攻击处于冰元素影响下的敌人时，暴击率提高20%；若敌人处于冻结状态下，则暴击率额外提高20%。'}",artifacts
1629,冰雪故园的终期,"['甘雨', '神里绫华', '重云', '凯亚']",等待勇士归来的故国人民所用的时计。其中流淌的并不是沙，而是不化的冰屑。,4星/5星,['芬德尼尔之顶'],https://uploadstatic.mihoyo.com/ys-obc/2022/10/12/4521515/a6f2650725b0f271230fb67c8cc8886d_5689647102515120685.jpg,冰风迷途的勇士,"{'两件套：':'获得15%冰元素伤害加成。','四件套：':'攻击处于冰元素影响下的敌人时，暴击率提高20%；若敌人处于冻结状态下，则暴击率额外提高20%。'}",artifacts
1629,遍结寒霜的傲骨,"['甘雨', '神里绫华', '重云', '凯亚']",用寒冰雕制成的杯盖，如冬天一般坚利。曾经的主人从中啜饮过不冻之酒。,4星/5星,['芬德尼尔之顶'],https://uploadstatic.mihoyo.com/ys-obc/2022/10/12/4521515/f523f9d8e9bc42f334270ea049231e25_2235897430917360050.jpg,冰风迷途的勇士,"{'两件套：':'获得15%冰元素伤害加成。','四件套：':'攻击处于冰元素影响下的敌人时，暴击率提高20%；若敌人处于冻结状态下，则暴击率额外提高20%。'}",artifacts
1629,破冰踏雪的回音,"['甘雨', '神里绫华', '重云', '凯亚']",梦想征服冰雪的古代英雄冠冕，是驱使它的故主直面刻骨寒冬的勇气之证。,4星/5星,['芬德尼尔之顶'],https://uploadstatic.mihoyo.com/ys-obc/2022/10/12/4521515/44c96981d7e5f6ceeaa287e53679440f_6957226467645756378.jpg,冰风迷途的勇士,"{'两件套：':'获得15%冰元素伤害加成。','四件套：':'攻击处于冰元素影响下的敌人时，暴击率提高20%；若敌人处于冻结状态下，则暴击率额外提高20%。'}",artifacts
1630,野花记忆的绿野,"['温迪', '魈', '琴', '砂糖', '早柚']",曾经遍布某地的野花，离开了大地，被猎人佩在胸前。,4星/5星,['铭记之谷'],https://uploadstatic.mihoyo.com/ys-obc/2022/10/12/4521515/ae68bc60a8cbe70c4eeaa1e93c83539a_768467329310108095.png,翠绿之影,"{'两件套：':'获得15%风元素伤害加成。','四件套：':'扩散反应造成的伤害提升60%。根据扩散的元素类型，降低受到影响的敌人40%的对应元素抗性，持续10秒。'}",artifacts
1630,猎人青翠的箭羽,"['温迪', '魈', '琴', '砂糖', '早柚']",曾经一瞬贯穿猎物的箭矢的尾羽，如今依旧平整光洁。,4星/5星,['铭记之谷'],https://uploadstatic.mihoyo.com/ys-obc/2022/10/12/4521515/63a9957a742f79553bc8c3fb73db55f0_463378955391885105.png,翠绿之影,"{'两件套：':'获得15%风元素伤害加成。','四件套：':'扩散反应造成的伤害提升60%。根据扩散的元素类型，降低受到影响的敌人40%的对应元素抗性，持续10秒。'}",artifacts
1630,翠绿猎人的笃定,"['温迪', '魈', '琴', '砂糖', '早柚']",猎人曾经随身携带的奇妙仪器，永远指向自己的猎物。,4星/5星,['铭记之谷'],https://uploadstatic.mihoyo.com/ys-obc/2022/10/12/4521515/f2951bce9f694fbfd032d9feefe5cf1a_5172445959179757259.png,翠绿之影,"{'两件套：':'获得15%风元素伤害加成。','四件套：':'扩散反应造成的伤害提升60%。根据扩散的元素类型，降低受到影响的敌人40%的对应元素抗性，持续10秒。'}",artifacts
1630,翠绿猎人的容器,"['温迪', '魈', '琴', '砂糖', '早柚']",绿野猎人曾用过的水壶，里面的空间远比想象的更大。,4星/5星,['铭记之谷'],https://uploadstatic.mihoyo.com/ys-obc/2022/10/12/4521515/8d8a6446c7297f298a2bc0eb09b90172_1998753755214901423.png,翠绿之影,"{'两件套：':'获得15%风元素伤害加成。','四件套：':'扩散反应造成的伤害提升60%。根据扩散的元素类型，降低受到影响的敌人40%的对应元素抗性，持续10秒。'}",artifacts
1630,翠绿的猎人之冠,"['温迪', '魈', '琴', '砂糖', '早柚']",曾属于绿野猎人的骄傲头冠，如同原野之风一般青翠。,4星/5星,['铭记之谷'],https://uploadstatic.mihoyo.com/ys-obc/2022/10/12/4521515/1dfbc40e490be80d78612f0ae122e5a8_8989235229082922683.png,翠绿之影,"{'两件套：':'获得15%风元素伤害加成。','四件套：':'扩散反应造成的伤害提升60%。根据扩散的元素类型，降低受到影响的敌人40%的对应元素抗性，持续10秒。'}",artifacts
1631,宗室之花,"['班尼特', '迪奥娜', '砂糖', '莫娜', '重云', '达达利亚', '行秋', '申鹤']",绸缎制成的璃色花，常在典雅场合佩戴。如今仍像被抛弃的那天一样鲜明。,4星/5星,['华池岩岫'],https://uploadstatic.mihoyo.com/ys-obc/2022/10/12/4521515/ea7d6b8a60998457d770b06a181c9adf_1603849019181149851.png,昔日宗室之仪,"{'两件套：':'元素爆发造成的伤害提升20％。','四件套：':'释放元素爆发后，队伍中所有角色攻击力提升20％，持续12秒，该效果不可叠加。'}",artifacts
1631,宗室之翎,"['班尼特', '迪奥娜', '砂糖', '莫娜', '重云', '达达利亚', '行秋', '申鹤']",旧日蒙德贵族会猎时在帽檐上佩戴的羽饰。如今傲然挺立依旧，不愔时光。,4星/5星,['华池岩岫'],https://uploadstatic.mihoyo.com/ys-obc/2022/10/12/4521515/19a0fbc6af8c106e6c0903cf7d013692_7348431932099758444.png,昔日宗室之仪,"{'两件套：':'元素爆发造成的伤害提升20％。','四件套：':'释放元素爆发后，队伍中所有角色攻击力提升20％，持续12秒，该效果不可叠加。'}",artifacts
1631,宗室时计,"['班尼特', '迪奥娜', '砂糖', '莫娜', '重云', '达达利亚', '行秋', '申鹤']",曾经属于旧日蒙德贵族的怀表，随漫长的谱系流传至今，见证了过往年岁。,4星/5星,['华池岩岫'],https://uploadstatic.mihoyo.com/ys-obc/2022/10/12/4521515/9b74223dacee336186c8bb3171b83019_2425921274755326232.png,昔日宗室之仪,"{'两件套：':'元素爆发造成的伤害提升20％。','四件套：':'释放元素爆发后，队伍中所有角色攻击力提升20％，持续12秒，该效果不可叠加。'}",artifacts
1631,宗室银瓮,"['班尼特', '迪奥娜', '砂糖', '莫娜', '重云', '达达利亚', '行秋', '申鹤']",曾经属于旧日蒙德贵族的首饰瓮，空空如也的腹内仿佛回响着哀戚的风声。,4星/5星,['华池岩岫'],https://uploadstatic.mihoyo.com/ys-obc/2022/10/12/4521515/2daebc7bdef24b5f771da22141330b12_2298414582800802774.png,昔日宗室之仪,"{'两件套：':'元素爆发造成的伤害提升20％。','四件套：':'释放元素爆发后，队伍中所有角色攻击力提升20％，持续12秒，该效果不可叠加。'}",artifacts
1631,宗室面具,"['班尼特', '迪奥娜', '砂糖', '莫娜', '重云', '达达利亚', '行秋', '申鹤']",曾经属于旧日蒙德贵族的舞会面具，那空洞的眼眶依旧凝望着昔日的盛景。,4星/5星,['华池岩岫'],https://uploadstatic.mihoyo.com/ys-obc/2022/10/12/4521515/bcaf052181b06a368d21b7eb2c9657b4_7253848800222627964.png,昔日宗室之仪,"{'两件套：':'元素爆发造成的伤害提升20％。','四件套：':'释放元素爆发后，队伍中所有角色攻击力提升20％，持续12秒，该效果不可叠加。'}",artifacts
1632,雷鸟的怜悯,"['刻晴', '北斗', '菲谢尔', '丽莎']",在劫难之日侥幸免受纷乱的践踏与紫之火的忿恨之摧，于惨象中幸存的雷色之花。,4星/5星,['仲夏庭园'],https://uploadstatic.mihoyo.com/ys-obc/2022/10/12/4521515/29f9e39b033a3c9948ad936c86015230_210888035676545453.png,如雷的盛怒,"{'两件套：':'获得15%雷元素伤害加成。','四件套：':'超载、感电、超导、超绽放反应造成的伤害提升40%，超激化反应带来的伤害提升提高20%。触发上述元素反应或原激化反应时，元素战技冷却时间减少1秒。该效果每0.8秒最多触发一次。'}",artifacts
1632,雷灾的孑遗,"['刻晴', '北斗', '菲谢尔', '丽莎']",带电的雷之羽，是雷之魔鸟降下残酷的报应。遗落的羽毛仍闪烁着它盛怒的雷光。,4星/5星,['仲夏庭园'],https://uploadstatic.mihoyo.com/ys-obc/2022/10/12/4521515/97eb5c4d28e166425d69b1ac9fe985a4_2212352873864004181.png,如雷的盛怒,"{'两件套：':'获得15%雷元素伤害加成。','四件套：':'超载、感电、超导、超绽放反应造成的伤害提升40%，超激化反应带来的伤害提升提高20%。触发上述元素反应或原激化反应时，元素战技冷却时间减少1秒。该效果每0.8秒最多触发一次。'}",artifacts
1632,雷霆的时计,"['刻晴', '北斗', '菲谢尔', '丽莎']",信奉雷鸟的部族预告天空的雷之主降临的沙漏。因一族的末路陷入了永远的静止。,4星/5星,['仲夏庭园'],https://uploadstatic.mihoyo.com/ys-obc/2022/10/12/4521515/c1448e910b8a0dd66d2196160da513eb_371096163202648917.png,如雷的盛怒,"{'两件套：':'获得15%雷元素伤害加成。','四件套：':'超载、感电、超导、超绽放反应造成的伤害提升40%，超激化反应带来的伤害提升提高20%。触发上述元素反应或原激化反应时，元素战技冷却时间减少1秒。该效果每0.8秒最多触发一次。'}",artifacts
1632,降雷的凶兆,"['刻晴', '北斗', '菲谢尔', '丽莎']",注入无辜者鲜血的祝圣的仪式之杯，祈愿雷鸣回荡其中。最终溢满了如雷的盛怒。,4星/5星,['仲夏庭园'],https://uploadstatic.mihoyo.com/ys-obc/2022/10/12/4521515/1364b1a5bdc2195b00ac98aa15362913_5629930415856880216.png,如雷的盛怒,"{'两件套：':'获得15%雷元素伤害加成。','四件套：':'超载、感电、超导、超绽放反应造成的伤害提升40%，超激化反应带来的伤害提升提高20%。触发上述元素反应或原激化反应时，元素战技冷却时间减少1秒。该效果每0.8秒最多触发一次。'}",artifacts
1632,唤雷的头冠,"['刻晴', '北斗', '菲谢尔', '丽莎']",古代崇拜雷之魔鸟的萨满曾戴过的头冠，虔诚的信仰却无法打动喜怒无常的魔兽。,4星/5星,['仲夏庭园'],https://uploadstatic.mihoyo.com/ys-obc/2022/10/12/4521515/fffe201348c87def71b877a954c59ccc_70101366073339394.png,如雷的盛怒,"{'两件套：':'获得15%雷元素伤害加成。','四件套：':'超载、感电、超导、超绽放反应造成的伤害提升40%，超激化反应带来的伤害提升提高20%。触发上述元素反应或原激化反应时，元素战技冷却时间减少1秒。该效果每0.8秒最多触发一次。'}",artifacts
1633,角斗士的留恋,['神里绫人'],无人知晓传奇的斗士为何始终将这朵小花戴在胸口，这是残酷的战士身上唯一的弱点。,4星/5星,"['无相之岩·基末尔','古岩龙蜥','黄金王兽','魔偶剑鬼','恒常机关阵列','「女士」','深海龙蜥之群','祸津御建鸣神命','遗迹巨蛇','半永恒统辖矩阵','兆载永劫龙兽','「公子」','纯水精灵·洛蒂娅','无相之水·希伊','无相之雷·阿莱夫','雷音权现','掣电树','若陀龙王','爆炎树','无相之火·亚因','无相之风·贝特','裂空的魔龙','北风的王狼','翠翎恐蕈','急冻树','无相之冰·塔勒特']",https://uploadstatic.mihoyo.com/ys-obc/2022/10/11/4521515/f9da339394273df4d0788154b347960e_5295228769723113117.png,角斗士的终幕礼,"{'两件套：':'攻击力提高18%。','四件套：':'装备该圣遗物套装的角色为单手剑、双手剑、长柄武器角色时，角色普通攻击造成的伤害提高35%。'}",artifacts
1633,角斗士的归宿,['神里绫人'],如隼般自在的梦想之羽。在传奇生涯的终点，无羁的飞鸟在他的心口覆上了这根羽毛。,4星/5星,"['无相之岩·基末尔','古岩龙蜥','黄金王兽','魔偶剑鬼','恒常机关阵列','「女士」','深海龙蜥之群','祸津御建鸣神命','遗迹巨蛇','半永恒统辖矩阵','兆载永劫龙兽','「公子」','纯水精灵·洛蒂娅','无相之水·希伊','无相之雷·阿莱夫','雷音权现','掣电树','若陀龙王','爆炎树','无相之火·亚因','无相之风·贝特','裂空的魔龙','北风的王狼','翠翎恐蕈','急冻树','无相之冰·塔勒特']",https://uploadstatic.mihoyo.com/ys-obc/2022/10/11/4521515/e24def6e3c686984c1480248ce591bf8_8321428874834913770.png,角斗士的终幕礼,"{'两件套：':'攻击力提高18%。','四件套：':'装备该圣遗物套装的角色为单手剑、双手剑、长柄武器角色时，角色普通攻击造成的伤害提高35%。'}",artifacts
1633,角斗士的希冀,['神里绫人'],记录了角斗士血染剧场的年月的时计。之于其人，则象征着去往终获自由之日的道路。,4星/5星,"['无相之岩·基末尔','古岩龙蜥','黄金王兽','魔偶剑鬼','恒常机关阵列','「女士」','深海龙蜥之群','祸津御建鸣神命','遗迹巨蛇','半永恒统辖矩阵','兆载永劫龙兽','「公子」','纯水精灵·洛蒂娅','无相之水·希伊','无相之雷·阿莱夫','雷音权现','掣电树','若陀龙王','爆炎树','无相之火·亚因','无相之风·贝特','裂空的魔龙','北风的王狼','翠翎恐蕈','急冻树','无相之冰·塔勒特']",https://uploadstatic.mihoyo.com/ys-obc/2022/10/11/4521515/4b2087bd332ab2fb3b07cafb8067cab5_6621775158847676014.png,角斗士的终幕礼,"{'两件套：':'攻击力提高18%。','四件套：':'装备该圣遗物套装的角色为单手剑、双手剑、长柄武器角色时，角色普通攻击造成的伤害提高35%。'}",artifacts
1633,角斗士的酣醉,['神里绫人'],古代的角斗士痛饮胜利之酒的金杯。直到他倒下的那一刻，酒杯被他自己的岁月灌满。,4星/5星,"['无相之岩·基末尔','古岩龙蜥','黄金王兽','魔偶剑鬼','恒常机关阵列','「女士」','深海龙蜥之群','祸津御建鸣神命','遗迹巨蛇','半永恒统辖矩阵','兆载永劫龙兽','「公子」','纯水精灵·洛蒂娅','无相之水·希伊','无相之雷·阿莱夫','雷音权现','掣电树','若陀龙王','爆炎树','无相之火·亚因','无相之风·贝特','裂空的魔龙','北风的王狼','翠翎恐蕈','急冻树','无相之冰·塔勒特']",https://uploadstatic.mihoyo.com/ys-obc/2022/10/11/4521515/50284e281a64f49a0c0081377c4cbd0a_8456615380765486955.png,角斗士的终幕礼,"{'两件套：':'攻击力提高18%。','四件套：':'装备该圣遗物套装的角色为单手剑、双手剑、长柄武器角色时，角色普通攻击造成的伤害提高35%。'}",artifacts
1633,角斗士的凯旋,['神里绫人'],古代传奇角斗士的头盔，曾沾染了无数敌手的鲜血，也曾骄傲地接受无数观众的欢呼。,4星/5星,"['无相之岩·基末尔','古岩龙蜥','黄金王兽','魔偶剑鬼','恒常机关阵列','「女士」','深海龙蜥之群','祸津御建鸣神命','遗迹巨蛇','半永恒统辖矩阵','兆载永劫龙兽','「公子」','纯水精灵·洛蒂娅','无相之水·希伊','无相之雷·阿莱夫','雷音权现','掣电树','若陀龙王','爆炎树','无相之火·亚因','无相之风·贝特','裂空的魔龙','北风的王狼','翠翎恐蕈','急冻树','无相之冰·塔勒特']",https://uploadstatic.mihoyo.com/ys-obc/2022/10/11/4521515/63d71201e31c09d45f6c5cdb28999d57_1549507213553160237.png,角斗士的终幕礼,"{'两件套：':'攻击力提高18%。','四件套：':'装备该圣遗物套装的角色为单手剑、双手剑、长柄武器角色时，角色普通攻击造成的伤害提高35%。'}",artifacts
2321,羁缠之花,"['宵宫', '胡桃', '菲谢尔']",精美的水引御守，据说能够封存实现愿望的力量。,4星/5星,['椛染之庭'],https://uploadstatic.mihoyo.com/ys-obc/2022/10/11/4521515/75478596230f46e7324b17e58ec41b16_1279751975583339653.png,追忆之注连,"{'两件套：':'攻击力提高18%。','四件套：':'释放元素战技时，如果角色的元素能量高于或等于15点，则会流失15点元素能量，使接下来的10秒内，普通攻击、重击、下落攻击造成的伤害提高50%，持续期间内效果不会再次触发。'}",artifacts
2321,思忆之矢,"['宵宫', '胡桃', '菲谢尔']",样式有点古旧的破魔矢，似乎一直被某人精心保存着。,4星/5星,['椛染之庭'],https://uploadstatic.mihoyo.com/ys-obc/2022/10/11/4521515/94c9758d654e2a59022d48312d0512e2_8733140851900927185.png,追忆之注连,"{'两件套：':'攻击力提高18%。','四件套：':'释放元素战技时，如果角色的元素能量高于或等于15点，则会流失15点元素能量，使接下来的10秒内，普通攻击、重击、下落攻击造成的伤害提高50%，持续期间内效果不会再次触发。'}",artifacts
2321,朝露之时,"['宵宫', '胡桃', '菲谢尔']",以水引和铃铛装饰的青铜怀表，时间永远停在了某个秋日的黎明。,4星/5星,['椛染之庭'],https://uploadstatic.mihoyo.com/ys-obc/2022/10/11/4521515/46dda20a4799ac54b9c8e4276aa3847c_6555141657332569749.png,追忆之注连,"{'两件套：':'攻击力提高18%。','四件套：':'释放元素战技时，如果角色的元素能量高于或等于15点，则会流失15点元素能量，使接下来的10秒内，普通攻击、重击、下落攻击造成的伤害提高50%，持续期间内效果不会再次触发。'}",artifacts
2321,祈望之心,"['宵宫', '胡桃', '菲谢尔']",特制的占卜签筒，底部的机关能让人轻易抽掉不想要的愿签。,4星/5星,['椛染之庭'],https://uploadstatic.mihoyo.com/ys-obc/2022/10/11/4521515/1bd68d9fe946523a7f24ee004f70b7e3_840544083690808028.png,追忆之注连,"{'两件套：':'攻击力提高18%。','四件套：':'释放元素战技时，如果角色的元素能量高于或等于15点，则会流失15点元素能量，使接下来的10秒内，普通攻击、重击、下落攻击造成的伤害提高50%，持续期间内效果不会再次触发。'}",artifacts
2321,无常之面,"['宵宫', '胡桃', '菲谢尔']",保存良好的祭礼狐面，永远带着一副神秘的浅笑。,4星/5星,['椛染之庭'],https://uploadstatic.mihoyo.com/ys-obc/2022/10/11/4521515/82b08173230b14827cfe4ba7e2eb1553_89404797826464850.png,追忆之注连,"{'两件套：':'攻击力提高18%。','四件套：':'释放元素战技时，如果角色的元素能量高于或等于15点，则会流失15点元素能量，使接下来的10秒内，普通攻击、重击、下落攻击造成的伤害提高50%，持续期间内效果不会再次触发。'}",artifacts
2322,明威之镡,"['雷电将军', '莫娜', '行秋', '香菱', '重云', '凯亚', '温迪', '神里绫华', '达达利亚']",传说中背叛了将军的鬼人，曾经获赐的刀上的华美宝镡。,4星/5星,['椛染之庭'],https://uploadstatic.mihoyo.com/ys-obc/2022/10/11/4521515/913524213438cd51f0db346a91d48fde_4366040228112034653.png,绝缘之旗印,"{'两件套：':'元素充能效率提高20%。','四件套：':'基于元素充能效率的25%，提高元素爆发造成的伤害。至多通过这种方式获得75%提升。'}",artifacts
2322,切落之羽,"['雷电将军', '莫娜', '行秋', '香菱', '重云', '凯亚', '温迪', '神里绫华', '达达利亚']",原本属于某名天狗的黑羽，是过去的剑豪珍惜的纪念品。,4星/5星,['椛染之庭'],https://uploadstatic.mihoyo.com/ys-obc/2022/10/11/4521515/6fa2e2f21b36a10f6be12beba2f0399d_753770723527325722.png,绝缘之旗印,"{'两件套：':'元素充能效率提高20%。','四件套：':'基于元素充能效率的25%，提高元素爆发造成的伤害。至多通过这种方式获得75%提升。'}",artifacts
2322,雷云之笼,"['雷电将军', '莫娜', '行秋', '香菱', '重云', '凯亚', '温迪', '神里绫华', '达达利亚']",黑地堇漆的考究印笼，其上装饰着发亮的螺钿与精致的金具。,4星/5星,['椛染之庭'],https://uploadstatic.mihoyo.com/ys-obc/2022/10/11/4521515/27fb1caaee8485020b64cf9307a57094_2319702738769373797.png,绝缘之旗印,"{'两件套：':'元素充能效率提高20%。','四件套：':'基于元素充能效率的25%，提高元素爆发造成的伤害。至多通过这种方式获得75%提升。'}",artifacts
2322,绯花之壶,"['雷电将军', '莫娜', '行秋', '香菱', '重云', '凯亚', '温迪', '神里绫华', '达达利亚']",精致的酒壶，曾经是名震天下的武人载酒的容器。,4星/5星,['椛染之庭'],https://uploadstatic.mihoyo.com/ys-obc/2022/10/11/4521515/5ea51cff4496e4de975d09810a7a7fcb_4094985086344822157.png,绝缘之旗印,"{'两件套：':'元素充能效率提高20%。','四件套：':'基于元素充能效率的25%，提高元素爆发造成的伤害。至多通过这种方式获得75%提升。'}",artifacts
2322,华饰之兜,"['雷电将军', '莫娜', '行秋', '香菱', '重云', '凯亚', '温迪', '神里绫华', '达达利亚']",坚实牢固的兜盔，是身份尊贵的武人的护身之物。,4星/5星,['椛染之庭'],https://uploadstatic.mihoyo.com/ys-obc/2022/10/11/4521515/e3fedec8656a23d9d6dc95377ce1f3e3_4663489705747776522.png,绝缘之旗印,"{'两件套：':'元素充能效率提高20%。','四件套：':'基于元素充能效率的25%，提高元素爆发造成的伤害。至多通过这种方式获得75%提升。'}",artifacts
1983,无垢之花,"['雷泽', '优菈']","湛蓝而坚硬,永不凋败、永不褪色的人造花朵。",4星/5星,['山脊守望'],https://uploadstatic.mihoyo.com/ys-obc/2022/10/11/4521515/b61e4cddc92193549f7879865c7a7af7_8980053214784038529.png,苍白之火,"{'两件套：':'造成的物理伤害提高25%。','四件套：':'元素战技命中敌人后，攻击力提升9%。该效果持续7秒，至多叠加2层，每0.3秒至多触发一次。叠满2层时，2件套的效果提升100%。'}",artifacts
1983,贤医之羽,"['雷泽', '优菈']",边缘无比锐利的不祥翎羽，或许象征着异类的不羁。,4星/5星,['山脊守望'],https://uploadstatic.mihoyo.com/ys-obc/2022/10/11/4521515/55423fb7e1c77f3bb5e163b10fd40a88_1018982385949755215.png,苍白之火,"{'两件套：':'造成的物理伤害提高25%。','四件套：':'元素战技命中敌人后，攻击力提升9%。该效果持续7秒，至多叠加2层，每0.3秒至多触发一次。叠满2层时，2件套的效果提升100%。'}",artifacts
1983,停摆之刻,"['雷泽', '优菈']",壳罩无法打开的怀表，会坚定地随着时光流逝而嘀嗒作响。,4星/5星,['山脊守望'],https://uploadstatic.mihoyo.com/ys-obc/2022/10/11/4521515/d4b1ecf1c9b1ca3039f5ade7ce313a43_5261308353572840279.png,苍白之火,"{'两件套：':'造成的物理伤害提高25%。','四件套：':'元素战技命中敌人后，攻击力提升9%。该效果持续7秒，至多叠加2层，每0.3秒至多触发一次。叠满2层时，2件套的效果提升100%。'}",artifacts
1983,超越之盏,"['雷泽', '优菈']",从外观无从断定经历了多少岁月的精致杯盏。,4星/5星,['山脊守望'],https://uploadstatic.mihoyo.com/ys-obc/2022/10/11/4521515/8276f0d3d4373f6b6559a5aa8afe770c_3655447778463584216.png,苍白之火,"{'两件套：':'造成的物理伤害提高25%。','四件套：':'元素战技命中敌人后，攻击力提升9%。该效果持续7秒，至多叠加2层，每0.3秒至多触发一次。叠满2层时，2件套的效果提升100%。'}",artifacts
1983,嗤笑之面,"['雷泽', '优菈']",能将面目遮蔽，让人无从判断表情的面具。,4星/5星,['山脊守望'],https://uploadstatic.mihoyo.com/ys-obc/2022/10/11/4521515/da6d32ff978bfbabf3b51dad499d2e34_3243769427652377714.png,苍白之火,"{'两件套：':'造成的物理伤害提高25%。','四件套：':'元素战技命中敌人后，攻击力提升9%。该效果持续7秒，至多叠加2层，每0.3秒至多触发一次。叠满2层时，2件套的效果提升100%。'}",artifacts
1984,勋绩之花,"['钟离', '阿贝多', '珊瑚宫心海', '莫娜', '菲谢尔']",以金箔制成的精致花朵，象征了其主人所获得的功勋与荣誉。,4星/5星,['山脊守望'],https://uploadstatic.mihoyo.com/ys-obc/2022/10/11/4521515/5bc28d41144bc84dad1c5bc5d05b7767_2552804209099096369.png,千岩牢固,"{'两件套：':'生命值提升20%','四件套：':'元素战技命中敌人后，使队伍中附近的所有角色攻击力提升20%，护盾强效提升30%，持续3秒。该效果每0.5秒至多触发一次。装备此圣遗物套装的角色处于队伍后台时，依然能触发该效果。'}",artifacts
1984,昭武翎羽,"['钟离', '阿贝多', '珊瑚宫心海', '莫娜', '菲谢尔']",在仪仗场合佩戴的鹰翎，用以向外人显明璃月港的威严与决心。,4星/5星,['山脊守望'],https://uploadstatic.mihoyo.com/ys-obc/2022/10/11/4521515/895416bf7c41e143bd5d1f12d069d570_533463270898382576.png,千岩牢固,"{'两件套：':'生命值提升20%','四件套：':'元素战技命中敌人后，使队伍中附近的所有角色攻击力提升20%，护盾强效提升30%，持续3秒。该效果每0.5秒至多触发一次。装备此圣遗物套装的角色处于队伍后台时，依然能触发该效果。'}",artifacts
1984,金铜时晷,"['钟离', '阿贝多', '珊瑚宫心海', '莫娜', '菲谢尔']","外观朴素的计时道具,在战乱的时代,一度是千岩军的制式装备。",4星/5星,['山脊守望'],https://uploadstatic.mihoyo.com/ys-obc/2022/10/11/4521515/e1f88db5edba6d979e969ca6a9374ca5_2225113573724303229.png,千岩牢固,"{'两件套：':'生命值提升20%','四件套：':'元素战技命中敌人后，使队伍中附近的所有角色攻击力提升20%，护盾强效提升30%，持续3秒。该效果每0.5秒至多触发一次。装备此圣遗物套装的角色处于队伍后台时，依然能触发该效果。'}",artifacts
1984,盟誓金爵,"['钟离', '阿贝多', '珊瑚宫心海', '莫娜', '菲谢尔']",千岩军用以盟誓的金爵，依旧残留着丝丝酒香。,4星/5星,['山脊守望'],https://uploadstatic.mihoyo.com/ys-obc/2022/10/11/4521515/738a822e9d17d7a89a50e58722c28688_7135323050675185310.png,千岩牢固,"{'两件套：':'生命值提升20%','四件套：':'元素战技命中敌人后，使队伍中附近的所有角色攻击力提升20%，护盾强效提升30%，持续3秒。该效果每0.5秒至多触发一次。装备此圣遗物套装的角色处于队伍后台时，依然能触发该效果。'}",artifacts
1984,将帅兜鍪,"['钟离', '阿贝多', '珊瑚宫心海', '莫娜', '菲谢尔']",年代久远的华丽头盔，洗净尘沙后依旧明亮如新。,4星/5星,['山脊守望'],https://uploadstatic.mihoyo.com/ys-obc/2022/10/11/4521515/68ba4ee101dd474d65772ab043c2f8fe_4164682759056836121.png,千岩牢固,"{'两件套：':'生命值提升20%','四件套：':'元素战技命中敌人后，使队伍中附近的所有角色攻击力提升20%，护盾强效提升30%，持续3秒。该效果每0.5秒至多触发一次。装备此圣遗物套装的角色处于队伍后台时，依然能触发该效果。'}",artifacts
4341,迷宫的游人,"['提纳里', '柯莱', '纳西妲']",从森林王的宝冠上摘下的饰金之花。,4星/5星,['缘觉塔'],https://uploadstatic.mihoyo.com/ys-obc/2022/10/10/4521515/4195c7975464b2db3e64785434f48a87_2226404811438165279.png,深林的记忆,"{'两件套：':'获得15%草元素伤害加成。','四件套：':'元素战技或元素爆发命中敌人后，使命中目标的草元素抗性降低30%，持续8秒。装备者处于队伍后台时，依然能触发该效果。'}",artifacts
4341,翠蔓的智者,"['提纳里', '柯莱', '纳西妲']",飘逸如羽的翠色叶片，取自林中智者的衣衫。,4星/5星,['缘觉塔'],https://uploadstatic.mihoyo.com/ys-obc/2022/10/10/6276411/1f1acb7c0e873357e2de8a3e33aefa7e_4889843877495874960.png,深林的记忆,"{'两件套：':'获得15%草元素伤害加成。','四件套：':'元素战技或元素爆发命中敌人后，使命中目标的草元素抗性降低30%，持续8秒。装备者处于队伍后台时，依然能触发该效果。'}",artifacts
4341,贤智的定期,"['提纳里', '柯莱', '纳西妲']",投身贤睿之道者所用的时计，其中盛装的并非无生命的砂砾，而是细小的芥子。,4星/5星,['缘觉塔'],https://uploadstatic.mihoyo.com/ys-obc/2022/10/10/6276411/2a32ff9d0242914b405019250fbe6969_5748311200750681303.png,深林的记忆,"{'两件套：':'获得15%草元素伤害加成。','四件套：':'元素战技或元素爆发命中敌人后，使命中目标的草元素抗性降低30%，持续8秒。装备者处于队伍后台时，依然能触发该效果。'}",artifacts
4341,迷误者之灯,"['提纳里', '柯莱', '纳西妲']",本是沙漠形制的油灯，但其上生出了苍翠荧光的绿叶。,4星/5星,['缘觉塔'],https://uploadstatic.mihoyo.com/ys-obc/2022/10/10/6276411/958a592944385265a1c8deda3ab52313_563286572906857453.png,深林的记忆,"{'两件套：':'获得15%草元素伤害加成。','四件套：':'元素战技或元素爆发命中敌人后，使命中目标的草元素抗性降低30%，持续8秒。装备者处于队伍后台时，依然能触发该效果。'}",artifacts
4341,月桂的宝冠,"['提纳里', '柯莱', '纳西妲']",草木的主神赠送的冠冕，曾在迷宫的王之间代代相传，最终由王的侍者继承。,4星/5星,['缘觉塔'],https://uploadstatic.mihoyo.com/ys-obc/2022/10/10/6276411/db3a8e575390dd73104edbe3f5f05ddc_4839952067280413787.png,深林的记忆,"{'两件套：':'获得15%草元素伤害加成。','四件套：':'元素战技或元素爆发命中敌人后，使命中目标的草元素抗性降低30%，持续8秒。装备者处于队伍后台时，依然能触发该效果。'}",artifacts
4335,梦中的铁花,"['提纳里', '胡桃', '八重神子', '甘雨', '久岐忍']",暗金打造的蓓蕾，再无机会开放的花瓣包裹着赤红的花芯。,4星/5星,['缘觉塔'],https://uploadstatic.mihoyo.com/ys-obc/2022/10/10/4521515/1db1d36e4ebca6129cd1b58400f72a28_8770315645738164488.png,饰金之梦,"{'两件套：':'元素精通提高80点。','四件套：':'触发元素反应后的8秒内，会根据队伍内其他角色的元素类型，使装备者获得强化：队伍中每存在1个和装备者同类元素的角色，攻击力提升14%；每存在1个和装备者不同元素类型的角色，元素精通提升50点。上述每类效果至多计算3个角色。该效果每8秒至多触发一次。装备者处于队伍后台时，依然能触发该效果。'}",artifacts
4335,裁断的翎羽,"['提纳里', '胡桃', '八重神子', '甘雨', '久岐忍']",曾用来衡量罪人心脏重量的特制翎羽，如今失去了原本的功能。,4星/5星,['缘觉塔'],https://uploadstatic.mihoyo.com/ys-obc/2022/10/10/4521515/ba29a1ef391ab44e1bd3b5e6357aa437_8766978714728411707.png,饰金之梦,"{'两件套：':'元素精通提高80点。','四件套：':'触发元素反应后的8秒内，会根据队伍内其他角色的元素类型，使装备者获得强化：队伍中每存在1个和装备者同类元素的角色，攻击力提升14%；每存在1个和装备者不同元素类型的角色，元素精通提升50点。上述每类效果至多计算3个角色。该效果每8秒至多触发一次。装备者处于队伍后台时，依然能触发该效果。'}",artifacts
4335,沉金的岁月,"['提纳里', '胡桃', '八重神子', '甘雨', '久岐忍']",暗金光泽的古老日晷，似乎在诉说着沙漠的旧日。,4星/5星,['缘觉塔'],https://uploadstatic.mihoyo.com/ys-obc/2022/10/10/4521515/fead36141cbe78a574378f1e2cedb6a1_2086108282560406112.png,饰金之梦,"{'两件套：':'元素精通提高80点。','四件套：':'触发元素反应后的8秒内，会根据队伍内其他角色的元素类型，使装备者获得强化：队伍中每存在1个和装备者同类元素的角色，攻击力提升14%；每存在1个和装备者不同元素类型的角色，元素精通提升50点。上述每类效果至多计算3个角色。该效果每8秒至多触发一次。装备者处于队伍后台时，依然能触发该效果。'}",artifacts
4335,如蜜的终宴,"['提纳里', '胡桃', '八重神子', '甘雨', '久岐忍']",曾在古老盛大的宴会上使用的酒杯，褪去了往日华丽的颜色。,4星/5星,['缘觉塔'],https://uploadstatic.mihoyo.com/ys-obc/2022/10/10/4521515/981f2c4c9f61fb512e4edc6c923f6931_6535426380435519421.png,饰金之梦,"{'两件套：':'元素精通提高80点。','四件套：':'触发元素反应后的8秒内，会根据队伍内其他角色的元素类型，使装备者获得强化：队伍中每存在1个和装备者同类元素的角色，攻击力提升14%；每存在1个和装备者不同元素类型的角色，元素精通提升50点。上述每类效果至多计算3个角色。该效果每8秒至多触发一次。装备者处于队伍后台时，依然能触发该效果。'}",artifacts
4335,沙王的投影,"['提纳里', '胡桃', '八重神子', '甘雨', '久岐忍']",旧日沙漠祭司的镶金头巾，其形制乃是为了效仿传说中的沙民之王。,4星/5星,['缘觉塔'],https://uploadstatic.mihoyo.com/ys-obc/2022/10/10/4521515/9e5fa8b2948e55738274617a21a67549_7091252683838242655.png,饰金之梦,"{'两件套：':'元素精通提高80点。','四件套：':'触发元素反应后的8秒内，会根据队伍内其他角色的元素类型，使装备者获得强化：队伍中每存在1个和装备者同类元素的角色，攻击力提升14%；每存在1个和装备者不同元素类型的角色，元素精通提升50点。上述每类效果至多计算3个角色。该效果每8秒至多触发一次。装备者处于队伍后台时，依然能触发该效果。'}",artifacts
3866,魂香之花,"['神里绫人', '宵宫']",花型的玉雕。魂香幽幽的气息似有似无地萦绕其中。,4星/5星,['岩中幽谷'],https://uploadstatic.mihoyo.com/ys-obc/2022/10/10/4521515/4e491ffc7e94406ab3bc3450a8143ae1_7046198074413697339.png,来歆余响,"{'两件套：':'攻击力提高18%。','四件套：':'普通攻击命中敌人时，有36%概率触发「幽谷祝祀」：普通攻击造成的伤害提高，伤害提高值为攻击力的70%，该效果将在普通攻击造成伤害后的0.05秒后清除。普通攻击未触发「幽谷祝祀」时，会使下次触发概率提升20%；0.2秒内至多判定1次触发与否。'}",artifacts
3866,垂玉之叶,"['神里绫人', '宵宫']",宛如叶片的玉佩。过去在特定的友人之间，似乎有着特殊的含义。,4星/5星,['岩中幽谷'],https://uploadstatic.mihoyo.com/ys-obc/2022/10/10/4521515/cf0f3ca092eaf697e8e3846bb731b65f_381543354855127941.png,来歆余响,"{'两件套：':'攻击力提高18%。','四件套：':'普通攻击命中敌人时，有36%概率触发「幽谷祝祀」：普通攻击造成的伤害提高，伤害提高值为攻击力的70%，该效果将在普通攻击造成伤害后的0.05秒后清除。普通攻击未触发「幽谷祝祀」时，会使下次触发概率提升20%；0.2秒内至多判定1次触发与否。'}",artifacts
3866,祝祀之凭,"['神里绫人', '宵宫']",圆形的玉佩。在某个传说中，它是何地之祭祀肇始的凭证。,4星/5星,['岩中幽谷'],https://uploadstatic.mihoyo.com/ys-obc/2022/10/10/4521515/083e6ef65c5686c56b9dee45eb14ab74_1637450773644259724.png,来歆余响,"{'两件套：':'攻击力提高18%。','四件套：':'普通攻击命中敌人时，有36%概率触发「幽谷祝祀」：普通攻击造成的伤害提高，伤害提高值为攻击力的70%，该效果将在普通攻击造成伤害后的0.05秒后清除。普通攻击未触发「幽谷祝祀」时，会使下次触发概率提升20%；0.2秒内至多判定1次触发与否。'}",artifacts
3866,涌泉之盏,"['神里绫人', '宵宫']",能够源源不断涌出清泉的茶盏。或许是仙家的赠礼、遗物或是失物吧。,4星/5星,['岩中幽谷'],https://uploadstatic.mihoyo.com/ys-obc/2022/10/10/4521515/3bf2c7a478f0a2978bc7e00cd5f750e8_483187384226665807.png,来歆余响,"{'两件套：':'攻击力提高18%。','四件套：':'普通攻击命中敌人时，有36%概率触发「幽谷祝祀」：普通攻击造成的伤害提高，伤害提高值为攻击力的70%，该效果将在普通攻击造成伤害后的0.05秒后清除。普通攻击未触发「幽谷祝祀」时，会使下次触发概率提升20%；0.2秒内至多判定1次触发与否。'}",artifacts
3866,浮溯之珏,"['神里绫人', '宵宫']",由一块美玉制成的对耳环。有着无比温润的感觉。,4星/5星,['岩中幽谷'],https://uploadstatic.mihoyo.com/ys-obc/2022/10/10/4521515/3ded9c5456432786b7b7ba80d5541ace_4251557445144260696.png,来歆余响,"{'两件套：':'攻击力提高18%。','四件套：':'普通攻击命中敌人时，有36%概率触发「幽谷祝祀」：普通攻击造成的伤害提高，伤害提高值为攻击力的70%，该效果将在普通攻击造成伤害后的0.05秒后清除。普通攻击未触发「幽谷祝祀」时，会使下次触发概率提升20%；0.2秒内至多判定1次触发与否。'}",artifacts
3867,生灵之华,['魈'],古老的纪念物，恰如数百年前将它保存的生灵一般鲜活。,4星/5星,['岩中幽谷'],https://uploadstatic.mihoyo.com/ys-obc/2022/10/10/4521515/872ff37191dc3d180275991063cd538f_4630342639499095397.png,辰砂往生录,"{'两件套：':'攻击力提高18%。','四件套：':'施放元素爆发后，将产生持续16秒的「潜光」效果：攻击力提升8%；并在角色的生命值降低时，攻击力进一步提升10%，至多通过这种方式提升4次，每0.8秒至多触发一次。「潜光」效果将在角色退场时消失；持续期间再次施放元素爆发，将移除原有的「潜光」。'}",artifacts
3867,潜光片羽,['魈'],一片光泽暗淡的翎羽，凝聚着浓重的记忆。,4星/5星,['岩中幽谷'],https://uploadstatic.mihoyo.com/ys-obc/2022/10/10/4521515/5db35a01ba6d8cfb5c787bac3b270a4e_5836038790876020854.png,辰砂往生录,"{'两件套：':'攻击力提高18%。','四件套：':'施放元素爆发后，将产生持续16秒的「潜光」效果：攻击力提升8%；并在角色的生命值降低时，攻击力进一步提升10%，至多通过这种方式提升4次，每0.8秒至多触发一次。「潜光」效果将在角色退场时消失；持续期间再次施放元素爆发，将移除原有的「潜光」。'}",artifacts
3867,阳辔之遗,['魈'],外观坚实的古代时计，有着晶砂的光泽。,4星/5星,['岩中幽谷'],https://uploadstatic.mihoyo.com/ys-obc/2022/10/10/4521515/a5e5796a3737e5abf42eab36cae2bf4f_1470462245069962541.png,辰砂往生录,"{'两件套：':'攻击力提高18%。','四件套：':'施放元素爆发后，将产生持续16秒的「潜光」效果：攻击力提升8%；并在角色的生命值降低时，攻击力进一步提升10%，至多通过这种方式提升4次，每0.8秒至多触发一次。「潜光」效果将在角色退场时消失；持续期间再次施放元素爆发，将移除原有的「潜光」。'}",artifacts
3867,结契之刻,['魈'],古老的晶砂之杯，似乎未尝被岁月磨洗暗淡。,4星/5星,['岩中幽谷'],https://uploadstatic.mihoyo.com/ys-obc/2022/10/10/4521515/295b3d9ac5d6548ca1c6c40873998eac_258963292497829343.png,辰砂往生录,"{'两件套：':'攻击力提高18%。','四件套：':'施放元素爆发后，将产生持续16秒的「潜光」效果：攻击力提升8%；并在角色的生命值降低时，攻击力进一步提升10%，至多通过这种方式提升4次，每0.8秒至多触发一次。「潜光」效果将在角色退场时消失；持续期间再次施放元素爆发，将移除原有的「潜光」。'}",artifacts
3867,虺雷之姿,['魈'],据称是山民为夜叉所打造的头冠，外观古朴，但其表面光亮不失润泽。,4星/5星,['岩中幽谷'],https://uploadstatic.mihoyo.com/ys-obc/2022/10/10/4521515/2349f7afd8b7467e29555d6496c66b73_7192722714412925977.png,辰砂往生录,"{'两件套：':'攻击力提高18%。','四件套：':'施放元素爆发后，将产生持续16秒的「潜光」效果：攻击力提升8%；并在角色的生命值降低时，攻击力进一步提升10%，至多通过这种方式提升4次，每0.8秒至多触发一次。「潜光」效果将在角色退场时消失；持续期间再次施放元素爆发，将移除原有的「潜光」。'}",artifacts
3157,海染之花,"['珊瑚宫心海','七七']",染上多变海色的轻柔之花，在月光下闪烁着奇妙的色彩。,4星/5星,['沉眠之庭'],https://uploadstatic.mihoyo.com/ys-obc/2022/10/10/4521515/a1d21c923a43fad2a7887080142c7882_7714139244769359093.png,海染砗磲,"{'两件套：':'治疗加成提高15%。','四件套：':'装备此圣遗物套装的角色对队伍中的角色进行治疗时，将产生持续3秒的海染泡沫，记录治疗的生命值回复量（包括溢出值）。持续时间结束时，海染泡沫将会爆炸，对周围的敌人造成90%累计回复量的伤害（该伤害结算方式同感电、超导等元素反应，但不受元素精通、等级或反应伤害加成效果影响）。每3.5秒至多产生一个海染泡沫；海染泡沫至多记录30000点回复量，含溢出部分的治疗量；自己的队伍中同时至多存在一个海染泡沫。装备此圣遗物套装的角色处于队伍后台时；依然能触发该效果。'}",artifacts
3157,渊宫之羽,"['珊瑚宫心海','七七']",与珊瑚同色的柔弱彩羽，据说出自巫女的羽衣。,4星/5星,['沉眠之庭'],https://uploadstatic.mihoyo.com/ys-obc/2022/10/10/4521515/c91ede26ac2364af5926be692f7c1a38_8131799186164658884.png,海染砗磲,"{'两件套：':'治疗加成提高15%。','四件套：':'装备此圣遗物套装的角色对队伍中的角色进行治疗时，将产生持续3秒的海染泡沫，记录治疗的生命值回复量（包括溢出值）。持续时间结束时，海染泡沫将会爆炸，对周围的敌人造成90%累计回复量的伤害（该伤害结算方式同感电、超导等元素反应，但不受元素精通、等级或反应伤害加成效果影响）。每3.5秒至多产生一个海染泡沫；海染泡沫至多记录30000点回复量，含溢出部分的治疗量；自己的队伍中同时至多存在一个海染泡沫。装备此圣遗物套装的角色处于队伍后台时；依然能触发该效果。'}",artifacts
3157,离别之贝,"['珊瑚宫心海','七七']",明净无垢的贝壳，来自深邃无底的大海。,4星/5星,['沉眠之庭'],https://uploadstatic.mihoyo.com/ys-obc/2022/10/10/4521515/fb7aac9d39099584910571be35c3ebf7_2386899513037440722.png,海染砗磲,"{'两件套：':'治疗加成提高15%。','四件套：':'装备此圣遗物套装的角色对队伍中的角色进行治疗时，将产生持续3秒的海染泡沫，记录治疗的生命值回复量（包括溢出值）。持续时间结束时，海染泡沫将会爆炸，对周围的敌人造成90%累计回复量的伤害（该伤害结算方式同感电、超导等元素反应，但不受元素精通、等级或反应伤害加成效果影响）。每3.5秒至多产生一个海染泡沫；海染泡沫至多记录30000点回复量，含溢出部分的治疗量；自己的队伍中同时至多存在一个海染泡沫。装备此圣遗物套装的角色处于队伍后台时；依然能触发该效果。'}",artifacts
3157,真珠之笼,"['珊瑚宫心海','七七']",海祇岛的巫女们所供奉的明珠，始终闪烁着点点光芒，从未黯淡。,4星/5星,['沉眠之庭'],https://uploadstatic.mihoyo.com/ys-obc/2022/10/10/4521515/ae5ed545b3d9dfe5bd5214fb5e48d20f_3199005252380340382.png,海染砗磲,"{'两件套：':'治疗加成提高15%。','四件套：':'装备此圣遗物套装的角色对队伍中的角色进行治疗时，将产生持续3秒的海染泡沫，记录治疗的生命值回复量（包括溢出值）。持续时间结束时，海染泡沫将会爆炸，对周围的敌人造成90%累计回复量的伤害（该伤害结算方式同感电、超导等元素反应，但不受元素精通、等级或反应伤害加成效果影响）。每3.5秒至多产生一个海染泡沫；海染泡沫至多记录30000点回复量，含溢出部分的治疗量；自己的队伍中同时至多存在一个海染泡沫。装备此圣遗物套装的角色处于队伍后台时；依然能触发该效果。'}",artifacts
3157,海祇之冠,"['珊瑚宫心海','七七']",古老精致的冠冕，由被遗忘的「神人」所拥有。如今被海祇之民精心封存起来。,4星/5星,['沉眠之庭'],https://uploadstatic.mihoyo.com/ys-obc/2022/10/10/4521515/fb42be776c182f8a625bdbf235ee05af_1272530327869236215.png,海染砗磲,"{'两件套：':'治疗加成提高15%。','四件套：':'装备此圣遗物套装的角色对队伍中的角色进行治疗时，将产生持续3秒的海染泡沫，记录治疗的生命值回复量（包括溢出值）。持续时间结束时，海染泡沫将会爆炸，对周围的敌人造成90%累计回复量的伤害（该伤害结算方式同感电、超导等元素反应，但不受元素精通、等级或反应伤害加成效果影响）。每3.5秒至多产生一个海染泡沫；海染泡沫至多记录30000点回复量，含溢出部分的治疗量；自己的队伍中同时至多存在一个海染泡沫。装备此圣遗物套装的角色处于队伍后台时；依然能触发该效果。'}",artifacts
3158,荣花之期,"['云堇','阿贝多']",六瓣花形状的小型金饰，以永不凋零之姿，阅遍俗世易逝的荣华。,4星/5星,['沉眠之庭'],https://uploadstatic.mihoyo.com/ys-obc/2022/10/10/4521515/15578a84f89d42989ffcfc845860e2aa_4726703666330342510.png,华馆梦醒形骸记,"{'两件套：':'防御力提高30%。','四件套：':'装备此圣遗物套装的角色在以下情况下，将获得「问答」效果：在场上用岩元素攻击命中敌人后获得一层，每0.3秒至多触发一次；在队伍后台中，每3秒获得一层。问答至多叠加4层，每层能提供6%防御力与6%岩元素伤害加成。每6秒,若未获得问答效果，将损失一层。'}",artifacts
3158,华馆之羽,"['云堇','阿贝多']",于避世之幽馆中一同带出的箭羽状的凭证，因创造者的怜悯之情，而与某具沉睡之躯一同置于馆中。,4星/5星,['沉眠之庭'],https://uploadstatic.mihoyo.com/ys-obc/2022/10/10/4521515/b341fc24da67870459efcf81abdffe39_923166609182761463.png,华馆梦醒形骸记,"{'两件套：':'防御力提高30%。','四件套：':'装备此圣遗物套装的角色在以下情况下，将获得「问答」效果：在场上用岩元素攻击命中敌人后获得一层，每0.3秒至多触发一次；在队伍后台中，每3秒获得一层。问答至多叠加4层，每层能提供6%防御力与6%岩元素伤害加成。每6秒,若未获得问答效果，将损失一层。'}",artifacts
3158,众生之谣,"['云堇','阿贝多']",于稻妻而言乃是舶来品的小物件。名为机芯的零件已被卸下，指针也不再转动。,4星/5星,['沉眠之庭'],https://uploadstatic.mihoyo.com/ys-obc/2022/10/10/4521515/20bc4bc0237385d5d09f96cc6d927d00_3197092189042142097.png,华馆梦醒形骸记,"{'两件套：':'防御力提高30%。','四件套：':'装备此圣遗物套装的角色在以下情况下，将获得「问答」效果：在场上用岩元素攻击命中敌人后获得一层，每0.3秒至多触发一次；在队伍后台中，每3秒获得一层。问答至多叠加4层，每层能提供6%防御力与6%岩元素伤害加成。每6秒,若未获得问答效果，将损失一层。'}",artifacts
3158,梦醒之瓢,"['云堇','阿贝多']",以黑漆与金粉装饰过的葫芦，已看不出本来的颜色，好像主要作用是演出的道具。,4星/5星,['沉眠之庭'],https://uploadstatic.mihoyo.com/ys-obc/2022/10/10/4521515/7edd5b228d158af8b223ab22b72c0bd5_405355929736572864.png,华馆梦醒形骸记,"{'两件套：':'防御力提高30%。','四件套：':'装备此圣遗物套装的角色在以下情况下，将获得「问答」效果：在场上用岩元素攻击命中敌人后获得一层，每0.3秒至多触发一次；在队伍后台中，每3秒获得一层。问答至多叠加4层，每层能提供6%防御力与6%岩元素伤害加成。每6秒,若未获得问答效果，将损失一层。'}",artifacts
3158,形骸之笠,"['云堇','阿贝多']",流浪者在旅途中遮光避雨的斗笠，但后来却成为了遮挡面目、隐藏表情的便利道具。,4星/5星,['沉眠之庭'],https://uploadstatic.mihoyo.com/ys-obc/2022/10/10/4521515/ce2bb4edf08f5257f00f068eac191650_849516510460291586.png,华馆梦醒形骸记,"{'两件套：':'防御力提高30%。','四件套：':'装备此圣遗物套装的角色在以下情况下，将获得「问答」效果：在场上用岩元素攻击命中敌人后获得一层，每0.3秒至多触发一次；在队伍后台中，每3秒获得一层。问答至多叠加4层，每层能提供6%防御力与6%岩元素伤害加成。每6秒,若未获得问答效果，将损失一层。'}",artifacts
1646,祭雷之人,[],在古老的时代，司祭祀之人佩戴的礼冠。因为常年聆听着雷鸣，具有奇妙的抗性。,3星/4星,"['无相之雷·阿莱夫','雷音权现','掣电树','古岩龙蜥']",https://uploadstatic.mihoyo.com/ys-obc/2022/10/13/183046623/91455f7232cb1b0463d719ae6e4032ea_4061426127491750821.png,暂无,{'一件套：':'受到的雷元素附着效果的持续时间减少40%。'},artifacts
1647,祭火之人,[],在古老的时代，司祭祀之人佩戴的礼冠。因为常年受火舌舔舐，具有奇妙的抗性。,3星/4星,"['爆炎树','无相之火·亚因','古岩龙蜥','半永恒统辖矩阵']",https://uploadstatic.mihoyo.com/ys-obc/2022/10/13/183046623/a4b3cee239b3afd3322237ea5d5fc7c8_5689149104001420007.png,暂无,{'一件套：':'受到的火元素附着效果的持续时间减少40%。'},artifacts
1648,祭水之人,[],在古老的时代，司祭祀之人佩戴的礼冠。因为常年浸没在水中，具有奇妙的抗性。,3星/4星,"['纯水精灵·洛蒂娅','无相之水·希伊']",https://uploadstatic.mihoyo.com/ys-obc/2022/10/13/183046623/b0bd983d03b64d396bedaa9f6bba1cf0_3292844497873039062.png,暂无,{'一件套：':'受到的水元素附着效果的持续时间减少40%。'},artifacts
1649,祭冰之人,[],在古老的时代，司祭祀之人佩戴的礼冠。因为过去饱尝霜寒，具有奇妙的抗性。,3星/4星,"['急冻树','无相之冰·塔勒特','恒常机关阵列','深海龙蜥之群','兆载永劫龙兽']",https://uploadstatic.mihoyo.com/ys-obc/2022/10/13/183046623/2e793f56db7d642dfb0b0f948da1ede8_2713558981148096979.png,暂无,{'一件套：':'受到的冰元素附着效果的持续时间减少40%。'},artifacts