mhy_id,name,element,country,nick_name,title,gender,rarity,pool,constellation,special_cuisine,equip_date,tag,introduction,label,weapon_type,organization,break_material,skill_material,weapon_choice,constellation2,icon
1360,阿贝多,岩,蒙德,暂无,白垩之子,男,5星,限定UP,白垩之子座,林之梦,2020年12月23日,伤害提升、精通加成、炼金返还、自身伤害提升,西风骑士团首席炼金术师兼调查小队队长，被称作白垩之子的天才,character,双手剑,奔狼领,"['坚牢黄玉碎屑*1', '坚牢黄玉断片*9', '坚牢黄玉块*9', '坚牢黄玉*6', '玄岩之塔*46', '塞西莉亚花*168', '导能绘卷*18', '封魔绘卷*30', '禁咒绘卷*36', '摩拉*2092530']","['诗文的教导*9', '诗文的指引*63', '诗文的哲学*114', '导能绘卷*18', '封魔绘卷*66', '禁咒绘卷*93', '吞天之鲸·只角*18', '智识之冕*3']","{'辰砂之纺锤': '该武器能够提供高额防御力加成，同时有着基于防御力提高元素战技伤害值的武器特效，能够有效提升阿贝多元素战技造成的伤害。', '腐殖之剑': '该武器的特效对阿贝多元素战技伤害有较大提升（虽然提升幅度低于辰砂之纺锤），且提供的元素充能效率可保证阿贝多元素爆发的释放频率。', '黎明神剑': '提供高额的暴击率和暴击伤害加成。'}","['伊甸之花', '显生之宙', '太阳之华', '神性之陨', '冥古之潮', '无垢之土']",https://uploadstatic.mihoyo.com/ys-obc/2021/08/23/75276545/01009cc20f9a4ebf4ece5e96fdecad1a_3067405046796818316.png
2415,埃洛伊,冰,暂无,暂无,异界的救世主,女,5星,限定UP,诺拉勇者座,饱腹感凝胶,2021年9月1日(PS4/PS5) 10月13日(全平台),自身附魔、加攻、自身伤害提升、生物亲和、减攻,流放者、机械猎手、探索者、被封者、救世主等……在原本的世界里有着诸多身份的她，是一名从“基因”层面就注定要治愈世界的女杰。如今她来到了全新的世界，充满了前所未有的挑战，于是，她再次欣然投身狩猎的旅途。,character,弓,游侠,"['哀叙冰玉碎屑*1', '哀叙冰玉断片*9', '哀叙冰玉块*9', '哀叙冰玉*6', '晶凝之华*46', '晶化骨髓*168', '浮游干核*18', '浮游幽核*30', '浮游晶化核*36', '摩拉*2092530']","['自由的教导*9', '自由的指引*63', '自由的哲学*102', '浮游干核*18', '浮游幽核*66', '浮游晶化核*93', '熔毁之刻*18', '智识之冕*3']","{'飞雷之弦振': '埃洛伊的主要输出方式为普通攻击，飞雷之弦振的效果可以为埃洛伊提供较高的加成。', '天空之翼': '该武器同时提供了暴击和爆伤，是把泛用型武器。', '阿莫斯之弓': '埃洛伊的主要输出方式为普通攻击，阿莫斯之弓的效果可以为埃洛伊提供较高的加成。若能控制好射击距离，战斗时能获得更高的伤害加成。', '掠食者': '外观毕业武器，武器效果也较为契合，但仅可在PS平台活动领取和使用。', '弓藏': '埃洛伊的主要输出方式为普通攻击，弓藏能提供较大的伤害加成。', '破魔之弓': '该武器效果契合埃洛伊主要输出方式，且获得难度相对较小。'}",[],https://uploadstatic.mihoyo.com/ys-obc/2021/11/05/10875381/65886603cf7f0bdbaa82a165898237a3_1473519897376013260.png
54,安柏,火,蒙德,暂无,飞行冠军,女,4星,常驻UP,小兔座,侦察骑士烤肉,2020年8月10日,暂无,活泼率直的少女，是蒙德城中唯一的侦察骑士。擅长使用风之翼的安柏，连续三年蝉联蒙德城的“飞行冠军”。,character,弓,西风骑士团,"['燃愿玛瑙碎屑*1', '燃愿玛瑙断片*9', '燃愿玛瑙块*9', '燃愿玛瑙*6', '常燃火种*46', '小灯草*168', '牢固的箭簇*18', '锐利的箭簇*30', '历战的箭簇*36', '摩拉*2092530']","['自由的教导*9', '自由的指引*63', '自由的哲学*114','牢固的箭簇*18', '锐利的箭簇*66', '历战的箭簇*93', '东风的吐息*18', '智识之冕*3']","{'阿莫斯之弓': '大幅提升重击时伤害', '绝弦': '提供元素精通并提升元素战技与元素爆发伤害'}","['一箭双丘丘！', '一触即发', '烧起来啦！', '才不是普通的布偶', '是兔兔伯爵！', '疾如野火']",https://uploadstatic.mihoyo.com/ys-obc/2022/02/16/6276411/138132721f21bf60c53a8935a8fb0107_8908120754759624960.png
3564,八重神子,雷,稻妻,暂无,浮世笑百姿,女,5星,限定UP,仙狐座,福内乌冬,2021年6月27日,暂无,掌管鸣神大社的大巫女、狐之血脉的延续者、“永恒”的眷属与友人，以及，轻小说出版社“八重堂”的恐怖总编。有着多重身份的神秘宫司，凡人或许永远无法了解她的真面目与真心。,character,法器,鸣神大社,"['最胜紫晶碎屑*1', '最胜紫晶断片*9', '最胜紫晶块*9', '最胜紫晶*6', '龙嗣伪鳍*46', '海灵芝*168', '破旧的刀镡*18', '影打刀镡*30', '名刀镡*36', '摩拉*2092530']","['天光的教导*9', '天光的指引*63', '天光的哲学*114', '破旧的刀镡*18', '影打刀镡*66', '名刀镡*93', '万劫之真意*18', '智识之冕*3']","{'神乐之真意': '元素战技伤害加成，叠满层数额外获得元素伤害加成，非常适合八重神子。', '天空之卷': '除神乐之外比较合适的五星武器。', '流浪乐章': '三个武器特效对八重神子都有提升，持续时间较短，冷却时间较长。', '匣里日月': '元素战技伤害加成，需要经常普攻触发武器特效。', '万国诸海图谱': '可锻造，容易获取。', '白辰之环': '可锻造，容易获取。'}","['野狐供真篇', '望月吼哕声', '七段妙变化', '绯樱引雷章', '暴恶嗤笑面', '大杀生咒禁']",https://uploadstatic.mihoyo.com/ys-obc/2022/02/15/6276411/2a54cd4008e8bc398f3f8bdc08225048_2883595654384922672.jpg
61,芭芭拉,水,蒙德,暂无,闪耀偶像,女,4星,常驻UP,金杯座,辣味时蔬烩肉,2020年7月5日,暂无,西风骑士团的祈礼牧师，蒙德城的闪亮偶像。对于习惯了传统吟游诗人的蒙德来说，“偶像”是还不习惯的新生事物。,character,法器,西风教会,"['涤净青金碎屑*1', '涤净青金断片*9', '涤净青金块*9', '涤净青金*6', '净水之心*46', '慕风蘑菇*168', '导能绘卷*18', '封魔绘卷*30', '禁咒绘卷*36', '摩拉*2092530']","['自由的教导*9', '自由的指引*63', '自由的哲学*114', '导能绘卷*18', '封魔绘卷*66', '禁咒绘卷*93', '北风之环*18', '智识之冕*3']","{'不灭月华': '技能提升治疗效果', '试作金珀': '释放元素爆发额外回复全队生命值', '西风秘典': '提供元素充能', '讨龙英杰谭': '切换角色时提升新登场角色的攻击力，有助于拉高队伍输出能力'}","['彩色歌谣', '元气迸发', '明日之星', '努力即魔法', '纯真的羁绊', '将一切美好献给你']",https://uploadstatic.mihoyo.com/ys-obc/2021/08/23/75276545/7f1ac500bafa0526438e4e5b95165991_9116453886373904076.png
105,班尼特,火,蒙德,阿班/六星真神/火神,命运试金石,男,4星,常驻UP,险路座,提瓦特焦蛋,2020年09月15日,治疗、加攻、伤害提升、元素附着、元素附魔、派遣,蒙德的冒险家少年，拥有与他的善良毫不相称的霉运。,character,单手剑,冒险家协会,"['燃愿玛瑙碎屑*1', '燃愿玛瑙断片*9', '燃愿玛瑙块*9', '燃愿玛瑙*6', '常燃火种*46', '风车菊*168', '寻宝鸦印*18', '藏银鸦印*30', '攫金鸦印*36', '摩拉*2092530']","['抗争的教导*9', '抗争的指引*63', '抗争的哲学*114', '寻宝鸦印*18', '藏银鸦印*66', '攫金鸦印*93', '东风之翎*18', '智识之冕*3']","{'雾切之回光': '提供高额元素伤害加成，适合输出流班尼特使用', '磐岩结绿': '提供较高暴击率和攻击力加成，适合输出流班尼特使用', '风鹰剑': '该武器基础攻击力极高，能够最大化班尼特的攻击力加成效果。', '天空之刃': '提供较高的基础攻击力和元素充能效率，是五星单手剑中较为均衡的选择。', '苍古自由之誓': '其武器特效能够有效提升班尼特的辅助能力，但触发武器特效需要其他元素属性的队友。', '暗巷闪光': '提供四星单手剑中最高的基础攻击力，能使班尼特的大招产生更高的攻击力加成。', '腐殖之剑': '提供适中的基础攻击力和元素充能效率，是四星单手剑中较为均衡的选择。', '西风剑': '有效缓解全队充能压力，但基础攻击力较低。'}","['冒险憧憬', '踏破绝境', '火热激情', '热情不灭', '开拓的心魂', '烈火与勇气']",https://uploadstatic.mihoyo.com/ys-obc/2021/08/23/75276545/498b43ef0d21c4e2c1d7a1dea0deea3f_2145838239611168396.png
79,北斗,雷,璃月,暂无,无冕的龙王,女,4星,常驻UP,南天海山座,炝炒肉片,2020年09月15日,护盾、减抗、抗打断、游泳消耗减少、弹反、自身伤害提升,武装船队南十字的首领，豪快的大姐头。,character,双手剑,南十字舰队,"['最胜紫晶碎屑*1', '最胜紫晶断片*9', '最胜紫晶块*9', '最胜紫晶*6', '雷光棱镜*46', '夜泊石*168', '寻宝鸦印*18', '藏银鸦印*30', '攫金鸦印*36', '摩拉*2092530']","['黄金的教导*9', '黄金的指引*63', '黄金的哲学*114', '寻宝鸦印*18', '藏银鸦印*66', '攫金鸦印*93', '东风的吐息*18', '智识之冕*3']","{'天空之傲': '一定程度上缓解北斗的充能压力，同时补充北斗较低的基础攻击力。', '狼的末路': '提供高额攻击力加成，有效提升北斗伤害输出。', '无工之剑': '提供高额攻击力加成，有效提升北斗伤害输出。同时，北斗也有一定的生成护盾的能力，能够较有效地适配无工之剑的特效。', '千岩古剑': '北斗作为璃月角色可至少获取一层该武器的特效加成。', '螭骨剑': '螭骨剑的副词条是暴击率，武器特效又可提供伤害加成，是泛用性和强度都非常高的一把四星大剑。', '恶王丸': '北斗的主流定位为副c，依靠元素爆发造成伤害。该武器可以有效提升元素爆发的伤害，是一个不错的选择。', '衔珠海皇': '北斗的主流定位为副c，依靠元素爆发造成伤害。该武器可以有效提升元素爆发的伤害，是一个不错的选择。'}","['鱼龙沉四方', '赫赫雷涌起', '潮奔蓦引电', '牵星觅乡岸', '踏浪霞连阶', '北斗祓幽孽']",https://uploadstatic.mihoyo.com/ys-obc/2021/08/23/75276545/0f7406a1ea1b7fb827d7abe14bfe83e8_3108123811393147392.png
1220,达达利亚,水,至冬,公子/阿贾克斯,公子,男,5星,限定UP,鲸天座,极致一钓,2020年11月11日,天赋提升,愚人众执行官第十一位，公子，其战绩威名远扬。,character,弓,愚人众,"['涤净青金碎屑*1', '涤净青金断片*9', '涤净青金块*9', '涤净青金*6', '净水之心*46', '星螺*168', '新兵的徽记*18', '士官的徽记*30', '尉官的徽记*36', '摩拉*2092530']","['自由的教导*9', '自由的指引*63', '自由的哲学*114', '新兵的徽记*18', '士官的徽记*66', '尉官的徽记*93', '魔王之刃·残片*18', '智识之冕*3']","{'冬极白星': '提升暴击率和攻击力，并提供元素战技/元素爆发伤害加成，有效提升公子伤害输出。', '若水': '提供高额暴击伤害和通用的伤害加成，有效提升公子伤害输出。', '飞雷之弦振': '提供暴击伤害加成、攻击力加成和普通攻击伤害加成。对达达利亚使用元素战技附魔后的普通攻击伤害提升显著。', '天空之翼': '提升暴击率和暴击伤害，能够较有效地提升公子伤害输出。', '弓藏': '提供高额普通攻击伤害加成。对达达利亚使用元素战技附魔后的普通攻击伤害提升比较显著。', '绝弦': '提供元素战技/元素爆发伤害加成和元素精通。对触发蒸发反应的元素爆发伤害有相当大提升。', '苍翠猎弓': '达达利亚是一位对群效率极高的角色，该武器特效的聚怪效果虽然不显著，但对小怪时还是有不错的表现，有时还能触发较为可观的摔伤。副词缀暴击率也能缓解圣遗物的词缀压力，是达达利亚四星武器中一个不错的选择。', '破魔之弓': '提供普通攻击/重击伤害加成。对达达利亚使用元素战技附魔后的普通攻击/重击伤害提升比较显著。同时，作为锻造武器，其获取难度较低，适合过渡期使用。'}","['魔王武装·遏浪', '魔王武装·暗流', '深渊之灾·纷争涡源', '深渊之灾·凝水盛放', '极恶技·斩水斩雨', '极恶技·天使灭尽']",https://uploadstatic.mihoyo.com/ys-obc/2021/08/23/75276545/c0a4fcefc01b018856439e023dd4dc7a_6675006735371357498.png
1221,迪奥娜,冰,蒙德,迪奥娜·凯茨莱茵/猫猫,猫尾特调,女,4星,常驻UP,小猫座,绝对不是下酒菜,2020年11月11日,减攻、治疗、护盾、移速提升、元素附着、精通加成、体力消耗降低、烹饪、自身伤害提升,"遗传了稀薄的非人血统的少女,猫尾酒馆的超人气调酒师。猫耳娘，黑暗酿酒师",character,弓,猫尾酒馆,"['哀叙冰玉碎屑*1', '哀叙冰玉断片*9', '哀叙冰玉块*9', '哀叙冰玉*6', '极寒之核*46', '嘟嘟莲*168', '牢固的箭簇*18', '锐利的箭簇*30', '历战的箭簇*36', '摩拉*2092530']","['自由的教导*9', '自由的指引*63', '自由的哲学*114','牢固的箭簇*18', '锐利的箭簇*66', '历战的箭簇*93', '魔王之刃·残片*18', '智识之冕*3']","{'终末嗟叹之诗': '武器特效能为团队提升收益，且触发不算太难。', '祭礼弓': '技能可以重置元素战技来保证盾的覆盖与循环。', '西风猎弓': '提供元素充能属性，特效也能为团队提供能量。', '反曲弓': '能提供大量生命值加成的平民武器。'}","['特调的余韵', '猫爪冰摇', '还、还要续杯？', '酒业杀手', '双份加冰', '猫尾打烊之时']",https://uploadstatic.mihoyo.com/ys-obc/2021/08/23/75276545/759f0ebba20d33f606c2ecc025b9b586_6011368354846344391.png
75,迪卢克,火,蒙德,迪卢克·莱艮芬德/卢姥爷/卢锅巴/正义人,晨曦的暗面,男,5星,常驻UP,夜枭座,蒙德往事,2020年09月15日,锻造返还、自身附魔、自身伤害加成,蒙德城最大酒庄“晨曦酒庄”的庄主，蒙德商会首席，原西风骑士团骑兵队长。迪卢克掌握了蒙德的酒业之半，同时也掌握了蒙德金钱的流动脉络与酒馆的闲言碎语。,character,双手剑,晨曦酒庄,"['燃愿玛瑙碎屑*1', '燃愿玛瑙断片*9', '燃愿玛瑙块*9', '燃愿玛瑙*6', '常燃火种*46', '小灯草*168', '新兵的徽记*18', '士官的徽记*30', '尉官的徽记*36', '摩拉*2092530']","['抗争的教导*9', '抗争的指引*63', '抗争的哲学*114', '新兵的徽记*18', '士官的徽记*66', '尉官的徽记*93', '东风之翎*18', '智识之冕*3']","{'狼的末路': '武器特效和副词条可以为自身与队伍提供非常高的攻击力加成，十分契合迪卢克自身面板。由于狼末全身都是攻击力加成，所以圣遗物沙漏的选择可以选择精通沙漏提高反应的收益。', '天空之傲': '高基础面板，副词条是充能效率且特效为大招之后可以持续发出真空刃持续20秒或者发出8道真空刃，较为契合迪卢克40能量的元素爆发。由于副词条是充能，相比其他武器会少些直接伤害加成。', '松籁响起之时': '副词条为物理攻击百分比加成。武器效果不仅能直接提供攻击力加成，还可以短时间增加大量爆发，但有20秒的冷却效果，所以在打一些关卡较多的副本要注意卡好被动的冷却时间，使收益最大化。', '无工之剑': '主副词条和狼末一样提供大量攻击力加成，武器特效直接增加百分之二十护盾强效和一定攻击力，在有护盾角色的情况下效果还会提升100%，不仅增加了角色生存能力，还提升了角色攻击能力。', '螭骨剑': '提供大量暴击率加成，同时武器特效能直接提高伤害加成，是四星非常强势的武器，只是如果想保持特效最好带个护盾角色。', '试作古华': '不错的攻击力加成和简单获取方式，很好的平民武器。', '沐浴龙血的剑': '元素精通副词条，且能对处于火元素元素影响下的敌人直接增加伤害，很适合新手过渡使用。'}","['罪罚裁断', '炙热余烬', '钢铁炽焰', '流火焦灼', '昭告黎明的火之鸟', '清算黑暗的炎之剑']",https://uploadstatic.mihoyo.com/ys-obc/2021/08/23/75276545/8ae58465155b31a21319522383027436_4999468226785017726.png
4736,多莉,雷,须弥,暂无,梦园藏金,女,4星,常驻UP,神灯座,摩拉急速来,2021年12月21日,暂无,活跃在须弥的百货商人，最喜欢亮闪闪的摩拉。能靠着精湛话术将手里那些许多奇特又神秘的道具卖出高价,character,双手剑,艾尔卡萨扎莱宫,"['最胜紫晶碎屑*1', '最胜紫晶断片*9', '最胜紫晶块*9', '最胜紫晶*6', '藏雷野实*46', '劫波莲*168', '褪色红绸*18', '镶边红绸*30', '织金红绸*36', '摩拉*2092530']","['巧思的教导*9', '巧思的指引*63', '巧思的哲学*114', '褪色红绸*18', '镶边红绸*66', '织金红绸*93', '血玉之枝*18', '智识之冕*3']","{'森林王器': '充能效率副词条有助于缓解多莉的充能压力，武器产生的种识之叶如果使用得当也可以较好地提升主输出的元素反应伤害。', '祭礼大剑': '充能效率副词条有助于缓解多莉的充能压力。武器特效重置元素战技冷却时间，在提供更多元素球的同时也提高了多莉的挂雷频率。', '西风大剑': '能够使多莉更高频率地释放大招。'}","['追加投资', '特许经营', '百巧千奇', '酌盈剂虚', '物超所值', '漫掷万镒']",https://uploadstatic.mihoyo.com/ys-obc/2022/09/07/195563531/844969ce9b8bc5ebf9d1be69d7b6d7b2_4659886404719657655.png
382,菲谢尔,雷,蒙德,菲谢尔·冯·露弗施洛斯·那菲多特/皇女/小艾咪,断罪皇女,女,4星,常驻UP,幻鸦座,祝圣交响乐,2020年09月15日,自身治疗、派遣,自称断罪之皇女，与名为奥兹的漆黑夜鸦同行的神秘少女,character,弓,冒险家协会,"['最胜紫晶碎屑*1', '最胜紫晶断片*9', '最胜紫晶块*9', '最胜紫晶*6', '雷光棱镜*46', '小灯草*168', '牢固的箭簇*18', '锐利的箭簇*30', '历战的箭簇*36', '摩拉*2092530']","['诗文的教导*9', '诗文的指引*15', '诗文的指引*48', '诗文的哲学*114','牢固的箭簇*18', '锐利的箭簇*66', '历战的箭簇*93', '北风的魂匣*18', '智识之冕*3']","{'天空之翼': '天空之翼可为菲谢尔提供高额基础攻击力和可观的双爆加成，前期可缓解圣遗物双爆需求压力，后期上限也足够高，同时适合脱手副c和站场物理两种流派的玩法。', '飞雷之弦振': '飞雷之弦振适合物理站场流派的菲谢尔选用，是物理菲谢尔的毕业武器，释放元素爆发后接普攻即可吃到三层飞雷之巴印的普攻增伤效果，并且武器提供的百分比攻击力和暴击伤害同样是菲谢尔需要的核心属性，圣遗物方面请优先保证暴击率。', '绝弦': '该武器提供的元素精通和元素战技/元素爆发伤害加成可极为有效地提升菲谢尔触发激化反应时的伤害输出，是激化流菲谢尔的最佳选择之一。', '幽夜华尔兹': '幽夜华尔兹可以说是皇女专武，外观、背景和效果都与菲谢尔完美契合，需要注意的是不论武器技能的战技普攻互相加伤还是主词条的物伤加成都倾向于物理站场主c的玩法。', '暗巷猎手': '暗巷猎手同样是一把完美契合菲谢尔的武器，适合副c速切流玩法，主词条提供的攻击力可提高菲谢尔所有输出方式的伤害，佩戴时需要注意避免长时间前台输出。', '弓藏': '弓藏是物理站场主c菲谢尔的一把极具性价比的武器，提供的高额普攻增伤和百分比攻击力可为皇女带来直截了当的输出提升。'}","['幽邃鸦眼', '圣裁影羽', '渊色黑翼', '皇女幻绮谭', '至夜默示录', '永夜之禽']",https://uploadstatic.mihoyo.com/ys-obc/2021/08/23/75276545/18a67c8802d7184db1449693908fe6cf_7858478886557060389.png
2142,枫原万叶,风,稻妻,万叶,红叶逐荒波,男,5星,限定UP,枫红座,雨奇晴好,2021年06月29日,伤害提升、聚怪、位移、冲刺消耗减少、精通加成,来自稻妻的浪人武士，如今栖身于璃月船队南十字中。性情温和而洒脱，心中埋藏着许多往事。,character,单手剑,南十字船队,"['自在松石碎屑*1', '自在松石断片*9', '自在松石块*9', '自在松石*6', '魔偶机心*46', '海灵芝*168', '寻宝鸦印*18', '藏银鸦印*30', '攫金鸦印*36', '摩拉*2092530']","['勤劳的教导*9', '勤劳的指引*63', '勤劳的哲学*114', '寻宝鸦印*18', '藏银鸦印*66', '攫金鸦印*93', '鎏金之鳞*18', '智识之冕*3']","{'苍古自由之誓': '万叶可以快速触发苍古的特效提升队友的输出能力', '磐岩结绿': '磐岩结绿提供大量暴击率，适合风伤输出流万叶', '祭礼剑': '可提供元素充能效率，刷新元素战技冷却时间，缓解万叶充能压力', '铁蜂刺': '铁蜂刺可以为万叶提供较高的元素精通，且获取难度和培养成本较低', '腐殖之剑': '腐殖之剑提供一定的充能效率并且提高元素战技伤害', '暗铁剑': '暗铁剑提供较高的元素精通，且获取难度和培养成本非常低'}","['千山红遍', '山岚残芯', '枫袖奇谭', '大空幻法', '万世之集', '血赤叶红']",https://uploadstatic.mihoyo.com/ys-obc/2021/08/23/75276545/2566b97ea262980d9bcd7db6a116bfd4_6795571745044574054.png
1433,甘雨,冰,璃月,椰羊/王小美,循循守月,女,5星,限定UP,仙麟座,盛世太平,2021年01月12日,嘲讽、减抗、伤害提升、锻造返还,月海亭的秘书，体内流淌着仙兽麒麟的血脉。,character,弓,月海亭,"['哀叙冰玉碎屑*1', '哀叙冰玉断片*9', '哀叙冰玉块*9', '哀叙冰玉*6', '极寒之核*46', '清心*168', '骗骗花蜜*18', '微光花蜜*30', '原素花蜜*36', '摩拉*2092530']","['勤劳的教导*9', '勤劳的指引*63', '勤劳的哲学*114', '骗骗花蜜*18', '微光花蜜*66', '原素花蜜*93', '武炼之魂·孤影*18', '智识之冕*3']","{'阿莫斯之弓': '为重击提供巨额伤害加成，非常适合甘雨', '若水': '提供高额暴击伤害和通用的伤害加成，对各流派的甘雨的伤害输出均有较高提升。', '天空之翼': '提供暴击率和暴击伤害加成。', '冬极白星': '提供高额暴击率和攻击力加成，但使用冰套四件套时暴击率容易溢出。', '猎人之径': '仅对触发融化反应的甘雨有较高提升。高额的暴击率加成使甘雨在使用该武器和冰套四件套攻击冻结敌人时，暴击率几乎一定会溢出。', '试作澹月': '在能够命中敌人弱点时，可提供高额攻击力加成，是四星武器中的最优解', '破魔之弓': '为重击提供一定的伤害加成', '黑岩战弓': '提供暴击伤害加成和攻击力加成（虽然攻击力加成较难触发）。'}","['饮露', '获麟', '云行', '西狩', '折草', '履虫']",https://uploadstatic.mihoyo.com/ys-obc/2021/08/23/75276545/8b9946e573bf7aff9801c580707a23e1_3026364173026253689.png
1627,胡桃,火,璃月,暂无,雪霁梅香,女,5星,限定UP,引蝶座,幽幽大行军,2021年03月02日,自身附魔、自身治疗、暴击提升、自身伤害提升、烹饪、自身体力消耗降低、自身抗打断、自身抗性提高,往生堂七十七代堂主，年纪轻轻就已主掌璃月的葬仪事务,character,长柄武器,往生堂,"['燃愿玛瑙碎屑*1', '燃愿玛瑙断片*9', '燃愿玛瑙块*9', '燃愿玛瑙*6', '未熟之玉*46', '霓裳花*168', '骗骗花蜜*18', '微光花蜜*30', '原素花蜜*36', '摩拉*2092530']","['勤劳的教导*9', '勤劳的指引*63', '勤劳的哲学*114', '骗骗花蜜*18', '微光花蜜*66', '原素花蜜*93', '魔王之刃·残片*18', '智识之冕*3']","{'护摩之杖': '提供高额暴击伤害加成，并提升胡桃对生命值属性的利用能力，能够有效提升胡桃的输出能力。', '和璞鸢': '提供中量的暴击率加成，武器特效可提升胡桃的伤害输出。', '决斗之枪': '该武器提供的暴击率可较有效地提升胡桃的伤害输出', '匣里灭辰': '该武器提供的元素精通和特效中提供的对水/火元素附着敌人的伤害提升效果可有效提升围绕蒸发反应配置的角色的伤害输出。'}","['赤团开时斜飞去', '最不安神晴又复雨', '逗留采血色', '伴君眠花房', '无可奈何燃花作香', '幽蝶能留一缕芳']",https://uploadstatic.mihoyo.com/ys-obc/2021/08/23/75276545/8980427ee3cecce2a46400d2c0af6d20_4290442929626456243.png
3276,荒泷一斗,岩,璃月,一斗,花坂豪快,男,5星,限定UP,天牛座,强者之道,2020年11月24日,暂无,荒泷一斗是鬼族的后裔，性情豪爽热血的快意男儿。如风一般迅猛，也如雷一般夺目。,character,双手剑,荒泷派,"['坚牢黄玉碎屑*1', '坚牢黄玉断片*9', '坚牢黄玉块*9', '坚牢黄玉*6', '兽境王器*46', '鬼兜虫*168', '史莱姆凝液*18', '史莱姆清*30', '史莱姆原浆*36', '摩拉*2092530']","['风雅的教导*9', '风雅的指引*63', '风雅的哲学*114', '史莱姆凝液*18', '史莱姆清*66', '史莱姆原浆*93', '灰烬之心*18', '智识之冕*3']","{'赤角石溃杵': '荒泷一斗的突破属性为暴击率，刚好与该武器副属性暴击伤害加成相辅相成，同时该武器的被动效果在提升防御力的同时可以基于防御力提升普通攻击与重击的伤害，是荒泷一斗的毕业武器。', '螭骨剑': '该武器的副属性是暴击率，佩戴该武器可以有效减轻圣遗物方面暴击率的需求，在圣遗物的理之冠上也有了更灵活的选择。同时该武器被动效果提供的伤害加成也可以有效提升荒泷一斗的输出能力。', '白影剑': '荒泷一斗的突破属性为暴击率，有效降低了佩戴该武器的门槛，同时该武器无论副属性还是被动效果都可以大幅提升荒泷一斗的输出能力，是四星武器中不错的选择。'}","['倘若不知，我讲你听', '纠集众人，斗倒御岳', '水陆自在，牛王同行', '奉行牢狱，茶饭之所', '十年花坂，皆知我名', '在下荒泷一斗是也']",https://uploadstatic.mihoyo.com/ys-obc/2021/12/14/16314655/567d0cf114a7f799d650df6e4c7cc0e2_8422200515118882596.jpg
2402,九条裟罗,雷,稻妻,九条,黑羽鸣镝,女,4星,常驻UP,羽团扇座,永恒的信仰,2021年09月01日,加攻、爆伤提升、能量回复、派遣,天领奉行的大将，杀伐果断，骁勇善战。,character,弓,天领奉行,"['最胜紫晶碎屑*1', '最胜紫晶断片*9', '最胜紫晶块*9', '最胜紫晶*6', '雷霆数珠*46', '血斛*168', '破损的面具*18', '污秽的面具*30', '不祥的面具*36', '摩拉*2092530']","['风雅的教导*51', '风雅的指引*21', '风雅的哲学*114', '破损的面具*18', '污秽的面具*66', '不祥的面具*89', '灰烬之心*18', '智识之冕*3']","{'终末嗟叹之诗': '提供较高的元素充能效率，能够使九条裟罗更频繁地使用大招进行输出。同时，武器特效增加全队元素精通和攻击力也有助于提高全队的输出。', '天空之翼': '基础攻击力极高的武器，可以进一步提升九条裟罗对其他角色的攻击力加成。', '祭礼弓': '基础攻击力高，同时提供了不错的元素充能效率。', '暗巷猎手': '基础攻击力高，同时武器特效可有效提升速切流九条裟罗的伤害输出能力。', '西风猎弓': '虽然基础攻击力较低，但能够有效缓解全队充能压力。'}","['乌眼', '鸦羽', '心魔', '彻证', '咒咏', '我界']",https://uploadstatic.mihoyo.com/ys-obc/2021/09/01/16314655/5284b4f47bf6d9e9451d79ad5066d744_9148992125502860596.png
4148,久岐忍,雷,稻妻,暂无,烦恼刈除,女,4星,常驻UP,烦恼刈座,蛋包饭,2021年7月27日,暂无,“荒泷派”二把手。脸上戴着一只造型别致的面铠，不苟言笑。很少有人知道，为什么这种级别的人才会跑去混街头帮派。更没有人知道，她面铠下藏着怎样的真容。,character,单手剑,荒泷派,"['最胜紫晶碎屑*1', '最胜紫晶断片*9', '最胜紫晶块*9', '最胜紫晶*6', '符纹之齿*46', '鸣草*168', '浮游干核*18', '浮游幽核*30', '浮游晶化核*36', '摩拉*2092530']","['风雅的教导*9', '风雅的指引*63', '风雅的哲学*114', '浮游干核*18', '浮游幽核*66', '浮游晶化核*93', '祸神之禊泪*18', '智识之冕*3']","{'磐岩结绿': '当且仅当想要极限最大化久岐忍的治疗量时，推荐使用磐岩结绿。', '苍古自由之誓': '久岐忍可较为简单地触发该武器特效的全队加成。同时，该武器提供的元素精通加成也可提升久岐忍的输出能力和治疗量。', '西风剑': '有效缓解全队充能压力，提升久岐忍的循环能力。', '铁蜂刺': '该武器提供的元素精通加成可提升久岐忍的输出能力和治疗量。', '暗铁剑': '该武器提供的元素精通加成可提升久岐忍的输出能力和治疗量。同时，作为三星武器，其养成成本较低，在缺乏养成资源时可优先考虑该武器。'}","['割舍怜悯之心', '割舍侥幸之心', '割舍痛苦之心', '割舍封闭之心', '割舍逢迎之心', '割舍软弱之心']",https://uploadstatic.mihoyo.com/ys-obc/2022/05/10/4328207/33c41932d1b5531ac73bca243c761816_9206912725698153960.png
76,凯亚,冰,蒙德,凯子哥/凯亚·亚尔伯里奇,寒风剑士,男,4星,常驻UP,孔雀羽座,果香串烤,2020年09月15日,护盾、能量回复、冲刺消耗减少、自身治疗、技能延长、自身伤害提升,异国面容的剑斗士，西风骑士团的头脑派人物。,character,单手剑,西风骑士团,"['哀叙冰玉碎屑*1', '哀叙冰玉断片*9', '哀叙冰玉块*9', '哀叙冰玉*6', '极寒之核*46', '嘟嘟莲*168', '寻宝鸦印*18', '藏银鸦印*30', '攫金鸦印*36', '摩拉*2092530']","['诗文的教导*9', '诗文的指引*63', '诗文的哲学*114', '寻宝鸦印*18', '藏银鸦印*66', '攫金鸦印*93', '北风的魂匣*18', '智识之冕*3']","{'风鹰剑': '凯亚的普通攻击伤害在众多角色中名列前茅，同时其自身的冰元素也有助于触发超导反应，因此将其作为物理输出来培养也是一个不错的想法。', '天空之刃': '凯亚的元素爆发具有脱手能力，因此可以作为副c来培养。这时的武器可以选择天空之刃。天空之刃的副属性提供大量的元素充能效率可以有效缩短凯亚元素爆发的空窗期。', '黑剑': '该武器能为物理普攻流凯亚提供普攻/重击的伤害提升，回复血量的武器特效与凯亚的五破天赋相辅相成，锦上添花，大大增加了驻场输出凯亚的生存能力，但基于四星武器的面板短板，物理流凯亚的最优毕业武器还是风鹰剑。'}","['卓越的血脉', '无尽的霜舞', '凛冽的冰戏', '极寒的轻吻', '至冷的拥抱', '轮旋的冰凌']",https://uploadstatic.mihoyo.com/ys-obc/2021/08/23/75276545/60d8b985eef1e6e0e959410893a75dc0_6659933186171988912.png
4781,坎蒂丝,水,须弥,暂无,浮金的誓愿,女,4星,常驻UP,箭盾座,关怀备至,2021年5月3日,暂无,有着琥珀色左眼的赤王后裔，阿如村的守护者，为人温柔和善。在她的守护下，几乎没人能够危害阿如村。,character,长柄武器,阿如村,"['涤净青金碎屑*1', '涤净青金断片*9', '涤净青金块*9', '涤净青金*6', '导光四面体*46', '赤念果*168', '褪色红绸*18', '镶边红绸*30', '织金红绸*36', '摩拉*2092530']","['诤言的教导*9', '诤言的指引*63', '诤言的哲学*114', '褪色红绸*18', '镶边红绸*66', '织金红绸*93', '祸神之禊泪*18', '智识之冕*3']","{'黑缨枪': '提供生命值加成。过渡期可考虑使用；充能压力较低的纯辅助坎蒂丝可考虑使用。', '西风长枪': '有效缓解全队充能效率。', '喜多院十文字': '提高元素充能效率，一定程度上能够提升元素爆发的伤害输出。', '试作星镰': '较有效地缓解自身充能压力。', '护摩之杖': '提高元素充能效率，普通攻击，重击伤害。仅推荐新手过渡期使用。', '和璞鸢': '提高生命值/攻击力/暴击伤害，需要坎蒂丝输出时可以选择。', '决斗之枪': '提供暴击率/攻击力/元素伤害加成，但需要一段时间堆叠加成。坎蒂丝驻场输出时可以选择。'}","['赤沙的归嗣', '贯月的耀锋', '织狩的奉祀', '守戍的誓命', '萦金的苍瞳', '衍溢的汐潮']",https://uploadstatic.mihoyo.com/ys-obc/2022/09/20/4328207/0587df6ac5144c9dd023b0f73ceaf8be_7837788427682725710.png
4333,柯莱,草,须弥,暂无,萃念初蘖,女,4星,常驻UP,薮猫座,口袋饼,2021年5月8日,暂无,活跃于道成林的见习巡林员。积极乐观，热情善良,character,弓,化城郭,"['生长碧翡碎屑*1', '生长碧翡断片*9', '生长碧翡块*9', '生长碧翡*6', '蕈王钩喙*46', '树王圣体菇*168', '牢固的箭簇*18', '锐利的箭簇*30', '历战的箭簇*36', '摩拉*2092530']","['笃行的教导*9', '笃行的指引*63', '笃行的哲学*98','牢固的箭簇*18', '锐利的箭簇*66', '历战的箭簇*93', '祸神之禊泪*18', '智识之冕*3']","{'终末嗟叹之诗': '提供充能效率，技能触发稳定，为全队提供攻击力与元素精通。', '绝弦': '元素精通提高反应系数，技能无条件为元素战技、元素爆发增伤。', '祭礼弓': '双元素战技既可优化充能，也可增加元素反应次数，补充更多伤害。', '西风猎弓': '提供高额充能效率，技能优化全队能量循环。', '风花之颂': '精通数值同绝弦，技能提供攻击力。'}","['巡护深林', '漫行山薮', '夏堇芳菲', '骞林馈遗', '俱象残火', '坠镞为林']",https://uploadstatic.mihoyo.com/ys-obc/2022/08/23/75379475/a0150a8489abc5011a44b4f6419ccec7_2812696932246907984.png
55,可莉,火,蒙德,暂无,逃跑的太阳,女,5星,限定UP,四叶草座,鱼香吐司,2020年10月20日,减防、能量回复、伤害提升、特产探索,西风骑士团禁闭室的常客，蒙德的爆破大师。人称逃跑的太阳。,character,法器,西风骑士团,"['燃愿玛瑙碎屑*1', '燃愿玛瑙断片*9', '燃愿玛瑙块*9', '燃愿玛瑙*6', '常燃火种*46', '慕风蘑菇*168', '导能绘卷*18', '封魔绘卷*30', '禁咒绘卷*36', '摩拉*2092530']","['自由的教导*9', '自由的指引*63', '自由的哲学*114', '导能绘卷*18', '封魔绘卷*66', '禁咒绘卷*93', '北风之环*18', '智识之冕*3']","{'神乐之真意': '增加暴击伤害并提供高额的元素战技伤害加成和元素伤害加成。', '四风原典': '增加暴击率并提供元素伤害加成。', '尘世之锁': '提供较高额的攻击力加成', '流浪乐章': '提供短时间高额加成，比较适合爆发输出型角色', '匣里日月': '提供较高额的元素战技伤害加成', '嘟嘟可故事集': '提供较高额的重击伤害加成和攻击力加成'}","['连环轰隆', '破破弹片', '可莉特调', '一触即发', '轰击之星', '火力全开']",https://uploadstatic.mihoyo.com/ys-obc/2021/06/21/283462834/d2972c634d9d81979774b22b49d1ab01_887661176891008491.png
1058,刻晴,雷,璃月,刻师傅/牛杂师傅,霆霓快雨,女,5星,常驻UP,金紫定垂座,绝境求生烤鱼,2020年09月15日,位移、能量回复、派遣、自身附魔、自身伤害提升,璃月七星之一，玉衡星。对帝君一言而决的璃月颇有微词——但实际上，神挺欣赏她这样的人。,character,单手剑,璃月七星,"['最胜紫晶碎屑*1', '最胜紫晶断片*9', '最胜紫晶块*9', '最胜紫晶*6', '雷光棱镜*46', '石珀*168', '骗骗花蜜*18', '微光花蜜*30', '原素花蜜*36', '摩拉*2092530']","['繁荣的教导*9', '繁荣的指引*63', '繁荣的哲学*114', '骗骗花蜜*18', '微光花蜜*66', '原素花蜜*93', '北风之环*18', '智识之冕*3']","{'磐岩结绿': '副词条优秀，很容易提高面板，对圣遗物压力小，不过相对其他五星来说增伤不是特别明显。', '雾切之回光': '特效很容易触发，且伤害提升明显。适合主要输出雷元素伤害的刻晴使用。', '风鹰剑': '适合物伤向，很高的基础攻击力，特效提供攻击力加成，对敌人造成物理伤害。', '斫峰之刃': '优秀的五星武器，不过需搭配给盾的队友才能很好发挥作用。', '黑剑': '四星里较好用的武器，能够提供暴击率和伤害加成。', '匣里龙吟': '四星里较好用的武器，更适合雷伤向，缺点是面板很难成型，且对无法附着雷元素敌人时较弱。'}","['雷厉', '苛捐', '登楼', '调律', '移灯', '廉贞']",https://uploadstatic.mihoyo.com/ys-obc/2021/08/23/75276545/666155bbd60391341253e4b1daace9d4_2687379046030308520.png
2404,雷电将军,雷,稻妻,雷电影/影/巴尔泽布/雷神,一心净土,女,5星,限定UP,天下人座,团子牛奶,2021年09月01日,加攻、伤害提升、能量回复、冷却缩减、突破返还、自身抗打断、自身伤害提升、感电免疫,其身为御建鸣神主尊大御所大人，许稻妻人民以亘古不变的永恒。,character,长柄武器,万民堂,"['最胜紫晶碎屑*1', '最胜紫晶断片*9', '最胜紫晶块*9', '最胜紫晶*6', '雷霆数珠*46', '天云草实*168', '破旧的刀镡*18', '影打刀镡*30', '名刀镡*36', '摩拉*2092530']","['天光的教导*9', '天光的指引*63', '天光的哲学*114', '破旧的刀镡*18', '影打刀镡*66', '名刀镡*93', '熔毁之刻*18', '智识之冕*3']","{'薙草之稻光': '外观高度适配雷电将军，在提供高额的元素充能效率的同时提升雷电将军对元素充能效率属性的利用能力。', '护摩之杖': '提供攻击力加成和暴击伤害加成，有效提升雷电将军的输出能力', '和璞鸢': '提供攻击力加成、暴击率加成和伤害加成，有效提升雷电将军的输出能力', '天空之脊': '基础攻击力较高，同时能提供一定的元素充能效率和暴击率。武器特效提供的攻击速度能够一定程度上改善雷电将军的手感。', '西风长枪': '提供元素充能效率，同时武器特效能够有效提升雷电将军元素爆发的伤害输出', '决斗之枪': '提供元素充能效率，特效产出的元素能量微粒则能够进一步提升雷电将军回复全队角色的元素能量的能力。'}","['恶曜卜词', '斩铁断金', '真影旧事', '誓奉常道', '凶将显形', '负愿前行']",https://uploadstatic.mihoyo.com/ys-obc/2021/09/01/16314655/4f2125e44d2b9e15611877eda1794ec7_7083452076426995696.png
56,雷泽,雷,蒙德,暂无,狼少年,男,4星,常驻UP,小狼座,爪爪土豆饼,2020年09月15日,减防、冲刺消耗减少、自身伤害提升、自身抗性提高、自身抗打断、感电免疫,住在蒙德地区奔狼领，远离城市与人群，和狼一同生活的少年。直觉锐利，身姿迅捷。,character,长柄武器,稻妻城,"['最胜紫晶碎屑*1', '最胜紫晶断片*9', '最胜紫晶块*9', '最胜紫晶*6', '雷光棱镜*46', '钩钩果*168', '破损的面具*18', '污秽的面具*30', '不祥的面具*36', '摩拉*2092530']","['抗争的教导*9', '抗争的指引*63', '抗争的哲学*114', '破损的面具*18', '污秽的面具*66', '不祥的面具*89', '东风之爪*18', '智识之冕*3']","{'松籁响起之时': '高额基础攻击力与物理伤害加成非常适配雷泽。', '无工之剑': '提供高额攻击力，有效解决雷泽攻击力较低的问题。', '狼的末路': '同上。', '天空之傲': '雷泽可以很好的吃到天空之傲的技能加成', '螭骨剑': '螭骨剑有着优秀的暴击率和四星武器里最高的伤害加成', '试作古华': '古华剑获得门槛低加伤可观，作为过渡选择非常优秀'}","['狼性', '压制', '兽魂', '撕咬', '利爪', '天狼']",https://uploadstatic.mihoyo.com/ys-obc/2021/08/23/75276545/24edfa5586de73329a2b2c5c5d4262a3_3505783202009716970.png
92,丽莎,雷,蒙德,丽莎·敏兹,蔷薇魔女,女,4星,常驻UP,沙漏座,魔法肉酱面,2020年09月15日,减防、炼金返还、自身抗打断,慵懒而博学的图书管理员，须弥教令院两百年一见的天才毕业生。,character,法器,西风骑士团,"['最胜紫晶碎屑*1', '最胜紫晶断片*9', '最胜紫晶块*9', '最胜紫晶*6', '雷光棱镜*46', '落落莓*168', '史莱姆凝液*18', '史莱姆清*30', '史莱姆原浆*36', '摩拉*2092530']","['诗文的教导*9', '诗文的指引*63', '诗文的哲学*114', '史莱姆凝液*18', '史莱姆清*66', '史莱姆原浆*93', '东风之爪*18', '智识之冕*3']","{'神乐之真意': '不错的基础攻击力与暴击伤害副词条，加上非常容易叠加层次的特效，对于主c向来说十分契合。', '天空之卷': '高白值，适合绝大多数法器角色使用。', '四风原典': '仅在丽莎作为站场主输出时推荐使用，速切打法/辅助角色无法吃满武器效果加成。', '匣里日月': '副属性加暴击率，配合短e能获得一定伤害加成，是较为泛用的一把四星武器。', '流浪乐章': '拥有暴击伤害副属性，且特效往往也能提升面板，四星主输出武器首选。', '万国诸海图谱': '提供稳定的元素精通加成，适合丽莎作为元素反应队的辅助时使用。'}","['无限的电回路', '空间电势结界', '谐振的雷光', '如雨的电浆', '等离态的落雷', '脉冲的魔女']",https://uploadstatic.mihoyo.com/ys-obc/2021/08/23/75276545/014d59ec5b78c3499b90f45fc80c00a4_5392359609224242061.png
4197,鹿野院平藏,风,稻妻,暂无,心朝乂安,男,4星,常驻UP,幼鹿座,唯一的真相,2021年7月24日,暂无,天领奉行的少年侦探，自由散漫，开朗活泼。,character,法器,天领奉行,"['自在松石碎屑*1', '自在松石断片*9', '自在松石块*9', '自在松石*6', '符纹之齿*46', '鬼兜虫*168', '寻宝鸦印*18', '藏银鸦印*30', '攫金鸦印*36', '摩拉*2092530']","['浮世的教导*9', '浮世的指引*63', '浮世的哲学*114', '攫金鸦印*93', '万劫之真意*18', '智识之冕*3']","{'神乐之真意': '该武器可提供高额的元素战技伤害加成，对输出伤害中有较高比例源于元素战技的角色的提升非常明显。', '天空之卷': '该武器可提供较为稳定的伤害加成。', '尘世之锁': '该武器可在护盾加持下提供较高的攻击力加成。', '四风原典': '该武器特效可提供元素伤害加成。由于其武器特效需要角色长时间驻场触发，更推荐在大世界/联机战斗中使用。', '匣里日月': '该武器的特效可有效增益鹿野院平藏的所有常用攻击手段。', '流浪乐章': '武器特效可提供持续时间较短的高额伤害加成。', '忍冬之果': '锻造获取，缺乏其他可用武器时的下位替代。'}","['称名少年事件簿', '殊解诸因探案集', '暗文隐语谜题册', '虚言假说百物语', '禁室密所大图鉴', '奇想天开捕物帐']",https://uploadstatic.mihoyo.com/ys-obc/2022/07/09/4328207/cc145e6cd2f0dacb39ce36f7ebf257fc_7138351098291917226.png
4074,旅行者（空）,暂无,暂无,旅行者,旅行者,男/女,5星,常驻UP,旅人座,暂无,2020年09月15日,属性变换、暴击提升、能量回复、自身伤害提升、控制、减抗、自身治疗,从世界之外漂流而来的旅行者，被神带走血亲，自此踏上寻找七神之路。,character,单手剑,暂无,"['璀璨原钻碎屑*1', '璀璨原钻断片*9', '璀璨原钻块*9', '璀璨原钻*6', '风车菊*168', '破损的面具*18', '污秽的面具*30', '不祥的面具*36', '摩拉*2092530', '璀璨原钻碎屑*1']","['诤言的教导*9', '巧思的指引*33', '笃行的指引*12', '诤言的指引*18', '笃行的哲学*60', '孢囊晶尘*93', '诤言的哲学*18', '巧思的哲学*36', '凶将之手眼*6', '浮世的教导*9', '风雅的指引*33', '天光的指引*12', '浮世的指引*18', '天光的哲学*60', '名刀镡*93', '浮世的哲学*18', '风雅的哲学*36', '龙王之冕*6', '自由的教导*12', '抗争的指引*35', '诗文的指引*16', '自由的指引*24', '诗文的哲学*80', '禁咒绘卷*124', '自由的哲学*24', '抗争的哲学*48', '东风的吐息*8', '繁荣的教导*6', '勤劳的指引*22', '黄金的指引*8', '繁荣的指引*12', '历战的箭簇*62', '繁荣的哲学*12', '勤劳的哲学*24', '黄金的哲学*36', '北风之尾*4', '抗争的指引*9']","{'苍古自由之誓': '草元素使用的单手剑。', '雾切之回光': '风，岩，草元素使用的输出单手剑。', '磐岩结绿': '风，岩，草元素使用的输出单手剑。', '天空之刃': '雷元素主角使用的带有充能属性的单手剑。', '西风剑': '雷元素主角使用的带有充能属性的单手剑。风，岩，草元素也可以使用。', '祭礼剑': '雷元素主角使用的带有充能属性的单手剑。风，岩，草元素也可以使用。', '腐殖之剑': '雷元素主角使用的带有充能属性的单手剑。风，岩，草元素也可以使用。', '黑剑': '风，岩，草元素使用的输出单手剑。', '铁蜂刺': '风，草元素使用的带有元素精通属性的输出单手剑。'}",[],https://uploadstatic.mihoyo.com/ys-obc/2022/05/24/4328207/cb560b65a2880d2fa03d1d25faa50805_8382943334706958229.png
4073,旅行者（荧）,暂无,暂无,旅行者,旅行者,男/女,5星,常驻UP,旅人座,暂无,2020年09月15日,属性变换、暴击提升、能量回复、自身伤害提升、控制、减抗、自身治疗,从世界之外漂流而来的旅行者，被神带走血亲，自此踏上寻找七神之路。,character,单手剑,暂无,"['璀璨原钻碎屑*1', '璀璨原钻断片*9', '璀璨原钻块*9', '璀璨原钻*6', '风车菊*168', '破损的面具*18', '污秽的面具*30', '不祥的面具*36', '璀璨原钻碎屑*1']","['诤言的教导*9', '巧思的指引*33', '笃行的指引*12', '诤言的指引*18', '笃行的哲学*60', '孢囊晶尘*93', '诤言的哲学*18', '巧思的哲学*36', '凶将之手眼*6', '浮世的教导*9', '风雅的指引*33', '天光的指引*12', '浮世的指引*18', '天光的哲学*60', '名刀镡*93', '浮世的哲学*18', '风雅的哲学*36', '龙王之冕*6', '自由的教导*12', '抗争的指引*35', '诗文的指引*20', '自由的指引*24', '诗文的哲学*76', '禁咒绘卷*124', '自由的哲学*24', '抗争的哲学*48', '东风的吐息*8', '繁荣的教导*6', '勤劳的指引*22', '黄金的指引*8', '繁荣的指引*12', '历战的箭簇*62', '繁荣的哲学*12', '勤劳的哲学*24', '黄金的哲学*36', '北风之尾*4', '抗争的指引*9']","{'苍古自由之誓': '草元素使用的单手剑。', '雾切之回光': '风，岩，草元素使用的输出单手剑。', '磐岩结绿': '风，岩，草元素使用的输出单手剑。', '天空之刃': '雷元素主角使用的带有充能属性的单手剑。', '西风剑': '雷元素主角使用的带有充能属性的单手剑。风，岩，草元素也可以使用。', '祭礼剑': '雷元素主角使用的带有充能属性的单手剑。风，岩，草元素也可以使用。', '腐殖之剑': '雷元素主角使用的带有充能属性的单手剑。风，岩，草元素也可以使用。', '黑剑': '风，岩，草元素使用的输出单手剑。', '铁蜂刺': '风，草元素使用的带有元素精通属性的输出单手剑。'}",[],https://uploadstatic.mihoyo.com/ys-obc/2022/05/25/16314655/6e51d9aefcd8a391b4e58cff0825eda8_664966728335952334.png
1744,罗莎莉亚,冰,蒙德,修女,棘冠恩典,女,4星,常驻UP,荆冠座,审判的晚宴,2021年04月06日,暴击提升、移速提升、移速提升（天赋）,除了打扮哪里都不像神职人员的修女。冷淡的言行中透着锐利。总是单独行动。,character,长柄武器,西风教会,"['哀叙冰玉碎屑*1', '哀叙冰玉断片*9', '哀叙冰玉块*9', '哀叙冰玉*6', '极寒之核*46', '落落莓*168', '新兵的徽记*18', '士官的徽记*30', '尉官的徽记*36', '摩拉*2092530']","['诗文的教导*9', '诗文的指引*63', '诗文的哲学*114', '新兵的徽记*18', '士官的徽记*66', '尉官的徽记*93', '武炼之魂·孤影*18', '智识之冕*3']","{'天空之脊': '高额白值补足面板，提供充能。', '和璞鸢': '提供暴击率。', '决斗之枪': '提供暴击率。', '西风长枪': '暴击时提供元素微粒充能。', '龙脊长枪': '罗莎莉亚六命效果可以配合冰晶打出不错的伤害。', '宗室猎枪': '提供暴击率。', '流月针': '提高普通攻击造成的伤害。'}","['罪之导引', '无福之地', '告解之仪', '苦痛恩典', '临终祈礼', '代行裁判']",https://uploadstatic.mihoyo.com/ys-obc/2022/02/16/6276411/bdec34acae15315368017c1dbc29e106_1767613545250694082.png
1057,莫娜,水,蒙德,阿斯托洛吉斯·莫娜·梅姬斯图斯,星天水镜,女,5星,常驻UP,映天座,至高的智慧（生活）,2020年09月15日,控制、嘲讽、伤害提升、暴击提升、炼金返还、快速移动、自身伤害提升,神秘的少女占星术士，声称自己是伟大的占星术士莫娜，拥有与名号相符的不俗实力，博学而高傲。,character,法器,蒙德城,"['涤净青金碎屑*1', '涤净青金断片*9', '涤净青金块*9', '涤净青金*6', '净水之心*46', '慕风蘑菇*168', '骗骗花蜜*18', '微光花蜜*30', '原素花蜜*36', '摩拉*2092530']","['抗争的教导*9', '抗争的指引*63', '抗争的哲学*114', '骗骗花蜜*18', '微光花蜜*66', '原素花蜜*93', '北风之环*18', '智识之冕*3']","{'四风原典': '通用的输出型法器，可较为有效地提升莫娜伤害输出', '天空之卷': '同上。', '匣里日月': '可有效提升莫娜的元素战技/元素爆发伤害输出。', '流浪乐章': '流浪乐章的高额爆发加成十分适合莫娜的速切打法', '试作金珀': '在队伍中缺乏能够治疗队友的角色时使用，可使莫娜一定程度上承担治疗队友的任务', '讨龙英杰谭': '可为队友提供较高的攻击力加成，适合莫娜的辅助打法'}","['沉没的预言', '星月的连珠', '不休的天象', '灭绝的预言', '命运的嘲弄', '厄运的修辞']",https://uploadstatic.mihoyo.com/ys-obc/2022/02/16/6276411/d7d8e4a15f70e31a16edaa6d7389437f_2242463119371173498.png
5020,妮露,水,须弥,暂无,莲光落舞筵,女,5星,限定UP,睡莲座,帕蒂沙兰布丁,2021年12月3日,暂无,妮露是“祖拜尔剧场”的明星演员，舞姿娉婷，如睡莲初绽，一尘不染。但她绝非高傲清冷之人，即便只是匆匆的旅者，也会对她纯洁质朴的笑容过目不忘。,character,单手剑,祖拜尔剧场,"['涤净青金碎屑*1', '涤净青金断片*9', '涤净青金块*9', '涤净青金*6', '永续机芯*46', '帕蒂沙兰*168', '蕈兽孢子*18', '荧光孢粉*30', '孢囊晶尘*36', '摩拉*2092530']","['笃行的教导*9', '笃行的指引*63', '笃行的哲学*114', '蕈兽孢子*18', '荧光孢粉*66', '孢囊晶尘*93', '祸神之禊泪*18', '智识之冕*3']","{'圣显之钥': '提升生命值，生命值上限提升元素精通。', '苍古自由之誓': '提升元素精通，队伍攻击力加成。', '磐岩结绿': '提升生命值，暴击率。', '雾切之回光': '提高暴击伤害，元素伤害加成。', '波乱月白经津': '提高暴击率，元素伤害。妮露战技状态的普攻是元素战技伤害，不享受普通攻击加成。', '黎明神剑': '提升元素精通，元素精通提升元素充能效率，队伍其他角色的元素充能效率。', '铁蜂刺': '提升暴击伤害，暴击率。', '腐殖之剑': '提升元素精通，提高角色造成的伤害。'}","['却月的轻舞', '星天的花雨', '倾影的莲步', '挽漪的节音', '翩旋的流光', '断霜的弦歌']",https://uploadstatic.mihoyo.com/ys-obc/2022/10/14/4328207/4507cd1faa4999738dac3d6d5f5d7f94_7463503381974788231.png
78,凝光,岩,璃月,暂无,掩月天权,女,4星,常驻UP,玑衡仪座,乾坤摩拉肉,2020年09月15日,抗性提升、伤害提升、矿物探查,璃月七星中的天权，其名下财富之多，全大陆鲜有人能望其项背,character,法器,璃月七星,"['坚牢黄玉碎屑*1', '坚牢黄玉断片*9', '坚牢黄玉块*9', '坚牢黄玉*6', '玄岩之塔*46', '琉璃百合*168', '新兵的徽记*18', '士官的徽记*30', '尉官的徽记*36', '摩拉*2092530']","['繁荣的教导*9', '繁荣的指引*63', '繁荣的哲学*114', '新兵的徽记*18', '士官的徽记*66', '尉官的徽记*93', '北风的魂匣*18', '智识之冕*3']","{'尘世之锁': '外观高度适配凝光。凝光作为岩属性角色，获得护盾较为容易，能够较有效地利用该武器的特效。', '四风原典': '作为可长时间驻场的角色，凝光较容易享受到四风原典满层数的高额加成，从而大幅提高伤害。', '天空之卷': '凝光的基础攻击力较低，而该武器的高基础攻击力则能弥补这一缺陷。', '匣里日月': '能够提供较高的暴击率并提升元素战技/元素爆发伤害，有效提升速切流凝光的输出能力。', '流浪乐章': '该武器能够提供时间较短但幅度较大的增益效果，可有效提升角色的爆发输出能力。'}","['悬星尽散击云碎', '璇玑合璧镇昆仑', '星罗宿列天权临', '攻守易形著神机', '琼屏千扇正天衡', '七星璨璨凝流光']",https://uploadstatic.mihoyo.com/ys-obc/2021/08/23/75276545/e4e41cdfac3bdc225f0b847f2cc2cd72_5640782607282153058.png
111,诺艾尔,岩,蒙德,女仆/高达,未授勋之花,女,4星,常驻UP,心护座,厚云朵松饼,2020年09月15日,治疗、护盾、烹饪、技能延长、自身伤害提升,西风骑士团的可靠女仆，梦想有天能成为正式的骑士,character,双手剑,西风骑士团,"['坚牢黄玉碎屑*1', '坚牢黄玉断片*9', '坚牢黄玉块*9', '坚牢黄玉*6', '玄岩之塔*46', '落落莓*168', '破损的面具*18', '污秽的面具*30', '不祥的面具*36', '摩拉*2092530']","['抗争的教导*9', '抗争的指引*63', '抗争的哲学*114', '破损的面具*18', '污秽的面具*66', '不祥的面具*89', '东风之爪*18', '智识之冕*3']","{'赤角石溃杵': '该武器提供高额暴击伤害加成，武器特效则能够提升诺艾尔的防御力并进一步提升诺艾尔攻击的伤害，能够最大限度地提升诺艾尔的输出能力。', '无工之剑': '该武器的外观和诺艾尔较为匹配，可提供较高额攻击力加成，适合未满命诺艾尔使用。', '白影剑': '该武器可为诺艾尔提供超高额防御力加成，有效提升诺艾尔的各项能力。而且由于是锻造武器，获取难度和精炼难度比较低。', '螭骨剑': '该武器可提供可观的暴击率加成和伤害加成，可有效提升诺艾尔的伤害输出。'}","['支援就交给我吧', '旋风女仆', '女仆不会受伤', '之后会扫干净的', '骑士团扫除专家', '要一尘不染才行']",https://uploadstatic.mihoyo.com/ys-obc/2021/08/23/75276545/5cd5b91e504b2466197796cb26fcb7be_508847912159113655.png
1056,七七,冰,璃月,暂无,冻冻回魂夜,女,5星,常驻UP,三清铃座,没有未来菜,2020年09月15日,治疗、复活、减攻、能量回复、特产探索、自身伤害提升,药庐“不卜庐”的采药姑娘兼学徒，面色苍白如纸的不死之人。话很少，也没有什么表情。曾因“仙缘”而拥有了被凡间称作僵尸的不死之身，外表永远停留在了逝去那年，年龄不可考。,character,单手剑,不卜庐,"['哀叙冰玉碎屑*1', '哀叙冰玉断片*9', '哀叙冰玉块*9', '哀叙冰玉*6', '极寒之核*46', '琉璃袋*168', '导能绘卷*18', '封魔绘卷*30', '禁咒绘卷*36', '摩拉*2092530']","['繁荣的教导*9', '繁荣的指引*63', '繁荣的哲学*114', '导能绘卷*18', '封魔绘卷*66', '禁咒绘卷*93', '北风之尾*18', '智识之冕*3']","{'斫峰之刃': '提供巨额攻击力加成，能够有效提升七七的治疗量，但无法缓解七七的充能压力。', '祭礼剑': '七七的元素战技的持续时间与满精祭礼剑的被动可以完美适配，保证七七能够持续治疗队友，同时武器提供的元素充能效率可一定程度上缓解七七的充能压力。', '西风剑': '武器副属性提供的元素充能效率和武器特效提供的元素微粒可较为有效地缓解七七的巨大充能压力。', '试作斩岩': '武器的基础攻击力较高，同时武器特效提供攻击力加成，有效提升七七的治疗量'}","['寒苦回向', '冰寒蚀骨', '升天宝诰', '天威压众', '红莲开绽', '起死回骸']",https://uploadstatic.mihoyo.com/ys-obc/2021/08/23/75276545/a08d22cf34d2836519a80a8537fe12c8_7861266877849414180.png
59,琴,风,蒙德,琴团长/琴·古恩希尔德,蒲公英骑士,女,5星,常驻UP,幼狮座,提神醒脑披萨,2020年09月15日,治疗、控制、聚怪、减抗、能量回复、攻速提升、移速提升、伤害减免、元素附着、烹饪,正直严谨的蒲公英骑士，蒙德西风骑士团的代理团长。,character,单手剑,西风骑士团,"['自在松石碎屑*1', '自在松石断片*9', '自在松石块*9', '自在松石*6', '飓风之种*46', '蒲公英籽*168', '破损的面具*18', '污秽的面具*30', '不祥的面具*36', '摩拉*2092530']","['抗争的教导*9', '抗争的指引*63', '抗争的哲学*114', '破损的面具*18', '污秽的面具*66', '不祥的面具*89', '东风之翎*18', '污秽的面具*4', '智识之冕*3']","{'风鹰剑': '外观适配，同时提升较高额攻击加成，提升琴的治疗量', '斫峰之刃': '提供非常高的攻击力加成，有效提升琴的治疗量', '苍古自由之誓': '武器特效可提升琴的队友的输出能力', '天空之刃': '提供元素充能效率加成，缓解自身充能压力', '磐岩结绿': '琴的基础生命值是单手剑中最高的，非常契合该武器的技能，武器副词缀是暴击率，非常适合副C兼奶定位的琴，但不适合只作为奶妈定位的琴。', '天目影打刀': '武器特效提供元素能量回复，有效缓解自身充能压力', '西风剑': '武器特效提供元素能量球，有效缓解全队充能压力', '祭礼剑': '可效提升琴的元素战技释放频率，提升琴对敌人的控制能力，同时缓解充能压力。', '腐殖之剑': '提供元素充能效率加成，缓解自身充能压力，并提升元素战技的输出能力'}","['流转剑脊的暴风', '守护众人的坚盾', '西风吹拂之时', '蒲公英的国土', '须臾一瞬的烈风', '恩眷万民的狮牙']",https://uploadstatic.mihoyo.com/ys-obc/2022/02/16/6276411/a7608c6a588467440f7685a22ab6547c_3946325001679449884.png
4780,赛诺,雷,须弥,暂无,缄秘的裁遣,女,5星,限定UP,金狼座,决斗之魂,2021年6月23日,暂无,教令院的大风纪官，所有风纪官们的首领。拥有的独特幽默感令人印象深刻。,character,长柄武器,缄默之殿,"['最胜紫晶碎屑*1', '最胜紫晶断片*9', '最胜紫晶块*9', '最胜紫晶*6', '藏雷野实*46', '圣金虫*168', '导能绘卷*18', '封魔绘卷*30', '禁咒绘卷*36', '摩拉*2092530']","['诤言的教导*9', '诤言的指引*63', '诤言的哲学*114', '导能绘卷*18', '封魔绘卷*66', '禁咒绘卷*93', '凶将之手眼*18', '智识之冕*3']","{'赤沙之杖': '提供高额暴击率，并有效提升赛诺对元素精通属性的利用率。', '和璞鸢': '提供暴击率/攻击力/元素伤害加成。', '护摩之杖': '提升暴击伤害与攻击力。', '贯虹之槊': '提供高额攻击力加成。使用时建议搭配护盾辅助角色。', '决斗之枪': '提升暴击率和攻击力。', '白缨枪': '提高暴击率，普通攻击伤害。作为三星武器，获取难度和培养成本很低，过渡时可考虑使用。', '黑岩刺枪': '提高暴击伤害，击败敌人可以提高攻击力。仅建议在面对大量脆弱敌人时考虑使用。'}","['立仪·俯览昼冥', '令仪·引谒归灵', '律仪·行度誓惩', '巡仪·蒇护禁罔', '幽仪·逝往星芒', '羽仪·裁落钧衡']",https://uploadstatic.mihoyo.com/ys-obc/2022/09/20/4328207/b3847d2416145eb8bb6343302e2b4dca_6997837798254516316.png
1055,砂糖,风,蒙德,暂无,无害甜度,女,4星,常驻UP,烧瓶座,伍玖叁式营养餐,2020年09月15日,聚怪、控制、伤害提升、精通加成、炼金返还,对万物充满好奇的炼金术士，生物炼金学派的研究者。,character,法器,西风骑士团,"['自在松石碎屑*1', '自在松石断片*9', '自在松石块*9', '自在松石*6', '飓风之种*46', '风车菊*168', '骗骗花蜜*18', '微光花蜜*30', '原素花蜜*36', '摩拉*2092530']","['自由的教导*9', '自由的指引*63', '自由的哲学*114', '骗骗花蜜*18', '微光花蜜*66', '原素花蜜*93', '北风的魂匣*18', '智识之冕*3']","{'祭礼残章': '砂糖的辅助能力与元素精通相关，该武器提供的元素精通可提升砂糖的辅助能力。同时，该武器刷新元素战技冷却的特效可增加砂糖元素战技的释放频率，缓解队伍中风系角色的充能压力。', '万国诸海图谱': '可锻造的提供元素精通的法器，一般在没有祭礼残章时使用。', '讨龙英杰谭': '可提升队友的攻击力，增强砂糖的辅助能力。'}","['堆叠真空域', '不羁型贝特', '零失误少女', '炼金的偏执', '认真普通瓶', '混元熵增论']",https://uploadstatic.mihoyo.com/ys-obc/2021/08/23/75276545/b30efaf1e19725ddda490a2028b17464_6998283335917930867.png
2403,珊瑚宫心海,水,稻妻,心海,真珠之智,女,5星,限定UP,眠龙座,奇策,2021年09月21日,治疗、游泳消耗减少,海衹岛的现人神巫女，统管海祇岛各项事宜的少女。,character,法器,海祇岛,"['涤净青金碎屑*1', '涤净青金断片*9', '涤净青金块*9', '涤净青金*6', '排异之露*46', '珊瑚真珠*168', '浮游干核*18', '浮游幽核*30', '浮游晶化核*36', '摩拉*2092530']","['浮世的教导*9', '浮世的指引*63', '浮世的哲学*114', '浮游干核*18', '浮游幽核*66', '浮游晶化核*93', '狱火之蝶*18', '智识之冕*3']","{'不灭月华': '外观毕业，提高治疗量的同时还提供了一部分伤害和元素能量，非常契合珊瑚宫心海。', '试作金珀': '进一步强化珊瑚宫心海的治疗效果和元素能量回复。', '祭礼残章': '祭礼残章的效果可以让心海的元素战技做到全方位全覆盖。', '讨龙英杰谭': '心海为队伍挂水提供辅助时，讨龙可以提升心海的辅助能力。'}","['决水于溪', '波起云海', '海渚月舟', '月摄千川', '百川集海', '珊瑚一心']",https://uploadstatic.mihoyo.com/ys-obc/2021/09/21/75379475/5f6f5d0c81155aea5c939ba08249e5d5_6649173224604660824.png
3386,申鹤,冰',璃月,连心面,孤辰茕怀,女,5星,限定UP,愁疏座,连心面,2021年3月10日,暂无,身份是虽为人类之身，却是仙家弟子。过去曾生活在远离璃月港的山野之间，以红绳缚魂，修身养性。气质淡雅如仙人，身上似乎藏有某些秘密。,character,长柄武器,留云借风真君洞天,"['哀叙冰玉碎屑*1', '哀叙冰玉断片*9', '哀叙冰玉块*9', '哀叙冰玉*6', '龙嗣伪鳍*46', '清心*168', '骗骗花蜜*18', '微光花蜜*30', '原素花蜜*36', '摩拉*2092530']","['繁荣的教导*9', '繁荣的指引*63', '繁荣的哲学*114', '骗骗花蜜*18', '微光花蜜*66', '原素花蜜*93', '狱火之蝶*18', '智识之冕*3']","{'息灾': '提供高额攻击力加成，角色切换至后台可以获得更高的攻击力加成，非常适合申鹤', '薙草之稻光': '提供较高的元素充能效率加成，并可基于元素充能效率提升申鹤的攻击力。', '护摩之杖': '可提供基于生命值上限的攻击力加成，在生命值低于50%时可提供更高的攻击力加成', '贯虹之槊': '可提供高额的攻击力加成。', '天空之脊': '基础攻击力较高，且能够提供一定的元素充能效率', '和璞鸢': '基础攻击力较高，但不提供额外的攻击力加成', '千岩长枪': '基础攻击力较高，队伍里有其他璃月角色时可进一步提升申鹤攻击力'}","['心斋', '定蒙', '潜虚', '洞观', '化神', '忘玄']",https://uploadstatic.mihoyo.com/ys-obc/2022/01/05/16314655/e2dfeee83654c0a6a7436b7c120c105a_6628180966971160404.png
2123,神里绫华,冰,稻妻,凌华/神里大小姐,白鹭霜华,女,5星,限定UP,雪鹤座,红炉一点雪,2021年07月21日,减防、炼金返还、快速移动、自身附魔、自身伤害提升,稻妻社奉行神里家的大小姐。端庄而文雅，聪慧又坚韧。,character,单手剑,社奉行,"['哀叙冰玉碎屑*1', '哀叙冰玉断片*9', '哀叙冰玉块*9', '哀叙冰玉*6', '恒常机关之心*46', '绯樱绣球*168', '破旧的刀镡*18', '影打刀镡*30', '名刀镡*36', '摩拉*2092530']","['风雅的教导*9', '风雅的指引*63', '风雅的哲学*114', '破旧的刀镡*18', '影打刀镡*66', '名刀镡*93', '血玉之枝*18', '智识之冕*3']","{'雾切之回光': '神里绫华进行冲刺时可附魔其普通攻击，因此佩戴雾切之回光时可以轻松触发第一种特效。同时，神里绫华的元素爆发的伤害会在其释放元素爆发后触发第二、三种特效时计算，所以能够完美获取雾切之回光的加成。因此，雾切之回光是伤害主要来源于元素爆发的神里绫华的最优选择。', '磐岩结绿': '提供高额的暴击率加成和一定的攻击力加成', '斫峰之刃': '神里绫华的主要输出过程中包含大量多段攻击，能够较为有效地触发该武器的特效，大幅提升角色的攻击力。但鉴于神里绫华的元素爆发有快照机制，建议先叠满该武器的特效层数后再启动神里绫华的元素爆发。', '天目影打刀': '武器特效提供的能量回复可有效缓解神里绫华的充能压力', '黑岩长剑': '提供较高的基础攻击力并提升暴击伤害，同时在攻击大量的较脆弱敌人时可有效提升攻击力', '黎明神剑': '提供高额暴击率和暴击伤害，且获取难度和培养成本低'}","['霜杀墨染樱', '三重雪关扉', '花白锦画纸吹雪', '盈缺流返', '花云钟入月', '间水月']",https://uploadstatic.mihoyo.com/ys-obc/2021/07/21/75276545/eaef31b81b190dc676413b099c540526_6543346382757797116.png
3875,神里绫人,水,稻妻,暂无,磐祭叶守,男,5星,限定UP,神守柏座,静寂闲雅,2021年3月26日,暂无,社奉行神里家现任家主。总有办法以周全的手段实现自身目的。不过，鲜少有人知道他如今最在意的“目标”是什么。,character,单手剑,社奉行,"['涤净青金碎屑*1', '涤净青金断片*9', '涤净青金块*9', '涤净青金*6', '排异之露*46', '绯樱绣球*168', '破旧的刀镡*18', '影打刀镡*30', '名刀镡*36', '摩拉*2092530']","['风雅的教导*9', '风雅的指引*63', '风雅的哲学*114', '破旧的刀镡*18', '影打刀镡*66', '名刀镡*93', '凶将之手眼*18', '智识之冕*3']","{'波乱月白经津': '武器特效非常契合绫人的输出模式，能够大幅度提升绫人的输出', '磐岩结绿': '提供大量暴击率并进一步提升神里绫人对生命值的利用效率。', '雾切之回光': '提供暴击伤害和元素伤害加成，绫人的输出模式能触发武器特效，有效地提升神里绫人的输出', '黑剑': '增加暴击率和普通攻击伤害，较为契合神里绫人的输出模式，能够较为有效地提升绫人的输出。', '匣里龙吟': '在队伍中存在可持续向敌人附加雷元素的角色时，能够较为有效地提升绫人的输出。', '天目影打刀': '能够锻造获取的武器副属性为攻击力的单手剑，可作为缺乏更优秀的武器时的下位替代。'}","['镜华风姿', '世有源泉', '无意弄花', '不厌细流', '万水一露', '滥觞无底']",https://uploadstatic.mihoyo.com/ys-obc/2022/03/25/4328207/d16fbf95d62771daa65ab5d04f6abbd5_8453888407594383379.png
4334,提纳里,草,须弥,暂无,浅蔚轻行,男,5星,限定UP,郭狐座,巡林官精选,2021年12月29日,暂无,道成林的巡林官，毕业于须弥教令院阿弥利多学院的生论派植物学学者。,character,弓,化城郭,"['生长碧翡碎屑*1', '生长碧翡断片*9', '生长碧翡块*9', '生长碧翡*6', '蕈王钩喙*46', '月莲*168', '蕈兽孢子*18', '荧光孢粉*30', '孢囊晶尘*36', '摩拉*2092530']","['诤言的教导*9', '诤言的指引*63', '诤言的哲学*114', '蕈兽孢子*18', '荧光孢粉*66', '孢囊晶尘*93', '万劫之真意*18', '智识之冕*3']","{'猎人之径': '44%暴击率撑起了提纳里稀缺的暴击区，技能则可以进一步提高精通的转化率。', '天空之翼': '提供中等暴击率和暴击伤害加成。', '若水': '提供高额暴击伤害加成和通用的伤害加成，但使用时最好靠近敌人。', '阿莫斯之弓': '武器特效能够大幅提升提纳里重击造成的伤害。', '冬极白星': '提供暴击率和高额攻击力加成，有效提升提纳里的伤害输出。', '苍翠猎弓': '提供暴击率，额外伤害效果不明显，精炼带来的增益提升不大。', '绝弦': '元素精通提高反应系数，技能对元素爆发的增伤也还不错。', '风花之颂': '提供元素精通与持续时间较短的攻击力加成，比较适合速切流提纳里使用。', '破魔之弓': '满元素能量时能够大幅提升重击伤害，但获取满额加成的操作将会导致提纳里难以依靠自身元素战技为元素爆发充能。', '试作澹月': '武器特效可提供巨额攻击力加成，但并不是所有敌人都可触发该武器特效。'}","['由根须断定肇始', '由茎干剖析来缘', '由枝节知晓造化', '由片叶管窥枯荣', '由繁花明了悟觉', '由硕实品论应果']",https://uploadstatic.mihoyo.com/ys-obc/2022/08/23/75379475/6953568084aaa02bc7a774430f1f3b56_9172357402103659910.png
2606,托马,火,稻妻,暂无,渡来介者,男,4星,常驻UP,赤楯座,暖意,2021年11月02日,暂无,社奉行神里家的家政官，同时也是活跃在稻妻的“地头蛇”。为人友善又富有亲和力，不论身处何处都能轻易融入人群。乍看似乎是个非常随性的人，实际上却很有责任感。无论对待工作或人际都有着格外认真的一面。,character,长柄武器,社奉行,"['燃愿玛瑙碎屑*1', '燃愿玛瑙断片*9', '燃愿玛瑙块*9', '燃愿玛瑙*6', '阴燃之珠*46', '幽灯蕈*168', '寻宝鸦印*18', '藏银鸦印*30', '攫金鸦印*36', '摩拉*2092530']","['浮世的教导*9', '浮世的指引*63', '浮世的哲学*114', '寻宝鸦印*18', '藏银鸦印*66', '攫金鸦印*93', '狱火之蝶*18', '智识之冕*3']","{'天空之脊': '天空之脊可以为托马提供不俗的元素充能效率，保证元素爆发的释放。', '薙草之稻光': '薙草之稻光可为托马提供大量元素充能效率，并提高整体伤害，保证元素爆发的释放。', '护摩之杖': '护摩之杖可以为托马提供一定生命值，增加元素战技和元素爆发的护盾量，如需佩戴圣遗物请保证足够的元素充能效率。', '喜多院十文字': '喜多院十文字是一把较为契合托马也较容易获得的武器，武器技能所提供的元素能量恢复效果降低了一部分圣遗物充能词条需求，提供的元素精通加成也能提高托马在搭配其他元素角色时，大招后手触发元素反应的伤害。对主要触发烈绽放反应的托马尤其适用。', '西风长枪': '西风长枪的主要作用是是保证元素爆发的循环，佩戴时圣遗物副词条须适当选择暴击率，保证武器回复元素能量技能的触发。', '渔获': '渔获也是相对容易获得的一把四星武器，主词条提供不俗的元素充能效率，武器技能增加元素爆发的暴击率和伤害，是较为契合托马的一把武器。', '黑缨枪': '黑缨枪可为托马提供大量生命值属性，显著提高元素战技和元素爆发的护盾量，但对圣遗物的元素充能效率需求较高。'}","['同袍的义理', '僚佐的才巧', '御敌的执定', '用臣的久计', '野火的豪烈', '炽烧的至心']",https://uploadstatic.mihoyo.com/ys-obc/2021/11/02/16314655/f4b404cae89b96327a5b87500f7833c9_6577116317420146203.png
57,温迪,风,蒙德,巴巴托斯/吟游诗人/卖唱的,风色诗人,男,5星,限定UP,歌仙座,真·风神杂烩菜,2020年09月28日,控制、聚怪、减抗、能量回复、滑翔消耗减少、自身伤害提升,蒙德城诸多吟游诗人中的一位，自由自在地穿行在街头巷尾,character,弓,蒙德城,"['自在松石碎屑*1', '自在松石断片*9', '自在松石块*9', '自在松石*6', '飓风之种*46', '塞西莉亚花*168', '史莱姆凝液*18', '史莱姆清*30', '史莱姆原浆*36', '摩拉*2092530']","['诗文的教导*9', '诗文的指引*63', '诗文的哲学*114', '史莱姆凝液*18', '史莱姆清*66', '史莱姆原浆*93', '北风之尾*18', '智识之冕*3']","{'终末嗟叹之诗': '温迪的元素爆发可以迅速触发被动来提供千年的大乐章团队加成。', '冬极白星': '冬极白星能直接提高伤害，并且还能增加攻击力加成。', '天空之翼': '天空之翼可以提供暴击与爆伤。', '绝弦': '绝弦可以直接增加元素战技与元素爆发的伤害。', '西风猎弓': '有效缓解全队充能压力。', '风花之颂': '释放元素战技可以获得攻击力加成，随后再释放元素爆发即可获得提升，而精通副属性也对温迪有提升。'}","['弦发的苍风', '眷恋的泠风', '千风的诗篇', '自由的凛风', '高天的协奏', '抗争的暴风']",https://uploadstatic.mihoyo.com/ys-obc/2021/08/23/75276545/3008da32b80ba05f243bc2c858b534b5_540461000064419548.png
3275,五郎,岩,稻妻,暂无,戎犬锵锵,男,4星,常驻UP,柴犬座,常胜传说,2021年11月24日,暂无,海祇岛珊瑚宫反抗军的大将。在战场上独当一面，越战越勇，关键时刻非常值得信赖。,character,弓,海祇岛,"['坚牢黄玉碎屑*1', '坚牢黄玉断片*9', '坚牢黄玉块*9', '坚牢黄玉*6', '恒常机关之心*46', '珊瑚真珠*168', '浮游干核*18', '浮游幽核*30', '浮游晶化核*36', '摩拉*2092530']","['天光的教导*9', '天光的指引*63', '天光的哲学*114', '浮游干核*18', '浮游幽核*66', '浮游晶化核*93', '熔毁之刻*18', '智识之冕*3']","{'终末嗟叹之诗': '五郎的定位是后台辅助，该武器的副词条是元素充能效率，可以有效缓解五郎元素爆发80能量需求的充能压力，被动效果也可以在后台触发，为场上主c提供元素精通以及攻击力加成。虽然作为岩系辅助，元素精通对于提升输出没有帮助，但可以增加结晶盾的厚度，再辅以五郎元素爆发吸引结晶盾的效果，可以极大提升主c的生存能力。', '西风猎弓': '西风猎弓作为四星武器较为容易获得甚至高精炼，该武器的被动效果可以有效缓解五郎的充能压力，优化全队的技能循环，但是有一定暴击率的要求。', '祭礼弓': '祭礼弓的优势在于刷新元素战技CD，可以灵活应对机动性较高的敌人，不再画地为牢。而且副属性元素充能效率也可以缓解五郎的充能压力，但如果想较为稳定的刷新CD，还需要高精炼才可以。'}","['犬奔·疾如风', '犬坐·稳如钟', '犬爪·势如火', '犬舐·温如水', '犬突·动如雷', '犬勇·忠如山']",https://uploadstatic.mihoyo.com/ys-obc/2021/12/14/16314655/1535aaa6189d4262445c0a66ead22eb9_8396030312270652951.png
112,香菱,火,卯香菱,蒙德,万民百味,女,4星,常驻UP,长杓座,万民堂水煮鱼,2020年09月15日,加攻、减抗、伤害提升、烹饪,来自璃月，名声在外的少女厨师，对料理之道极具热情，拿手麻辣菜肴堪称一绝。,character,长柄武器,璃月仙人,"['燃愿玛瑙碎屑*1', '燃愿玛瑙断片*9', '燃愿玛瑙块*9', '燃愿玛瑙*6', '常燃火种*46', '绝云椒椒*168', '史莱姆凝液*18', '史莱姆清*30', '史莱姆原浆*36', '摩拉*2092530', '摩拉*2092530']","['勤劳的教导*9', '勤劳的指引*63', '勤劳的哲学*114', '史莱姆凝液*18', '史莱姆清*66', '史莱姆原浆*93', '东风之爪*18', '智识之冕*3']","{'薙草之稻光': '该武器提供的高额元素充能效率加成和攻击力加成适合使用绝缘之旗印四件套的香菱。', '护摩之杖': '该武器提供的暴击伤害加成和攻击力加成可有效提升香菱的伤害输出能力', '和璞鸢': '该武器提供的暴击率/攻击力/伤害加成能够较为有效地提升香菱的输出能力。但需要注意的是，该武器的特效需要角色驻场攻击来堆叠。', '天空之脊': '该武器提供的元素充能效率可一定程度上缓解香菱的充能压力。', '渔获': '香菱伤害来源主要是元素爆发，该武器在副词缀上减少了香菱的充能循环压力，副词缀上提高了元素爆发的伤害，是可肝四星武器里最适合香菱的。', '决斗之枪': '该武器提供的高额暴击率加成和攻击力加成可以有效提升香菱的输出能力。'}","['外酥里嫩', '大火宽油', '武火急烹', '文火慢煨', '锅巴凶猛', '大龙卷旋火轮']",https://uploadstatic.mihoyo.com/ys-obc/2021/08/23/75276545/83a69074378a0837ca65d33e9052d729_6648871595979928785.png
2124,宵宫,火,稻妻,长野原宵宫,琉焰华舞,女,5星,限定UP,琉金座,夏祭游鱼,2021年08月10日,加攻、家园制造相关、自身附魔、自身伤害提升,长野原烟花店店长，夏祭的女王，将人们的愿望寄托于烟花中的能工巧匠。,character,弓,长野原烟花店,"['燃愿玛瑙碎屑*1', '燃愿玛瑙断片*9', '燃愿玛瑙块*9', '燃愿玛瑙*6', '阴燃之珠*46', '鸣草*168', '导能绘卷*18', '封魔绘卷*30', '禁咒绘卷*36', '摩拉*2092530']","['浮世的教导*6', '浮世的指引*63', '浮世的哲学*114', '导能绘卷*18', '封魔绘卷*66', '禁咒绘卷*93', '龙王之冕*18', '智识之冕*3']","{'飞雷之弦振': '该武器副词缀为暴击伤害，非常契合以暴击率为突破属性的宵宫；而且宵宫只需要佩戴追忆之注连四件套，开启元素战技并进行一次普通攻击就可以触发满层特效，层数的持续时间也和宵宫元素战技持续时间相近。是宵宫五星武器中的毕业武器。', '冬极白星': '该武器副词缀为暴击率，且能够提供攻击力加成，缺点是宵宫无法完全触发该武器的特效，只能说是宵宫在五星武器里的一种选择。', '天空之翼': '天空之翼能为宵宫提供比较平衡的双暴面板，缺点是不能为宵宫提供元素增伤，而宵宫自身的增伤区间并不高，只能说是宵宫在五星武器里的一种选择。', '弓藏': '该武器特化了普通攻击输出，而宵宫则是普通攻击特化的角色，该武器对宵宫伤害提升的覆盖率远远超过其他角色，满精的弓藏对宵宫来说仅次于精一的飞雷弓，甚至高于精一的天空之翼。'}","['赤玉琉金', '万灯送火', '鼠火戏法', '花火职人心得', '真夏宵祭锦绘', '长野原龙势流星群']",https://uploadstatic.mihoyo.com/ys-obc/2021/08/10/75276545/43014af35ae9c4cdf19a8323aa04a0a9_2108182380466335233.png
1498,魈,风,璃月,夜叉,护法夜叉,男,5星,限定UP,金翅鹏王座,美梦,2021年02月03日,位移、攀爬消耗减少、自身伤害提升、下落免疫,守护璃月的仙人，夜叉。美号降魔大圣，妙称护法夜叉大将。,character,法器,天领奉行,"['自在松石碎屑*1', '自在松石断片*9', '自在松石块*9', '自在松石*6', '未熟之玉*46', '清心*168', '史莱姆凝液*18', '史莱姆清*30', '史莱姆原浆*36', '摩拉*2092530']","['繁荣的教导*9', '繁荣的指引*63', '繁荣的哲学*114', '史莱姆凝液*18', '史莱姆清*66', '史莱姆原浆*93', '武炼之魂·孤影*18', '智识之冕*3']","{'和璞鸢': '该武器副属性不仅满足了魈暴击率需求，而且堆叠武器技能效果也十分容易，能轻松获得较高攻击力与伤害加成。同时，武器外观也与魈较为适配。', '护摩之杖': '魈开启元素爆发期间会持续损失生命值，更容易从该武器中获取更高的攻击力提升。但低生命值容易使魈被怪物击杀，故在使用该武器时队伍中最好存在护盾角色。', '贯虹之槊': '提供高额攻击力加成，特别是在队伍中有其他角色提供护盾的情况下。', '黑岩刺枪': '攻击大量较脆弱敌人时可为魈提供较高的攻击力加成。', '千岩长枪': '魈作为璃月角色可至少获取一层该武器特效，在队伍中安排更多璃月角色则可进一步提升该武器的效果。', '决斗之枪': '提供高额暴击率与攻击力加成，可有效提高魈的伤害输出。', '白缨枪': '解决了上述武器你一把都没有的问题的绝世好枪。对普攻流魈（一般搭配云堇使用）效果更好。'}","['坏劫·毁坏三界', '空劫·虚空华开敷变', '降魔·忿怒显相', '神通·诸苦灭尽', '成劫·无明增长', '降魔·护法夜叉']",https://uploadstatic.mihoyo.com/ys-obc/2021/08/23/75276545/a02533e3ac055344982bcfd04865ae72_6103227973780149519.png
1291,辛焱,火,璃月,暂无,燥热旋律,女,4星,常驻UP,红檀四弦座,摇·滚·鸡！,2020年12月01日,护盾、减抗、伤害提升、元素附着、烹饪,璃月港唯一的摇滚歌手，以音乐和热情歌颂着对成见的反抗。,character,双手剑,红弦,"['燃愿玛瑙碎屑*1', '燃愿玛瑙断片*9', '燃愿玛瑙块*9', '燃愿玛瑙*6', '常燃火种*46', '琉璃袋*168', '寻宝鸦印*18', '藏银鸦印*30', '攫金鸦印*36', '摩拉*2092530']","['黄金的教导*9', '黄金的指引*57', '黄金的哲学*114', '寻宝鸦印*18', '藏银鸦印*66', '攫金鸦印*93', '黄金的指引*6', '吞天之鲸·只角*18', '智识之冕*3']","{'赤角石溃杵': '爆伤副属性，对防御力普通攻击重击都有加成，虽然对速切向的大招没有直接增益，但高爆伤伤害也不低。目前版本首选(2.4)', '狼的末路': '直接提高攻击力，而且全队都有高额攻击力加成十分好用。', '天空之傲': '该武器能够弥补辛焱白值较低的问题，同时提供一定的充能效率，能够一定程度上提升元素爆发的输出量和释放频率。', '螭骨剑': '最为推荐的四星武器，副词条有用，特效直接加强伤害，自身带盾也并不害怕掉层数。', '白影剑': '对满命辛焱来说能加强盾和重击伤害，如果单纯套盾也能起到很好的作用。', '试作古华': '该武器武器特效造成的伤害属物理伤害，可以受到携带该武器的角色的面板物理伤害加成，刚好契合辛焱的输出方式。', '铁影阔剑': '能加强重击，不过三星终究是过渡用。'}","['绝命的加速', '开场即兴段', '摭分的指法', '节奏的传染', '返场的高呼', '地狱里摇摆']",https://uploadstatic.mihoyo.com/ys-obc/2021/08/23/75276545/a4b09e58a0d52ea0808b4cef5725ac93_6743022430414510479.png
241,行秋,水,璃月,水神,少年春衫薄,男,4星,常驻UP,锦织座,江湖百味,2020年09月15日,治疗、减抗、抗打断、伤害减免、元素附着、炼金返还、自身伤害提升,经常能在书摊看到的少年人。手执长剑，胸中常怀侠义之心。,character,单手剑,飞云商会,"['涤净青金碎屑*1', '涤净青金断片*9', '涤净青金块*9', '涤净青金*6', '净水之心*46', '霓裳花*168', '破损的面具*18', '污秽的面具*30', '不祥的面具*36', '摩拉*2092530']","['黄金的教导*9', '黄金的指引*63', '黄金的哲学*114', '破损的面具*18', '污秽的面具*66', '不祥的面具*89', '北风之尾*18', '智识之冕*3']","{'天空之刃': '高额基础攻击与元素充能非常适合行秋', '磐岩结绿': '能提供不错的输出属性，加强行秋爆发伤害，但缺少充能。', '祭礼剑': '祭礼剑的技能可以让行秋无缝衔接元素爆发'}","['重帘留香', '天青现虹', '织诗成锦', '孤舟斩蛟', '雨深闭门', '万文集此']",https://uploadstatic.mihoyo.com/ys-obc/2021/08/23/75276545/cd48b60376438c60dbaaa8a85e6a480b_2048377578381627282.png
1795,烟绯,火,璃月,暂无,智明无邪,女,4星,常驻UP,法兽座,自有方圆,2021年04月28日,自身体力消耗降低、自身伤害提升、特产探索、自身抗打断、护盾,活跃在璃月港的知名律师咨询师，混有仙兽血脉的精明少女。,character,法器,烟绯律法咨询事务所,"['燃愿玛瑙碎屑*1', '燃愿玛瑙断片*9', '燃愿玛瑙块*9', '燃愿玛瑙*6', '未熟之玉*46', '夜泊石*168', '寻宝鸦印*18', '藏银鸦印*30', '攫金鸦印*36', '摩拉*2092530']","['黄金的教导*9', '黄金的指引*63', '黄金的哲学*114', '寻宝鸦印*18', '藏银鸦印*66', '攫金鸦印*93', '血玉之枝*18', '智识之冕*3']","{'四风原典': '烟绯的驻场输出时间较长，能够较为有效地该武器的特效中获益，特别是在多人联机战斗时。', '尘世之锁': '烟绯解锁第四命之座后，可为自身附加护盾，有效获取该武器的攻击力加成，搭配钟离护盾效果更佳。', '天空之卷': '基础攻击力较高，可有效弥补烟绯基础攻击力低的问题。', '嘟嘟可故事集': '大幅提升重击伤害，对以重击作为主要攻击手段的烟绯的增益明显。', '流浪乐章': '通用的输出型法器，能够有效增幅几乎所有法器角色的伤害输出。'}","['占理不饶人', '最终解释权', '真火炼宝印', '丹书金铁券', '遵法切结书', '是额外条款']",https://uploadstatic.mihoyo.com/ys-obc/2021/08/23/75276545/b8952d8a5d2d266126ce370c4eb78438_4209492093986588378.png
4081,夜兰,水,璃月,沾露虾仁,兰生幽谷,女,5星,限定UP,幽客座,沾露虾仁,2021年4月20日,暂无,自称就职于总务司的神秘人士，却又是总务司名录里的“不存在之人”。神出鬼没，行踪飘忽，变幻无常，这些都是她的标志。,character,弓,岩上茶室,"['涤净青金碎屑*1', '涤净青金断片*9', '涤净青金块*9', '涤净青金*6', '符纹之齿*46', '星螺*168', '新兵的徽记*18', '士官的徽记*30', '尉官的徽记*36', '摩拉*2092530']","['繁荣的教导*9', '繁荣的指引*63', '繁荣的哲学*114', '新兵的徽记*18', '士官的徽记*66', '尉官的徽记*93', '鎏金之鳞*18', '智识之冕*3']","{'若水': '能够最为有效地提升夜兰的伤害输出能力。', '终末嗟叹之诗': '大幅提升元素充能效率，可有效缓解夜兰的充能压力。同时，夜兰的元素战技和元素爆发可迅速触发该武器的特效，提升队友的输出能力。', '西风猎弓': '大幅提升元素充能效率，同时武器特效可提供额外的元素能量微粒，有效缓解夜兰及其队友的充能压力。'}","['与谋者，以局入局', '入彀者，多多益善', '晃盅者，琼畟药骰', '诓惑者，接树移花', '坐庄者，三仙戏法', '取胜者，大小通吃']",https://uploadstatic.mihoyo.com/ys-obc/2022/05/10/4328207/79396e8f1225b66e201036e086dd2d8a_128490390219389789.png
2040,优菈,冰,蒙德,优菈·劳伦斯,浪沫的旋舞,女,5星,限定UP,浪沫座,骇浪派,2021年05月18日,减抗、炼金返还、自身伤害提升、自身抗打断、物理输出,古老家族出身的浪花骑士，西风骑士团游击小队队长。身为旧贵族后裔却加入了堪称死对头的西风骑士团，该事件至今仍是蒙德一大谜团。,character,双手剑,西风骑士团,"['哀叙冰玉碎屑*1', '哀叙冰玉断片*9', '哀叙冰玉块*9', '哀叙冰玉*6', '晶凝之华*46', '蒲公英籽*168', '破损的面具*18', '污秽的面具*30', '不祥的面具*36', '摩拉*2092530']","['抗争的教导*9', '抗争的指引*63', '抗争的哲学*114', '破损的面具*18', '污秽的面具*66', '不祥的面具*89', '龙王之冕*18', '智识之冕*3']","{'松籁响起之时': '该武器具有非常高的白值，副词缀物理伤害加成也十分契合优菈的输出定位。武器特效带来的攻速提升也可以让优菈的元素爆发能量层数有更高的可能性，是最契合优菈的五星大剑。', '天空之傲': '优菈的元素爆发在伤害倍率比例中占比较高，以至于该武器的副词缀对优菈来说不算特别劣势（但比不过输出向词缀是真的），武器特效的真空刃也能够享受物伤加成和敌人物抗降低带来的提升，是优菈五星武器中的一种选择。', '无工之剑': '在护盾保护下时，该武器能够提供高额的攻击力加成，有效提升角色造成的伤害。', '狼的末路': '简单直接的高额攻击力加成，在面对多波怪物时，可以在触发buff情况下让积攒优菈元素爆发，瞬间击败第二波怪物。', '螭骨剑': '螭骨剑的副词条是暴击率，武器特效又可提供全伤害加成，是泛用性和强度都非常高的一把四星大剑。但是需要有护盾类辅助角色来保持层数。', '雪葬的星银': '优菈作为冰属性物理输出大剑角色，与该武器副词缀物理伤害加成相辅相成，且可以很好地发挥该武器的武器效果。'}","['光潮的幻象', '海沫的少女', '劳伦斯的血脉', '自卑者的逞强', '骑士的素质', '高贵者的义务']",https://uploadstatic.mihoyo.com/ys-obc/2021/08/23/75276545/525f808e85fb7a13c37debaf3c7d1463_4010662131576296773.png
3387,云堇,岩,璃月,暂无,红毹婵娟,女,4星,常驻UP,虹章座,云遮玉,2021年5月21日,暂无,“云翰社”现任当家，集剧作与演唱能力于一身的璃月戏曲名角。风格自成一派，雅致柔美，恰如其人。,character,长柄武器,云翰社,"['坚牢黄玉碎屑*1', '坚牢黄玉断片*9', '坚牢黄玉块*9', '坚牢黄玉*6', '兽境王器*46', '琉璃百合*168', '破损的面具*18', '污秽的面具*30', '不祥的面具*36', '摩拉*2092530']","['勤劳的教导*9', '勤劳的指引*63', '勤劳的哲学*114', '破损的面具*18', '污秽的面具*66', '不祥的面具*89', '灰烬之心*18', '智识之冕*3']","{'薙草之稻光': '提供高额元素充能效率。', '天空之脊': '缺乏充能武器时的下位替代。', '决斗之枪': '武器特效在敌人数量较多时能提供一定量的防御力加成，提升云堇元素爆发提供的伤害加成。但由于该武器并不提供元素充能效率，一般仅在充能压力足够低时才考虑使用。', '西风长枪': '武器特效可为全队回复能量，能够降低云堇和队友的充能压力', '喜多院十文字': '武器特效可为自己回复一定量能量，能够降低云堇的充能压力', '试作星镰': '缺乏充能武器时的下位替代。'}","['飞身趟马', '诸般切末', '牙纛探海', '昇堂吊云', '翘楚名坤', '庄谐并举']",https://uploadstatic.mihoyo.com/ys-obc/2022/01/05/16314655/6f4bbe7d060f72a0c84e868887ac7a32_4711867403945994990.png
2125,早柚,风,稻妻,暂无,忍里之貉,女,4星,常驻UP,小貉座,头晕回避术·改,2021年08月10日,治疗、生物亲和、高速移动,属于终末番的忍者。身形小巧，总像没睡饱一样。,character,双手剑,终末番,"['自在松石碎屑*1', '自在松石断片*9', '自在松石块*9', '自在松石*6', '魔偶机心*46', '晶化骨髓*168', '骗骗花蜜*18', '微光花蜜*30', '原素花蜜*36', '摩拉*2092530']","['天光的教导*9', '天光的指引*63', '天光的哲学*114', '骗骗花蜜*18', '微光花蜜*66', '原素花蜜*93', '鎏金之鳞*18', '智识之冕*3']","{'雨裁': '雨裁可以为早柚提供大量元素精通，提高扩散反应的伤害和固有天赋一的全队回复，搭配六命能进一步提高早柚的治疗量。', '试作古华': '试作古华是四星武器中较为万金油的选择，附带的攻击力加成可以提高早柚元素爆发的治疗量。', '狼的末路': '狼的末路可以为早柚提供巨额攻击力，显著提高早柚元素爆发的治疗量，附带的技能还可以为全队提供不俗的攻击力加成。', '祭礼大剑': '祭礼大剑是一把功能向的四星武器，提供元素充能效率，高精炼并且命中怪物可以显著提高大世界的跑图效率。', '桂木斩长正': '桂木斩长正可以为早柚提高大量元素充能效率，保证早柚元素爆发的释放，并增加一些元素战技的伤害。'}","['一心二用之术', '理清逃跑路线', '都交给分身吧', '偷懒的新方法', '快是第一奥义', '呼呼大睡时间']",https://uploadstatic.mihoyo.com/ys-obc/2021/08/10/75276545/4f50355892c08017346ea3ab80071b9c_1725343112540399387.png
1290,钟离,岩,璃月,摩拉克斯/钟老爷子/帝君/岩王帝君,尘世闲游,男,5星,限定UP,岩王帝君座,文火慢炖腌笃鲜,2020年12月01日,治疗、控制、减抗、护盾、护盾强效、锻造返还、自身伤害提升、自身抗打断,"被往生堂请来的神秘客人,知识渊博,对各种事物都颇有见地。",character,长柄武器,璃月港,"['坚牢黄玉碎屑*1', '坚牢黄玉断片*9', '坚牢黄玉块*9', '坚牢黄玉*6', '玄岩之塔*46', '石珀*168', '史莱姆凝液*18', '史莱姆清*30', '史莱姆原浆*36', '摩拉*2092530']","['黄金的教导*9', '黄金的指引*63', '黄金的哲学*114', '史莱姆凝液*18', '史莱姆清*66', '史莱姆原浆*93', '吞天之鲸·只角*18', '智识之冕*3']","{'护摩之杖': '该武器能够同时有效提升钟离护盾的生命值与钟离的输出能力，并进一步增加钟离的生命值转化为输出能力的效率。', '贯虹之槊': '外观毕业。武器特效可大幅提升攻击力，并使钟离自身驻场输出时，护盾强度增加。', '天空之脊': '该武器的副词条所提供的元素充能效率可以有效缩短钟离释放元素爆发的间隔，通过频繁石化来应对一些机动性较强的敌人，为输出主力营造安全的输出环境。', '决斗之枪': '该武器作为纪行武器，整体强度属中上水平，只要是能够输出的长枪角色，解决对应充能问题后，携带该武器都有不错的表现。', '西风长枪': '可缓解全队充能压力，队友对能量需求较大时推荐使用。', '黑缨枪': '副词条增加生命值，适合走纯护盾流的钟离使用。同时，作为三星武器，其养成成本较低，适合过渡使用。'}","['岩者，六合引之为骨', '石者，八荒韫玉而明', '圭璋，暝仍不移其晖', '黄琮，破而不夺其坚', '苍璧，驱之长昭天理', '金玉，礼予天地四方']",https://uploadstatic.mihoyo.com/ys-obc/2021/08/23/75276545/6682780141a9e7788da99c71b1cfd5c3_6751062493374563471.png
644,重云,冰,璃月,暂无,雪融有踪,男,4星,常驻UP,乾坤锋座,山珍凉卤面,2020年09月15日,减抗、元素附魔、冷却缩减、攻速提升、派遣、自身伤害提升,驱邪世家的年轻方士，为压制自身的纯阳之体费尽心机。,character,双手剑,天衡方士,"['哀叙冰玉碎屑*1', '哀叙冰玉断片*9', '哀叙冰玉块*9', '哀叙冰玉*6', '极寒之核*46', '石珀*168', '破损的面具*18', '污秽的面具*30', '不祥的面具*36', '摩拉*2092530']","['勤劳的教导*9', '勤劳的指引*63', '勤劳的哲学*114', '破损的面具*18', '污秽的面具*66', '不祥的面具*89', '东风的吐息*18', '智识之冕*3']","{'狼的末路': '高额攻击加成，是输出角色的优选，触发技能被动也能提供团队收益', '螭骨剑': '螭骨剑能提供高额暴击与不俗的伤害加成'}","['释凌咏冰', '周天运转', '云尽光生', '浮云霜天', '真道正理', '四灵捧圣']",https://uploadstatic.mihoyo.com/ys-obc/2021/08/23/75276545/0bd80f58871b97281be47fcd6e2d7487_1302151446666002486.png
