node1,rel,node2
鹤观,part_of,稻妻
鹤观,part_of,稻妻
鹤观,part_of,稻妻
鹤观,part_of,稻妻
鹤观,part_of,稻妻
鹤观,part_of,稻妻
鹤观,part_of,稻妻
清籁岛,part_of,稻妻
清籁岛,part_of,稻妻
清籁岛,part_of,稻妻
清籁岛,part_of,稻妻
清籁岛,part_of,稻妻
海祇岛,part_of,稻妻
海祇岛,part_of,稻妻
海祇岛,part_of,稻妻
海祇岛,part_of,稻妻
神无冢,part_of,稻妻
神无冢,part_of,稻妻
八酝岛,part_of,稻妻
八酝岛,part_of,稻妻
八酝岛,part_of,稻妻
八酝岛,part_of,稻妻
八酝岛,part_of,稻妻
八酝岛,part_of,稻妻
八酝岛,part_of,稻妻
鸣神岛,part_of,稻妻
鸣神岛,part_of,稻妻
鸣神岛,part_of,稻妻
鸣神岛,part_of,稻妻
鸣神岛,part_of,稻妻
鸣神岛,part_of,稻妻
鸣神岛,part_of,稻妻
鸣神岛,part_of,稻妻
鸣神岛,part_of,稻妻
鸣神岛,part_of,稻妻
鸣神岛,part_of,稻妻
层岩巨渊,part_of,璃月
层岩巨渊,part_of,璃月
层岩巨渊,part_of,璃月
层岩巨渊,part_of,璃月
层岩巨渊,part_of,璃月
层岩巨渊,part_of,璃月
层岩巨渊,part_of,璃月
地下矿区,part_of,璃月
地下矿区,part_of,璃月
地下矿区,part_of,璃月
地下矿区,part_of,璃月
地下矿区,part_of,璃月
地下矿区,part_of,璃月
地下矿区,part_of,璃月
碧水原,part_of,璃月
碧水原,part_of,璃月
碧水原,part_of,璃月
碧水原,part_of,璃月
碧水原,part_of,璃月
碧水原,part_of,璃月
琼玑野,part_of,璃月
琼玑野,part_of,璃月
琼玑野,part_of,璃月
琼玑野,part_of,璃月
珉林,part_of,璃月
珉林,part_of,璃月
珉林,part_of,璃月
珉林,part_of,璃月
珉林,part_of,璃月
珉林,part_of,璃月
珉林,part_of,璃月
珉林,part_of,璃月
璃沙郊,part_of,璃月
璃沙郊,part_of,璃月
璃沙郊,part_of,璃月
云来海,part_of,璃月
云来海,part_of,璃月
云来海,part_of,璃月
龙脊雪山,part_of,蒙德
龙脊雪山,part_of,蒙德
龙脊雪山,part_of,蒙德
龙脊雪山,part_of,蒙德
龙脊雪山,part_of,蒙德
龙脊雪山,part_of,蒙德
坠星山谷,part_of,蒙德
坠星山谷,part_of,蒙德
坠星山谷,part_of,蒙德
坠星山谷,part_of,蒙德
坠星山谷,part_of,蒙德
坠星山谷,part_of,蒙德
坠星山谷,part_of,蒙德
坠星山谷,part_of,蒙德
苍风高地,part_of,蒙德
苍风高地,part_of,蒙德
苍风高地,part_of,蒙德
风啸山坡,part_of,蒙德
风啸山坡,part_of,蒙德
风啸山坡,part_of,蒙德
风啸山坡,part_of,蒙德
风啸山坡,part_of,蒙德
明冠山地,part_of,蒙德
明冠山地,part_of,蒙德
列柱沙原,part_of,须弥
列柱沙原,part_of,须弥
列柱沙原,part_of,须弥
列柱沙原,part_of,须弥
列柱沙原,part_of,须弥
列柱沙原,part_of,须弥
上风蚀地,part_of,须弥
下风蚀地,part_of,须弥
下风蚀地,part_of,须弥
下风蚀地,part_of,须弥
下风蚀地,part_of,须弥
失落的苗圃,part_of,须弥
失落的苗圃,part_of,须弥
阿陀河谷,part_of,须弥
阿陀河谷,part_of,须弥
阿陀河谷,part_of,须弥
善见地,part_of,须弥
善见地,part_of,须弥
善见地,part_of,须弥
二净甸,part_of,须弥
二净甸,part_of,须弥
道成林,part_of,须弥
道成林,part_of,须弥
道成林,part_of,须弥
道成林,part_of,须弥
道成林,part_of,须弥
道成林,part_of,须弥
道成林,part_of,须弥
护世森,part_of,须弥